{
  "within_5_rate": 0.15656295123200895,
  "within_10_rate": 0.31296287670594813,
  "within_15_rate": 0.46380828170850996,
  "outside_15_rate": 0.53619171829149
}