{
  "pearson": 0.3582717239295945,
  "spearman": 0.3129197312503955,
  "top_1000_overlap_count": 44,
  "top_1000_overlap_rate": 0.044
}