{
  "mae_match": true,
  "rmse_match": true,
  "calculated_mae": 17.646684646606445,
  "calculated_rmse": 21.01337842313573
}