{
  "severe_error_rate": 0.53619171829149,
  "very_severe_error_rate": 0.2835250826773487
}