id,name,artists,danceability,energy,loudness,speechiness,acousticness,instrumentalness,liveness,valence,tempo,mode,key,duration_ms,release_date,popularity,duration_min,key_sin,key_cos,dance_energy,positive_energy,acoustic_energy_balance,release_year,decade,cluster
track_0,Song 0,Artist 0,0.4183591010202581,0.2647683066663715,-22.410535171658726,0.05584436228630647,0.335258848055032,0.0819020330158421,0.6346487613679498,0.7727409722082919,80.3880233935632,0,11,234186,1978-01-01,88,3.9031,-0.5000000000000004,0.8660254037844384,0.11076823075559919,0.2045973187033151,0.5587385282123879,1978,1970,4
track_1,Song 1,Artist 1,0.9081071604484287,0.5822918431667388,-22.837614826912006,0.07964905291553204,0.9606250930820227,0.06987296170977751,0.23943950501354316,0.38628526673568575,64.68131797855368,0,4,124257,1990-01-01,78,2.07095,0.8660254037844387,-0.4999999999999998,0.5287833922504289,0.22493075995567777,0.622602842648621,1990,1990,0
track_2,Song 2,Artist 2,0.7221948505396943,0.8769217939300034,-3.7186171648899347,0.014415306609661314,0.23648709432541593,0.015599494428554045,0.6722328540146963,0.3993093110916473,125.8348719460256,0,0,266918,2000-01-01,27,4.448633333333333,0.0,1.0,0.6333084039022794,0.35016303741544114,0.21239895282047755,2000,2000,2
track_3,Song 3,Artist 3,0.6088597115674811,0.7516801489045094,-22.763160204364322,0.049024678748828314,0.4386613991450843,0.05835149851435857,0.5779525002758866,0.13612110445220105,193.62267727941838,0,5,273555,2021-01-01,72,4.55925,0.49999999999999994,-0.8660254037844387,0.45766775865300086,0.10231953206367676,0.3685169448608235,2021,2020,0
track_4,Song 4,Artist 4,0.23261584437607105,0.8178394215966902,-22.1134579422697,0.0424019381061268,0.9930940141085178,0.040662275605389715,0.7592551527881035,0.873125991699573,76.19453131073632,1,7,146558,2012-01-01,1,2.442633333333333,-0.4999999999999997,-0.8660254037844388,0.19024240761875166,0.7140768560326153,0.5483876138904998,2012,2010,3
track_5,Song 5,Artist 5,0.23259534228577225,0.6863171963725384,-7.977450389879053,0.08943731370964587,0.007766323110847725,0.073779079171612,0.356695426817504,0.13193268345089754,192.47702902043147,0,0,163188,1975-01-01,16,2.7198,0.0,1.0,0.15963418320688214,0.0905476694159256,0.011189304606056156,1975,1970,1
track_6,Song 6,Artist 6,0.14937107034296954,0.7161261424208887,-16.95754456893434,0.11826935506050372,0.9285186471841286,0.08810547149463606,0.5464773795879756,0.6333882597037003,162.6706120624931,0,1,264084,1983-01-01,57,4.4014,0.49999999999999994,0.8660254037844387,0.10696852839398999,0.4535858910762909,0.5645705920708459,1983,1980,3
track_7,Song 7,Artist 7,0.8362497239086949,0.8557841298931341,-7.4753938482997455,0.0006115634704485625,0.8590705368923558,0.0008531871735415614,0.398641085609953,0.4218750309225179,149.24983241078286,0,0,153236,2002-01-01,73,2.553933333333333,0.0,1.0,0.7156492423485761,0.361033956261666,0.5009579252245119,2002,2000,2
track_8,Song 8,Artist 8,0.6109477599817275,0.32220452788467546,-28.104381430632827,0.0560459500444768,0.6255781302534321,0.14313167606257016,0.5229415229814076,0.41505745122989807,150.3388857452988,0,4,355281,1976-01-01,8,5.92135,0.8660254037844387,-0.4999999999999998,0.1968501345671125,0.13373339011854601,0.6600431700651618,1976,1970,0
track_9,Song 9,Artist 9,0.7018616911266387,0.5355882176423951,-15.860435383471856,0.002661379202311137,0.7451598437970085,0.12483228618901175,0.387199179505803,0.6615966529154155,175.7418707754795,1,1,165076,1993-01-01,30,2.7512666666666665,0.49999999999999994,0.8660254037844387,0.3759088521819936,0.35434337213314165,0.5818156469773564,1993,1990,2
track_10,Song 10,Artist 10,0.11749682015143209,0.296876403219446,-29.025205594684802,0.03979873036849448,0.8657696419913324,0.0456158139857578,0.19147418481805611,0.11038435936689084,74.96878101317499,1,9,168402,1978-01-01,65,2.8067,-1.0,-1.8369701987210297e-16,0.03488203335627928,0.03277051158052531,0.7446538874868732,1978,1970,4
track_11,Song 11,Artist 11,0.9244233743376952,0.9790245271170158,-28.18305709979472,0.0169580835284943,0.8073546716126245,0.005438853820967645,0.43092306200253566,0.5843352046562912,130.66560529917584,0,9,214467,1980-01-01,87,3.57445,-1.0,-1.8369701987210297e-16,0.9050331569168781,0.5720784974164501,0.45195007881679594,1980,1980,2
track_12,Song 12,Artist 12,0.8075762446803585,0.9402128123210858,-3.7133138530120817,0.018320148226473095,0.8601741513477905,0.1406221758522542,0.44643815107808177,0.7448286073751192,157.59275935650618,1,3,283148,1992-01-01,61,4.719133333333334,1.0,6.123233995736766e-17,0.7592935321746211,0.7002973996373587,0.47777155185758174,1992,1990,2
track_13,Song 13,Artist 13,0.2804882440765347,0.13508986211797025,-25.96188423758974,0.021767242483955857,0.00665269339710731,0.3104992839600694,0.6579528861951208,0.7953914820979348,142.1548623102989,0,0,200337,2017-01-01,18,3.33895,0.0,1.0,0.03789111821801066,0.10744932564641801,0.0469347151123188,2017,2010,1
track_14,Song 14,Artist 14,0.25455122212603554,0.7279619035389627,-14.559800214018704,0.048549550256913064,0.5656808274836148,0.02746363340482561,0.601640529345186,0.20347735045439774,176.58906994326125,0,6,235827,2020-01-01,80,3.93045,1.2246467991473532e-16,-1.0,0.18530359220703815,0.148123759363848,0.43727713737418655,2020,2020,0
track_15,Song 15,Artist 15,0.2558938333754187,0.9234710024999425,-18.07822752457951,0.0203270317391417,0.8995388883170256,0.03908592159756124,0.5478437179560831,0.8576771450703563,70.1180392615892,0,7,326236,1971-01-01,73,5.437266666666667,-0.4999999999999997,-0.8660254037844388,0.23631053484075118,0.7920399729794105,0.49343582797462293,1971,1970,3
track_16,Song 16,Artist 16,0.3586059065156071,0.26071205716332685,-19.927043538493564,0.06596900519963843,0.363108792533829,0.02031116481981208,0.13504032166442942,0.640531482662698,156.69814552988322,0,4,194264,1984-01-01,54,3.2377333333333334,0.8660254037844387,-0.4999999999999998,0.0934928835986036,0.16699428052286783,0.5820712960120039,1984,1980,4
track_17,Song 17,Artist 17,0.5460429668874022,0.6054712551918402,-3.904832975069098,0.02591999393869146,0.4805767543415987,0.08602321026954753,0.5904622179977863,0.8436693207386144,134.7638822538605,1,1,137335,2004-01-01,27,2.2889166666666667,0.49999999999999994,0.8660254037844387,0.3306133205499918,0.5108175225944561,0.4425000622651938,2004,2000,3
track_18,Song 18,Artist 18,0.4671532658457984,0.9147845848533572,-29.367121493510805,0.0035400753206794398,0.2552090510410287,0.01682309705960842,0.4252288672658861,0.4867526453991784,113.08252095719209,1,7,163773,2005-01-01,91,2.72955,-0.4999999999999997,-0.8660254037844388,0.4273446063596387,0.44527381664776083,0.21812839410664286,2005,2000,2
track_19,Song 19,Artist 19,0.34754476916833565,0.13021192094136097,-10.750099100907917,0.07656828242916669,0.9468470348447715,0.04403577526770249,0.7205746520796195,0.5378300105874818,107.63849751276432,0,0,303230,2021-01-01,49,5.053833333333333,0.0,1.0,0.04525447200653087,0.07003187881850852,0.8791033681627127,2021,2020,4
track_20,Song 20,Artist 20,0.6200749605140226,0.7207040378496875,-2.0615614078070372,0.016826694647585693,0.6866177021476493,0.11940654246732532,0.7399032005979072,0.877134449325804,146.916568588387,0,6,148570,1997-01-01,64,2.476166666666667,1.2246467991473532e-16,-1.0,0.4468905278119416,0.632154339366169,0.4878892969134775,1997,1990,3
track_21,Song 21,Artist 21,0.21856978155423556,0.3646406165615702,-13.755122679606583,0.028349245633047145,0.999568269287153,0.08212441845663424,0.0913674429513391,0.8599185890192046,184.7393524501971,1,0,207995,2008-01-01,2,3.4665833333333333,0.0,1.0,0.07969941990766417,0.31356124449271827,0.7327085660761696,2008,2000,4
track_22,Song 22,Artist 22,0.3483229512549354,0.922712613885112,-2.8321486010403376,0.05782963935159129,0.997600194152455,0.048851399685243935,0.6654811702658592,0.45334478603210177,129.46462965415614,1,11,160658,2013-01-01,78,2.6776333333333335,-0.5000000000000004,0.8660254037844384,0.32140198082861793,0.41830695251086747,0.5194985267391979,2013,2010,3
track_23,Song 23,Artist 23,0.41140756679963797,0.9642418381971773,-28.48452150070531,0.02020751043452489,0.6615864011477991,0.05451576160119616,0.07827304281700297,0.29697136847211353,175.4612429707688,0,5,310256,1973-01-01,51,5.170933333333333,0.49999999999999994,-0.8660254037844387,0.3966963884591109,0.286352218227482,0.40692244003087485,1973,1970,0
track_24,Song 24,Artist 24,0.48765948658448055,0.9403971753109561,-17.854993746849317,0.0029124851911949048,0.9014743098949113,0.08257895573292909,0.325377219271267,0.4038533911078377,116.30189345815546,1,5,240640,1979-01-01,9,4.010666666666666,0.49999999999999994,-0.8660254037844387,0.45859360369763663,0.3797825882375614,0.48943361559264126,1979,1970,2
track_25,Song 25,Artist 25,0.7673995671840615,0.5220506528251427,-22.455424062100516,0.02341393964260737,0.986079298452996,0.0005881992940075647,0.45672498171580933,0.39898789567677473,74.33522479104471,0,4,192613,1975-01-01,20,3.2102166666666667,0.8660254037844387,-0.4999999999999998,0.4006214450261713,0.20829189140739018,0.6538419608836323,1975,1970,0
track_26,Song 26,Artist 26,0.26972271483460575,0.867217959380489,-8.806192015558835,0.1445223124584016,0.01627813578468277,0.008176321104909191,0.16107559897034557,0.30818018748451453,68.6108031042094,1,1,178194,1999-01-01,36,2.9699,0.49999999999999994,0.8660254037844387,0.23390838235743233,0.2672593933118172,0.01842466248475841,1999,1990,1
track_27,Song 27,Artist 27,0.5370992726515699,0.8516489646962127,-1.5423843755798465,0.05132403303355561,0.18689737540731544,0.2130802777432289,0.6097353594268077,0.29172164389966987,67.18681198531486,1,1,318579,2015-01-01,14,5.30965,0.49999999999999994,0.8660254037844387,0.4574200394927983,0.24844443600663108,0.17996038138105913,2015,2010,2
track_28,Song 28,Artist 28,0.6035523835327361,0.38399942118649755,-22.560628189116812,0.055657748434752075,0.4925606650451899,0.008107881576375629,0.05626602812910393,0.8249566428317474,113.22101987407379,1,8,231872,2004-01-01,86,3.864533333333333,-0.8660254037844385,-0.5000000000000004,0.23176376593230164,0.3167828733513472,0.5619239466386706,2004,2000,4
track_29,Song 29,Artist 29,0.13948285081199807,0.8377347719941028,-11.02893655725184,0.05002196783680693,0.584586702042852,0.12269125744285758,0.17644928632552764,0.1128757286161955,107.21328511701789,1,4,285031,2018-01-01,77,4.750516666666667,0.8660254037844387,-0.4999999999999998,0.11684963422207667,0.09455992277595678,0.41100855306295564,2018,2010,0
track_30,Song 30,Artist 30,0.6164131241162226,0.13293679489678845,-24.255168649967537,0.011094225896438631,0.7074358748817184,0.2526205809496616,0.4855976223901068,0.6598500638896347,160.51118330715974,0,4,304144,2012-01-01,78,5.069066666666667,0.8660254037844387,-0.4999999999999998,0.08194398505232689,0.08771835260592913,0.8418110899026308,2012,2010,4
track_31,Song 31,Artist 31,0.2449455051341978,0.6306801918490272,-13.605422617423311,0.027092932275544615,0.920240070805361,0.03156476278264864,0.5857906715279693,0.20553804631080708,163.99501022188122,0,6,296660,1979-01-01,73,4.944333333333334,1.2246467991473532e-16,-1.0,0.15448227817059276,0.12962877447957405,0.5933506058395113,1979,1970,0
track_32,Song 32,Artist 32,0.15529385403748758,0.30470786518605575,-16.545957886038252,0.0695030319049337,0.8980061079109203,0.04628158228253819,0.7374823270204371,0.36005530405465686,67.11955563672358,1,5,291605,2022-01-01,8,4.860083333333334,0.49999999999999994,-0.8660254037844387,0.047319258740277786,0.10971168304741069,0.7466491463048521,2022,2020,4
track_33,Song 33,Artist 33,0.9065527066653332,0.20730452834177815,-1.811845440685424,0.005344356102718183,0.41198140772090647,0.08414648524741813,0.579122488950968,0.10538873072135317,90.95725680446209,0,1,228558,2001-01-01,43,3.8093,0.49999999999999994,0.8660254037844387,0.18793248127221926,0.021847561114728783,0.6652512490255494,2001,2000,0
track_34,Song 34,Artist 34,0.9207872281133754,0.16848834944999616,-12.35270909180247,0.01627631248216475,0.9301327695050553,0.21346073319931122,0.5538344526911495,0.2929762731699158,98.39665902224596,1,10,188582,2011-01-01,38,3.1430333333333333,-0.8660254037844386,0.5000000000000001,0.15514192025945972,0.04936308869441031,0.8466357571516457,2011,2010,4
track_35,Song 35,Artist 35,0.7871377458989919,0.7196970105315443,-19.864315209482257,0.0161702370654051,0.044627279515181466,0.2845685786020836,0.3457558597629982,0.7415789640055179,136.6656777799933,1,0,312815,2011-01-01,4,5.213583333333333,0.0,1.0,0.5665006826000428,0.533712163467851,0.058387809609771316,2011,2010,2
track_36,Song 36,Artist 36,0.3589217037973651,0.40248871775357886,-26.69122223824993,0.028283359202299047,0.9972018256755109,0.13453952423210586,0.05096331914510106,0.8465137920925327,80.23213134697303,0,4,295590,1972-01-01,24,4.9265,0.8660254037844387,-0.4999999999999998,0.1444619363353313,0.34071225074004313,0.7124439883608045,1972,1970,4
track_37,Song 37,Artist 37,0.1830212969054263,0.7450424266605977,-25.6138419666869,0.1965316066639828,0.8222691126407755,0.009060301285840528,0.14011944405171645,0.24937443671213033,78.75177071600005,0,3,263775,1995-01-01,55,4.39625,1.0,6.123233995736766e-17,0.13635863117698854,0.18579453547512523,0.5246363389699547,1995,1990,0
track_38,Song 38,Artist 38,0.6815980725353333,0.15816714331105872,-23.46580903141418,0.0034944429248061496,0.33728311588627174,0.11061027387808259,0.45091590856702934,0.4671930553330296,192.13044448911413,0,11,169456,1984-01-01,89,2.8242666666666665,-0.5000000000000004,0.8660254037844384,0.10780642001923746,0.07389459093679068,0.6807594281477791,1984,1980,4
track_39,Song 39,Artist 39,0.4741296196786611,0.3806084006692432,-22.72196682113136,0.03656332843529737,0.027347431790267183,0.05281476574635663,0.5563474143833148,0.4732916431434857,172.58840702168933,1,2,175491,1986-01-01,63,2.92485,0.8660254037844386,0.5000000000000001,0.18045771625581172,0.18013877534696027,0.06703511159598341,1986,1980,1
track_40,Song 40,Artist 40,0.203732499618062,0.5801472502140501,-5.332134322607004,0.009883823033775566,0.9885321426632815,0.06362017884461856,0.36308621292234683,0.8362177751837607,85.29168629276384,0,1,128043,1996-01-01,71,2.13405,0.49999999999999994,0.8660254037844387,0.11819484943265368,0.48512944285296955,0.6301679724893351,1996,1990,3
track_41,Song 41,Artist 41,0.5209003735945796,0.8037436167066775,-13.724539139806776,0.1764683792612887,0.6867681185315232,0.0050397264726450165,0.5980092586462927,0.7365191475882248,116.91949310676873,0,9,223212,1987-01-01,85,3.7202,-1.0,-1.8369701987210297e-16,0.4186703502167669,0.591972563456279,0.4607596448491733,1987,1980,3
track_42,Song 42,Artist 42,0.12923024294793564,0.38368972760954223,-14.821663570143373,0.006012626257777126,0.9078402317042351,0.021203317494335384,0.44139672149913406,0.5117694965312448,109.78707989605917,0,1,188340,2020-01-01,51,3.139,0.49999999999999994,0.8660254037844387,0.049584316715608395,0.1963606987229459,0.7029179015473181,2020,2020,4
track_43,Song 43,Artist 43,0.8729223417669647,0.657043325028938,-26.671702715792694,0.025842268838986937,0.16578824333772738,0.15630964941573577,0.10563214669573416,0.653672480424596,170.740570369157,0,3,261248,1988-01-01,88,4.354133333333333,1.0,6.123233995736766e-17,0.5735477979266135,0.42949114001808997,0.20148478525445274,1988,1980,2
track_44,Song 44,Artist 44,0.31996298436001436,0.8885201959302066,-5.055948892866386,0.06694859411838541,0.9972795549871001,0.06050609087312271,0.1940121882259616,0.8126195485184301,131.4298083069371,1,1,255008,1981-01-01,75,4.250133333333333,0.49999999999999994,0.8660254037844387,0.2842935735539736,0.7220288804663115,0.5288361214735944,1981,1980,3
track_45,Song 45,Artist 45,0.6631439417008846,0.6481182374822511,-9.038385206953972,0.0609635324351578,0.5595887602176718,0.03590523987477106,0.6799986674329572,0.05858505862299045,77.89896317908538,1,3,151174,1993-01-01,8,2.5195666666666665,1.0,6.123233995736766e-17,0.42979568269221,0.037970044937526926,0.4633477308119242,1993,1990,0
track_46,Song 46,Artist 46,0.3649544146759993,0.30733393253073404,-28.037617504899956,0.027472141150995485,0.37348905456405673,0.04845392801568471,0.5936845599683297,0.4126010279450437,163.45888884187414,1,2,202632,1974-01-01,9,3.3772,0.8660254037844386,0.5000000000000001,0.11216287545682711,0.1268062964845736,0.548583865497759,1974,1970,4
track_47,Song 47,Artist 47,0.5420578180011392,0.12171669558531885,-9.472782180336708,0.02127248644659102,0.7564612172887625,0.19268888006817328,0.7210714902593713,0.8665188505493707,115.56431695148865,1,8,208768,1993-01-01,9,3.4794666666666667,-0.8660254037844385,-0.5000000000000004,0.06597748642328682,0.10546981115125816,0.861397610668008,1993,1990,4
track_48,Song 48,Artist 48,0.5647037374417877,0.8743879977718276,-14.237391697063265,0.0253427075717063,0.03863644761673681,0.13822984251367285,0.13816793684070244,0.7162817277595562,96.80939466850059,1,6,245775,1996-01-01,72,4.09625,1.2246467991473532e-16,-1.0,0.4937701703159926,0.6263081457762237,0.04231694506640388,1996,1990,2
track_49,Song 49,Artist 49,0.25712628719669794,0.11892977565684457,-27.62996497334343,0.015345029413501968,0.23760934580671436,0.03178875625462011,0.7926669009613054,0.5385572369006671,112.56980708290082,1,10,228177,2017-01-01,61,3.80295,-0.8660254037844386,0.5000000000000001,0.030579971651780672,0.06405049136296644,0.6664308769272684,2017,2010,4
track_50,Song 50,Artist 0,0.9241469335998748,0.8784844886889375,-16.709281395668963,0.011491602143566875,0.9999858677954616,0.012499857540334466,0.2070550354624502,0.52668007433162,129.6859189049655,1,11,145909,1999-01-01,89,2.4318166666666667,-0.5000000000000004,0.8660254037844384,0.8118487464369354,0.46268027580186477,0.5323402267186855,1999,1990,2
track_51,Song 51,Artist 1,0.7588628998569473,0.5707540492842187,-15.943807673228637,0.03298945959341901,0.6090395067599589,0.029034992352929848,0.05883490721498151,0.362993087843994,108.03617229838133,0,2,164158,1984-01-01,98,2.7359666666666667,0.8660254037844386,0.5000000000000001,0.4331240729449172,0.20717977474914168,0.5162250526075096,1984,1980,0
track_52,Song 52,Artist 2,0.8985741003295608,0.9357702516764775,-25.192538335265002,0.015635210297696756,0.5216972115765067,0.25352292708595753,0.7980672042901656,0.518468480277363,93.8668081628461,1,7,259438,2016-01-01,90,4.323966666666666,-0.4999999999999997,-0.8660254037844388,0.8408589120153575,0.48516738027546885,0.35794751291709537,2016,2010,2
track_53,Song 53,Artist 3,0.8606032478635015,0.8109170798385622,-2.5747537369918128,0.01694607823168569,0.9992514065397188,0.08712906884079193,0.26080541408383484,0.6398448795171079,115.79028403255725,1,8,336197,2007-01-01,59,5.603283333333334,-0.8660254037844385,-0.5000000000000004,0.697877872657053,0.5188611412476698,0.5520209096767968,2007,2000,2
track_54,Song 54,Artist 4,0.6082149819894224,0.9881613583746703,-5.350714227060806,0.053465694969159205,0.8353669768302294,0.07624548346102644,0.5510145893844199,0.4265267345859137,62.68420750498576,1,6,305409,2013-01-01,94,5.09015,1.2246467991473532e-16,-1.0,0.6010145427864932,0.421477237431529,0.45810449039821116,2013,2010,2
track_55,Song 55,Artist 5,0.8835930997696493,0.41213351575202206,-10.598352217455858,0.17294767846531578,0.5881023926296751,0.09073151325819924,0.1825117356322289,0.6927378317529566,168.14969845348395,1,5,244296,2003-01-01,18,4.0716,0.49999999999999994,-0.8660254037844387,0.36415833070229275,0.28550047809477874,0.5879630992433358,2003,2000,0
track_56,Song 56,Artist 6,0.17521862674413158,0.7827975771487029,-16.59342873098239,0.04627126634713337,0.866415363592369,0.04557509087351677,0.4851713991493563,0.8251090045343472,83.932285099462,0,3,179331,1996-01-01,37,2.98885,1.0,6.123233995736766e-17,0.13716071648662911,0.6458933296330651,0.5253504970998769,1996,1990,3
track_57,Song 57,Artist 7,0.2665854330562734,0.45771851311222556,-18.05879929404925,0.004005189942997255,0.012729471312746337,0.1645619753301989,0.7280262398409195,0.18921636336637504,66.14664590828922,1,4,313269,1989-01-01,5,5.22115,0.8660254037844387,-0.4999999999999998,0.12202108803589622,0.08660783249655978,0.027058133260305633,1989,1980,1
track_58,Song 58,Artist 8,0.13844319557395734,0.5270893020704789,-11.121769452622328,0.003929633724427554,0.06208412712302444,0.07408390715827051,0.29013587557132897,0.4563923205356819,151.51781700671108,1,7,323114,2010-01-01,14,5.385233333333334,-0.4999999999999997,-0.8660254037844388,0.07297192733148399,0.24055950970147885,0.10537478214729863,2010,2010,1
track_59,Song 59,Artist 9,0.3765307811487747,0.6584798622643494,-14.182475787199742,0.15123048287162152,0.9999999324791409,0.012414461829769187,0.5526904820332694,0.41721808215657297,168.3510580353141,0,2,301996,2001-01-01,92,5.033266666666667,0.8660254037844386,0.5000000000000001,0.24793793690913304,0.27472970527265617,0.6029614184551388,2001,2000,0
track_60,Song 60,Artist 10,0.43037569623605976,0.8775726316258414,-28.194079929425317,0.017640605735917973,0.7995257263802935,0.013818807510768479,0.1909276915988124,0.6687183236447553,173.93607842299804,1,1,279914,1973-01-01,46,4.665233333333333,0.49999999999999994,0.8660254037844387,0.3776859323336827,0.586848899097349,0.4767312816402431,1973,1970,3
track_61,Song 61,Artist 11,0.33064667700781153,0.9758342875873727,-15.137423185660381,0.004829233816040338,0.9974379766655055,0.0769724051944379,0.518596549039044,0.2748807187321364,129.091285572484,1,2,268530,1974-01-01,44,4.4755,0.8660254037844386,0.5000000000000001,0.3226563645010499,0.26823803033547927,0.5054738209525967,1974,1970,0
track_62,Song 62,Artist 12,0.8044268827791399,0.7837633383394211,-6.614295100247656,0.045695252387941206,0.9733929590241674,0.275782178131858,0.3023377638631326,0.6262258234570486,88.75154585659794,1,11,207367,2022-01-01,4,3.4561166666666665,-0.5000000000000004,0.8660254037844384,0.6304802990969529,0.4908128419470494,0.553958920174438,2022,2020,2
track_63,Song 63,Artist 13,0.40324032768955087,0.4718124361289271,-16.682043549688217,0.0488616235650292,0.6760112785429625,0.03686782992235956,0.20840619394096377,0.8397403175583392,163.21187481497574,1,6,185382,1977-01-01,77,3.0897,1.2246467991473532e-16,-1.0,0.19025380135263384,0.39619992494287887,0.5889499240624063,1977,1970,3
track_64,Song 64,Artist 14,0.33879433323427366,0.4750077320265925,-28.493259250926215,0.05227796404115659,0.7092515973047887,0.20366975721761565,0.28488653802772634,0.4263184398142604,157.9598308016072,1,7,194319,1991-01-01,52,3.23865,-0.4999999999999997,-0.8660254037844388,0.16092992785307395,0.2025045552172872,0.5988983838589134,1991,1990,4
track_65,Song 65,Artist 15,0.5612916706845111,0.7564482484141134,-7.197932217863041,0.015557909833478299,0.8649172621828887,0.14443285838790795,0.18413080138084953,0.869914129981298,94.47790277444426,1,0,131170,2011-01-01,65,2.186166666666667,0.0,1.0,0.4245881011387298,0.6580450198950403,0.5334495664798321,2011,2010,3
track_66,Song 66,Artist 16,0.21978559122854824,0.3125116597337891,-24.160450318056743,0.0007613006942445557,0.9139259741398167,0.028476957510200764,0.7264370808784122,0.9438473650401306,186.47708582079102,1,6,239952,1976-01-01,61,3.9992,1.2246467991473532e-16,-1.0,0.06868555990040573,0.2949633065840547,0.7451868759656213,1976,1970,4
track_67,Song 67,Artist 17,0.7818674336409337,0.19832196068694125,-22.499995788246878,0.16764232206039817,0.4107927168852005,0.00370175202151218,0.3478901647378466,0.14548284495315686,74.61200413159605,0,8,200145,1991-01-01,22,3.33575,-0.8660254037844385,-0.5000000000000004,0.1550614824369369,0.02885244305742434,0.6744083792467277,1991,1990,0
track_68,Song 68,Artist 18,0.1633680471278052,0.4156137203002911,-25.22351575046342,0.014443675475963293,0.3396682745709492,0.010741514178209677,0.2339594787307755,0.25974786918637277,197.5763535427856,0,11,225626,2015-01-01,43,3.7604333333333333,-0.5000000000000004,0.8660254037844384,0.0678980018449804,0.10795477825262173,0.4497231857164418,2015,2010,1
track_69,Song 69,Artist 19,0.9388538961104397,0.3556427025721327,-20.42376311872657,0.05635464512230805,0.5334657863058359,0.13037707967543996,0.38630588076194966,0.9053417763338838,180.43469353684503,1,2,296014,1999-01-01,51,4.933566666666667,0.8660254037844386,0.5000000000000001,0.33389653693309307,0.32197819608683775,0.6000001045754835,1999,1990,2
track_70,Song 70,Artist 20,0.7564080539021588,0.36371422720583124,-8.054206335029583,0.06131601122250381,0.2639334386929507,0.022273080905482454,0.2904021251048717,0.9124949178332481,156.30581036707053,0,2,339643,2006-01-01,45,5.660716666666667,0.8660254037844386,0.5000000000000001,0.27511637077729045,0.3318873838689683,0.4205114310487741,2006,2000,3
track_71,Song 71,Artist 21,0.2689083293040465,0.3079108984344199,-14.937810074385817,0.04708137790959099,0.8240391414888778,0.04640548312913647,0.6083144403599945,0.13793654784808262,191.4249843591766,1,7,136208,1985-01-01,18,2.2701333333333333,-0.4999999999999997,-0.8660254037844388,0.0827998052725078,0.042472166374845466,0.7279812575150915,1985,1980,4
track_72,Song 72,Artist 22,0.10469379955506204,0.13746293877636206,-24.058443049629336,0.018764309924204463,0.04248542569793871,0.06965513000185244,0.7784149339141209,0.06349865033942301,161.1235635653191,0,3,286250,1984-01-01,87,4.770833333333333,1.0,6.123233995736766e-17,0.014391517358502215,0.008728711083989727,0.2360965587294764,1984,1980,1
track_73,Song 73,Artist 23,0.793142214186609,0.11590780191273829,-4.542927733590815,0.0158106795516283,0.046899848756294694,0.12926880628254264,0.3785252425232351,0.19499002093078,86.66397958420643,1,7,330244,1974-01-01,83,5.504066666666667,-0.4999999999999997,-0.8660254037844388,0.09193137065057212,0.022600864721005542,0.2880673020970825,1974,1970,1
track_74,Song 74,Artist 24,0.7008287422704745,0.9790729268650681,-4.492126206405654,0.045523918161017946,0.4948428954650138,0.012017101076727734,0.6957750499791804,0.9464115050440234,121.90185933579365,0,4,260111,1972-01-01,46,4.335183333333333,0.8660254037844387,-0.4999999999999998,0.686162447925918,0.9266058822622261,0.3357332571065495,1972,1970,2
track_75,Song 75,Artist 25,0.7196560928348392,0.4807180890249175,-4.753225673665799,0.10053147087469952,0.31914159103007433,0.05214929938474137,0.4743973051697146,0.21199965494961814,70.01042340642896,1,2,134990,1992-01-01,90,2.249833333333333,0.8660254037844386,0.5000000000000001,0.34595170170270256,0.10191206900132234,0.3989964739961124,1992,1990,0
track_76,Song 76,Artist 26,0.7555797946830538,0.44205071597211676,-23.07490986993536,0.14662259804712816,0.9167056698236218,0.06637299594914071,0.1679267488206751,0.5022928460498208,114.55203912033616,0,3,257513,1979-01-01,51,4.291883333333334,1.0,6.123233995736766e-17,0.3340045892137089,0.22203891222399552,0.6746647189606738,1979,1970,0
track_77,Song 77,Artist 27,0.1629379539739768,0.7048860815968322,-16.914059018751345,0.005597207257871357,0.00808536472166813,0.07783283729338986,0.5679670565610062,0.81357595378746,163.8244227632092,0,3,325293,1974-01-01,23,5.42155,1.0,6.123233995736766e-17,0.11485269592012151,0.573478366146648,0.011340360715785952,1974,1970,3
track_78,Song 78,Artist 28,0.4046958692626317,0.2942459601999071,-1.435299971914624,0.00841079234315485,0.3401132163650853,0.17057321038928244,0.43507587284436505,0.0683614496193857,114.10206913031443,1,7,249327,1992-01-01,16,4.15545,-0.4999999999999997,-0.8660254037844388,0.11908012464011913,0.02011508038391372,0.536151588529359,1992,1990,4
track_79,Song 79,Artist 29,0.19848870059636026,0.9454654537157006,-7.6116381870102785,0.14478191298494597,0.9493886284070124,0.018835354677357127,0.5379548924390776,0.5940400840326135,106.24118456553877,1,5,199314,1984-01-01,88,3.3219,0.49999999999999994,-0.8660254037844387,0.1876642093667776,0.5616443775752079,0.5010349537355959,1984,1980,3
track_80,Song 80,Artist 30,0.8336379119942544,0.7998470628298413,-29.212144784458765,0.06669178069043613,0.01669683127969109,0.16493824369740898,0.7172655594287487,0.29932290398266187,143.34980115144367,0,6,297031,1987-01-01,45,4.950516666666666,1.2246467991473532e-16,-1.0,0.6667828353722062,0.2394125455882307,0.0204481485343185,1987,1980,2
track_81,Song 81,Artist 31,0.6298034078034241,0.17957579205791097,-28.109066853445732,0.10727642831722235,0.048513303801132564,0.1180511608794534,0.3803259279920345,0.8261014247957584,182.10863405984531,0,8,146862,1994-01-01,63,2.4477,-0.8660254037844385,-0.5000000000000004,0.1130974457970714,0.1483478176778671,0.2126936008265484,1994,1990,1
track_82,Song 82,Artist 32,0.3812633211247518,0.4716468904485862,-16.54599007244235,0.011321988527499605,0.5391516323721064,0.08116397998589238,0.7258832174130168,0.30511503433767123,66.66164695645574,1,5,278345,1977-01-01,94,4.639083333333334,0.49999999999999994,-0.8660254037844387,0.17982165985058995,0.14390655717447623,0.5333912612736239,1977,1970,4
track_83,Song 83,Artist 33,0.1540245977431201,0.8824152937303266,-3.632614030014757,0.04428636336323545,0.6947446284493369,0.12024002760720882,0.6130017607112412,0.668080148253718,113.96586085796295,0,2,213949,2000-01-01,27,3.5658166666666666,0.8660254037844386,0.5000000000000001,0.13591366065919072,0.5895241402567046,0.44050332383913493,2000,2000,3
track_84,Song 84,Artist 34,0.3643349734583129,0.9408114998393552,-14.377647859371287,0.06038893427855407,0.03142798340273284,0.053105849982371195,0.41645369440848856,0.6567976692026573,82.15370385413678,1,2,293572,1990-01-01,49,4.8928666666666665,0.8660254037844386,0.5000000000000001,0.34277053282324704,0.6179228002535446,0.03232531862686001,1990,1990,3
track_85,Song 85,Artist 35,0.376405823722735,0.5159873450123841,-15.563437267005584,0.05698919931745888,0.8443215194698759,0.014896135134272796,0.5024166017434728,0.24934419397367596,157.34959510246176,0,10,250223,1971-01-01,63,4.1703833333333336,-0.8660254037844386,0.5000000000000001,0.1942206416298935,0.12865844864272996,0.6206832292517621,1971,1970,0
track_86,Song 86,Artist 36,0.7201652515873544,0.6459361363975299,-26.941262701257713,0.026225245575197172,0.006919051989815879,0.10959116594483148,0.29418584938925857,0.0813192798815151,74.80143846035888,0,2,123956,1991-01-01,27,2.065933333333333,0.8660254037844386,0.5000000000000001,0.4651807601780908,0.05252706146129525,0.010598125763205204,1991,1990,1
track_87,Song 87,Artist 37,0.6419238506519311,0.24866021202194696,-10.953376962995474,0.0007757311732207487,0.8818483500844,0.07437508321439222,0.7876979748040807,0.41832461640685753,153.07308620123422,1,11,323161,1977-01-01,85,5.3860166666666665,-0.5000000000000004,0.8660254037844384,0.1596209208050538,0.10402068780972883,0.7800450165510805,1977,1970,4
track_88,Song 88,Artist 38,0.8541308311898775,0.9821400772619091,-6.159008342593459,0.04372458755453357,0.20099315581928856,0.10199160886323018,0.5505133722877971,0.3102738367692827,100.06532191170703,1,9,208789,1992-01-01,55,3.479816666666667,-1.0,-1.8369701987210297e-16,0.838876120536605,0.3047323700169323,0.1698819543880906,1992,1990,2
track_89,Song 89,Artist 39,0.5013826863876569,0.3061878142312646,-18.967819782280692,0.014591301618925726,0.38939039636262696,0.041248788170013234,0.08288513937247242,0.7780799746523377,87.84835392321146,1,1,209451,2001-01-01,58,3.49085,0.49999999999999994,0.8660254037844387,0.1535172688384363,0.23823860673591707,0.5598074100434399,2001,2000,4
track_90,Song 90,Artist 40,0.20165510904755646,0.9390312789802618,-7.507256323165503,0.02991496866738502,0.2446912027856218,0.2373722161699383,0.2949664293110066,0.7703277696098108,191.08935809549794,0,0,237782,1977-01-01,4,3.963033333333333,0.0,1.0,0.1893604549618311,0.7233618707307131,0.2067131442054275,1977,1970,3
track_91,Song 91,Artist 41,0.7062580691395457,0.6781855176032079,-2.030177036876463,0.15800796297502717,0.8576338126250397,0.08852036528378233,0.5174858253192931,0.46132155697336286,62.59344074443382,0,10,122365,1973-01-01,53,2.039416666666667,-0.8660254037844386,0.5000000000000001,0.47897399418084496,0.3128615988974979,0.5584206666267932,1973,1970,0
track_92,Song 92,Artist 42,0.7466672913243628,0.6408857474421846,-24.09077268529702,0.02546095554848561,0.6139422177583517,0.008927118402130035,0.09224995834942985,0.595861002790897,121.28881806453965,0,9,192204,1999-01-01,43,3.2034,-1.0,-1.8369701987210297e-16,0.4785284250910457,0.3818788241452937,0.4892636644391107,1999,1990,2
track_93,Song 93,Artist 43,0.5770856179340718,0.5562927748046926,-14.823440695352502,0.0915671136757221,0.13408708996579308,0.05974806837066782,0.06791314348935708,0.5938335643882326,63.02777894465113,1,0,256072,1988-01-01,41,4.2678666666666665,0.0,1.0,0.3210285597004255,0.33034532130569105,0.19422190968512687,1988,1980,1
track_94,Song 94,Artist 44,0.7553221029613768,0.30529613242880527,-21.672999215547307,0.010446046558564827,0.0043757689664678115,0.1412047360170218,0.38751817964585195,0.794442333584861,127.70302673460606,0,3,177072,1992-01-01,71,2.9512,1.0,6.123233995736766e-17,0.23059691677210017,0.24254017188117283,0.014130293437857152,1992,1990,1
track_95,Song 95,Artist 45,0.5197262569097322,0.2571099484849024,-7.007221848018659,0.05580733072314863,0.005476464953613642,0.1580532535921241,0.2995176347695025,0.4325021727108777,130.14663289121853,0,2,172499,1987-01-01,91,2.8749833333333332,0.8660254037844386,0.5000000000000001,0.13362679114031237,0.11120061134530211,0.020855778583979766,1987,1980,1
track_96,Song 96,Artist 46,0.5443229049746949,0.2962327260724561,-13.249792389446434,0.18862817378428323,0.817844140931025,0.06823992525526813,0.3787239560248744,0.29790201181145815,105.03274599526458,1,4,189211,2022-01-01,56,3.1535166666666665,0.8660254037844387,-0.4999999999999998,0.16124625800433234,0.08824832506137727,0.7340996218969581,2022,2020,4
track_97,Song 97,Artist 47,0.46340986560476716,0.26593005330838654,-11.597109891041192,0.005373308821031382,0.7443833344620492,0.22513937266983472,0.2470199824100039,0.2885314263264927,78.50264885350332,0,11,263979,1998-01-01,46,4.39965,-0.5000000000000004,0.8660254037844384,0.12323461026390797,0.076729177584149,0.736783860026735,1998,1990,4
track_98,Song 98,Artist 48,0.12160625773248092,0.7938301814744104,-6.860489371139071,0.0004177373062622429,0.7349240410984328,0.031152191292121847,0.1735383102072357,0.5325730513539837,112.69425528282655,0,8,268408,1992-01-01,75,4.473466666666667,-0.8660254037844385,-0.5000000000000004,0.09653471764419926,0.42277256200471336,0.4807336257936575,1992,1990,3
track_99,Song 99,Artist 49,0.19170771294430877,0.4116114806583898,-18.51685629278881,0.028421217841253444,0.8126796902105432,0.05286479983624694,0.5668575177352533,0.45423338245899125,154.11681159055922,1,11,205220,2002-01-01,24,3.4203333333333332,-0.5000000000000004,0.8660254037844384,0.0789090955786405,0.18696767511841406,0.6637955461511686,2002,2000,4
track_100,Song 100,Artist 0,0.12671480783372413,0.15147998214142278,-3.462388016195746,0.0048599997869305,0.9737498604101894,0.22886517205275508,0.4359283372008504,0.44610869388644253,169.53541321022428,1,7,213847,2021-01-01,43,3.5641166666666666,-0.4999999999999997,-0.8660254037844388,0.01919475682770635,0.06757653698305176,0.8653778616679941,2021,2020,4
track_101,Song 101,Artist 1,0.6409488495742133,0.9625013408253221,-14.542162849861942,0.06899262764478806,0.31023887261886013,0.22658358590423236,0.2001156584370251,0.1320236051807365,134.30508433433994,1,11,303403,2016-01-01,14,5.0567166666666665,-0.5000000000000004,0.8660254037844384,0.616914127115628,0.12707289700705182,0.243756444233717,2016,2010,2
track_102,Song 102,Artist 2,0.3672025839148777,0.8865694376174489,-25.419310137774907,0.12299041164481579,0.057082638847033705,0.11574479622357661,0.2896920696949987,0.6967433666211761,142.57681522156577,1,8,331744,1987-01-01,50,5.529066666666667,-0.8660254037844385,-0.5000000000000004,0.3255505883130872,0.617711374709024,0.060491127799743034,1987,1980,3
track_103,Song 103,Artist 3,0.5322850874899974,0.9256995320437396,-9.818925573104728,0.028459912786061886,0.4393646232163717,0.19588574344478837,0.4938559307474944,0.2423630191837196,88.08629195745138,1,4,229459,2013-01-01,52,3.824316666666667,0.8660254037844387,-0.4999999999999998,0.49273605640335155,0.22435533344307712,0.32186348140477694,2013,2010,2
track_104,Song 104,Artist 4,0.8714315028371791,0.9854679621553274,-6.995420837290624,0.014968279124765962,0.01671051939479131,0.009296352899619694,0.10417201120435839,0.2272582671878492,100.22624665187092,1,7,197755,2002-01-01,33,3.295916666666667,-0.4999999999999997,-0.8660254037844388,0.8587678272589092,0.22395574144856065,0.016674178330756042,2002,2000,2
track_105,Song 105,Artist 5,0.3118983947765437,0.2547667718053437,-20.813911365041726,0.028493701626667273,0.5343084077817508,0.20024432879603735,0.16058975694963468,0.42148248824965406,82.66538540733018,1,3,188783,1976-01-01,76,3.1463833333333335,1.0,6.123233995736766e-17,0.0794613471684887,0.10737973290384807,0.6771315895777543,1976,1970,4
track_106,Song 106,Artist 6,0.44882548458028526,0.4526553968233663,-5.141801547036163,0.06426778759780298,0.6901391457892244,0.038657452387659164,0.10493420308054259,0.25500050745602126,94.90134900064558,1,4,321023,2020-01-01,7,5.350383333333333,0.8660254037844387,-0.4999999999999998,0.2031632778271287,0.11542735589266509,0.6039043031367358,2020,2020,0
track_107,Song 107,Artist 7,0.7422184677615913,0.7748322433766412,-3.721845611792773,0.00045476998036143054,0.9910948009415906,0.019641826506420757,0.6592379995355893,0.5754724405772138,91.48414923157445,1,11,303581,1997-01-01,76,5.059683333333333,-0.5000000000000004,0.8660254037844384,0.575094800451287,0.44589460213387344,0.5612317014446762,1997,1990,2
track_108,Song 108,Artist 8,0.2944784406678791,0.7194583500678751,-21.969769866043542,0.0445133636144739,0.09141326624377186,0.027360802655942325,0.614306924909007,0.3843170054010243,132.72283009477326,0,2,247851,1970-01-01,99,4.13085,0.8660254037844386,0.5000000000000001,0.21186497305347293,0.27650007860884757,0.11273443498385265,1970,1970,1
track_109,Song 109,Artist 9,0.16543292335447404,0.236967356642471,-1.4778772912585616,0.04750422889260729,0.5169527514776843,0.05412307227728146,0.6149846989094429,0.454020550333511,138.7764258107021,1,4,126472,2008-01-01,69,2.1078666666666668,0.8660254037844387,-0.4999999999999998,0.03920220254894622,0.10758804967389207,0.6856854728032041,2008,2000,4
track_110,Song 110,Artist 10,0.3462887349767028,0.8260914812416498,-25.919365686586005,0.050762512067658395,0.585072866523454,0.02892726762642045,0.5872440076070211,0.5334523894436259,192.29263891501063,1,11,273452,2003-01-01,95,4.557533333333334,-0.5000000000000004,0.8660254037844384,0.28606617401420154,0.44068047456738235,0.41460263139967823,2003,2000,3
track_111,Song 111,Artist 11,0.23703809416590377,0.299752108934628,-24.14154561632779,0.013855051151320082,0.09486680390183339,0.038649751467411904,0.552039067752402,0.23318197023362436,87.37989059421324,0,2,223152,2008-01-01,20,3.7192,0.8660254037844386,0.5000000000000001,0.0710526686240746,0.06989678734306055,0.2404004481678251,2008,2000,1
track_112,Song 112,Artist 12,0.8902430044911871,0.2991976771921345,-24.65747966209724,0.06259739163161683,0.046767072383541636,0.014500090076607334,0.4077439365336312,0.1901764605789768,149.83459942260941,1,4,278352,1988-01-01,6,4.6392,0.8660254037844387,-0.4999999999999998,0.26635863908031016,0.0569003552618514,0.13517833034310775,1988,1980,1
track_113,Song 113,Artist 13,0.7869023226297543,0.5779072363751381,-4.074298409771757,0.004792047780291801,0.9270859604811772,0.03512280417935832,0.5317086226303362,0.8423797125862442,174.4162976582532,0,10,272931,2000-01-01,89,4.54885,-0.8660254037844386,0.5000000000000001,0.45475654656813863,0.4868173316791995,0.6160063357172453,2000,2000,2
track_114,Song 114,Artist 14,0.6383931930338599,0.6277165420091158,-11.025515982576106,0.011111594379469921,0.46270125995744416,0.0849295421449173,0.07877116609098099,0.4403513325482789,138.43380492962734,0,4,350413,1982-01-01,78,5.840216666666667,0.8660254037844387,-0.4999999999999998,0.4007299675733724,0.2764158157363118,0.4243335304957755,1982,1980,0
track_115,Song 115,Artist 15,0.84074150165956,0.6162767249756519,-25.588975786554087,0.10496998808902605,0.15618862491798546,0.05831341790820541,0.5160983169925885,0.4208842486692852,95.7005113501506,1,5,299474,1993-01-01,55,4.991233333333334,0.49999999999999994,-0.8660254037844387,0.5181294191938652,0.259381166363745,0.20219472982802605,1993,1990,2
track_116,Song 116,Artist 16,0.7831212653642472,0.18142328528400184,-17.23062086731788,0.06710873543226646,0.9789213782157409,0.042574755519039276,0.633408279152658,0.08205093524555733,96.75703220280003,0,8,259334,1974-01-01,48,4.322233333333333,-0.8660254037844385,-0.5000000000000004,0.14207643273814632,0.01488595023287391,0.8436463452306063,1974,1970,0
track_117,Song 117,Artist 17,0.25858455005313047,0.8809401677410386,-12.15635727297574,0.0006920449429463242,0.6414096436220055,0.13722026329787393,0.42526877028829263,0.49817867232865387,65.49542742993998,1,0,262138,1992-01-01,41,4.368966666666667,0.0,1.0,0.22779751689904573,0.4388656031662122,0.421328407903377,1992,1990,3
track_118,Song 118,Artist 18,0.8586751487164811,0.33638403790394844,-27.579541535307886,0.01427597132418404,0.47297446494625195,0.2239703926322313,0.3181349963204277,0.5487527494499,102.76219171678744,1,11,266626,1988-01-01,22,4.443766666666667,-0.5000000000000004,0.8660254037844384,0.28884461377302334,0.18459166567085109,0.5843811844806275,1988,1980,4
track_119,Song 119,Artist 19,0.5584409056283031,0.21526827994169573,-4.409925316187177,0.012065788712923632,0.3454755761522231,0.14138268161482528,0.25807005110073433,0.5529567838591999,164.24451506047322,0,9,127008,1970-01-01,51,2.1168,-1.0,-1.8369701987210297e-16,0.12021461320368763,0.11903405574346197,0.616101195397073,1970,1970,4
track_120,Song 120,Artist 20,0.7863241318894532,0.8909857910833897,-6.6954974721954805,0.015790795713463892,0.0073079179281594735,0.04034681565204137,0.5321015376215619,0.6863280523905959,66.65248600899545,0,5,207851,2002-01-01,78,3.464183333333333,0.49999999999999994,-0.8660254037844387,0.7006036286994841,0.6115085427019572,0.00813532335752132,2002,2000,2
track_121,Song 121,Artist 21,0.8616776049349693,0.9505298334244805,-15.34900356627749,0.014221685722856123,0.623638688824283,0.1364306545979049,0.5696008989724316,0.2097336514919106,90.7013395506763,0,0,200799,2019-01-01,52,3.34665,0.0,1.0,0.8190502702844417,0.19935809281611383,0.39616996772583324,2019,2010,2
track_122,Song 122,Artist 22,0.37030295372608424,0.8672935793662511,-1.9533281574840586,0.003228328516165735,0.9907181469433546,0.016485127373930552,0.703225699896907,0.2770008208075569,158.87254979444947,1,5,136238,2002-01-01,15,2.2706333333333335,0.49999999999999994,-0.8660254037844387,0.3211613741869908,0.24024103336557553,0.533213864961584,2002,2000,0
track_123,Song 123,Artist 23,0.19354413584852526,0.8204693065051415,-17.88493160102211,0.030711302767106777,0.3641543670946664,0.013962763769942,0.30675056184574306,0.7796574187073714,169.57121879520273,1,1,355018,2001-01-01,95,5.916966666666666,0.49999999999999994,0.8660254037844387,0.15879702291777642,0.6396849816384257,0.3074006267217812,2001,2000,3
track_124,Song 124,Artist 24,0.2937448881606504,0.6831653627687293,-1.460800747941562,0.06597544483496352,0.07979786356506416,0.0424077810311421,0.6273292305391892,0.9024535551590546,123.74457740866998,0,7,333097,1997-01-01,36,5.551616666666667,-0.4999999999999997,-0.8660254037844388,0.20067633308173055,0.616525010392165,0.10458925964132025,1997,1990,3
track_125,Song 125,Artist 25,0.4630416203323179,0.590263059842134,-10.630320034694815,0.04666316328474587,0.01978942515520578,0.16487109459851665,0.47101686814200344,0.17233947263058857,157.73040738701084,1,10,137153,2006-01-01,17,2.2858833333333335,-0.8660254037844386,0.5000000000000001,0.27331636365161366,0.10172562444651093,0.03243883633464052,2006,2000,1
track_126,Song 126,Artist 26,0.7953125510341191,0.17741821632115504,-11.594533075635699,0.05587013671515735,0.967782463684247,0.02828248840364063,0.7121273680085594,0.49788459905469634,114.31330361168489,1,2,179353,2010-01-01,19,2.9892166666666666,0.8660254037844386,0.5000000000000001,0.141102934222301,0.08833379749805766,0.8450760076423237,2010,2010,4
track_127,Song 127,Artist 27,0.8316209957678918,0.4635233596329219,-25.187308036422234,0.004231574841409748,0.9968969104945918,0.006534248038480917,0.4458590812217155,0.24275862746562815,82.38785430337785,0,9,172092,1981-01-01,45,2.8682,-1.0,-1.8369701987210297e-16,0.38547575789960914,0.11252429458274488,0.6826091422289062,1981,1980,0
track_128,Song 128,Artist 28,0.1059093109515121,0.43169278014095946,-4.424095009165324,0.1512999978317007,0.38143773811211945,0.014122898344117474,0.4382223712984754,0.10406585151948419,115.74092909320692,0,5,294224,1978-01-01,1,4.903733333333333,0.49999999999999994,-0.8660254037844387,0.045720284887471624,0.04492447676018242,0.4690972241877861,1978,1970,0
track_129,Song 129,Artist 29,0.5341352071909309,0.3311808675466903,-17.60279905030216,0.09115997865791448,0.6611386852143583,0.19571882885604797,0.4834078110806818,0.3429530043135218,141.19549482844002,0,5,169104,2019-01-01,86,2.8184,0.49999999999999994,-0.8660254037844387,0.17689536130472366,0.11357947349629598,0.6662551565366609,2019,2010,4
track_130,Song 130,Artist 30,0.4547993526764621,0.7438439011828406,-25.295231232308097,0.08176094997440989,0.0005041388385549459,0.10045300026367598,0.6119865163568259,0.17931886266579145,192.72745945940463,0,3,275355,1980-01-01,93,4.58925,1.0,6.123233995736766e-17,0.33829972475029013,0.13338524236099233,0.0006772882229289298,1980,1980,1
track_131,Song 131,Artist 31,0.2887916389001207,0.541329404220106,-29.63438192070299,0.08657570268273655,0.011062112024082056,0.029195942512239333,0.7735178591213457,0.6889397660908216,69.62513329241483,0,4,297501,2002-01-01,62,4.95835,0.8660254037844387,-0.4999999999999998,0.15633140582955032,0.3729433531214837,0.02002581805288613,2002,2000,1
track_132,Song 132,Artist 32,0.20188556223363038,0.17213113215780668,-13.767085174486905,0.1349375596598192,0.818117454032341,0.08103459938958356,0.10517251566182424,0.5303528723043,131.03517313829448,0,1,328295,1988-01-01,2,5.471583333333333,0.49999999999999994,0.8660254037844387,0.034750790393590136,0.09129024035288383,0.8261729824901397,1988,1980,4
track_133,Song 133,Artist 33,0.3869728956930838,0.2959630497353321,-14.705410958442387,0.039290978392501764,0.3181320567349452,0.07498860593177868,0.09007595179326287,0.17945102389127976,106.04876894950141,0,9,339606,2011-01-01,45,5.6601,-1.0,-1.8369701987210297e-16,0.11452967837423764,0.0531108723089911,0.5180492977939813,2011,2010,0
track_134,Song 134,Artist 34,0.9014732483256412,0.7081002996570404,-9.138744951294402,0.011174806789967353,0.9798963553981552,0.10654753667251665,0.753162753055504,0.058317429564962935,131.16363719873723,0,9,306029,2003-01-01,48,5.100483333333333,-1.0,-1.8369701987210297e-16,0.6383334772721921,0.0412945893501786,0.5805081259820316,2003,2000,0
track_135,Song 135,Artist 35,0.374722492217642,0.16775646494636717,-4.182516462483736,0.04795777283987892,0.758332397496832,0.026551303740195493,0.44740671913865454,0.7773413441217915,63.356562632714436,0,7,148887,1976-01-01,0,2.48145,-0.4999999999999997,-0.8660254037844388,0.0628621206303242,0.13040403594652925,0.8188540100160566,1976,1970,4
track_136,Song 136,Artist 36,0.5409720284818612,0.8575741535034042,-27.697209045352142,0.06791090931174178,0.9881998453974185,0.1998067933175704,0.5111772609252021,0.2085749655478228,103.8235496582214,0,9,297244,2000-01-01,21,4.954066666666667,-1.0,-1.8369701987210297e-16,0.46392362939435156,0.1788684995216758,0.5353847819945017,2000,2000,0
track_137,Song 137,Artist 37,0.6975661150609012,0.5406804090424372,-8.786601780129491,0.06695477661867004,0.734960230835881,0.03701489724443733,0.4118177011960466,0.5955949779986894,174.7815406537807,1,6,124355,2021-01-01,92,2.072583333333333,1.2246467991473532e-16,-1.0,0.37716033242527186,0.3220265363279528,0.5761494512722146,2021,2020,0
track_138,Song 138,Artist 38,0.40908516202239986,0.5277220538207167,-24.565053621170115,0.036849627059835764,0.6752163133011958,0.11846005113627028,0.12024308945560587,0.35322972176907097,137.55184273964926,1,9,153701,1971-01-01,13,2.5616833333333333,-1.0,-1.8369701987210297e-16,0.2158832618900415,0.18640711424249445,0.561305358986365,1971,1970,4
track_139,Song 139,Artist 39,0.9260147703128165,0.6272429283469706,-5.1128654584422435,0.003545738679351854,0.6319958473933616,0.001625606309609855,0.626067033814,0.5769373444835321,123.08154899425644,0,5,292606,1988-01-01,91,4.876766666666667,0.49999999999999994,-0.8660254037844387,0.5808362162235584,0.3618798694265756,0.5018868205793441,1988,1980,2
track_140,Song 140,Artist 40,0.9180802007007945,0.8339660596733828,-6.2471580980119725,0.023190179537814725,0.4443580352347006,0.04662620455388791,0.6104184838164401,0.33408826428409155,99.97351004014754,1,6,191442,2007-01-01,84,3.1907,1.2246467991473532e-16,-1.0,0.76564772744259,0.27861827334812356,0.3476095689623082,2007,2000,2
track_141,Song 141,Artist 41,0.31401495145155955,0.40955019503295187,-14.316981105419213,0.1267678729351633,0.11047469454564698,0.04334168710756764,0.283777491119609,0.12824560462302875,101.72595319078982,1,11,312346,2001-01-01,44,5.205766666666666,-0.5000000000000004,0.8660254037844384,0.12860488461024913,0.05252301238548026,0.21244075873831927,2001,2000,1
track_142,Song 142,Artist 42,0.5226612300085276,0.7034343757775665,-9.402958839923965,0.04390748556865409,0.9053333821105717,0.07841324690863964,0.2796794339213003,0.25065500770197824,113.63420070268182,1,0,329180,1979-01-01,95,5.4863333333333335,0.0,1.0,0.3676578760741837,0.17631934887836218,0.5627492314675605,1979,1970,0
track_143,Song 143,Artist 43,0.35574656334425425,0.603501447956254,-20.883846717671297,0.03864545690174431,0.009627479331769736,0.007551724662858019,0.6783810356791389,0.219252709831168,176.97989939503844,1,4,132279,2010-01-01,5,2.20465,0.8660254037844387,-0.4999999999999998,0.2146935660837187,0.13231932785144232,0.015702184648454017,2010,2010,1
track_144,Song 144,Artist 44,0.3421144202208475,0.337655160450785,-16.336130930948375,0.015657072429293192,0.6804047781586288,0.15612735331991678,0.10426794330599497,0.4352174171956794,195.40984895315756,1,6,294563,1977-01-01,64,4.909383333333333,1.2246467991473532e-16,-1.0,0.11551669945219753,0.14695340683418334,0.6683340381254632,1977,1970,4
track_145,Song 145,Artist 45,0.13135390525135288,0.8819806878560906,-6.172529966396322,0.02297882267765736,0.10374858085040915,0.024562027306978026,0.7108288612674244,0.6424554050835416,121.41175338905244,1,0,240738,1995-01-01,20,4.0123,0.0,1.0,0.11585160770617196,0.5666332600924454,0.10525047687391265,1995,1990,3
track_146,Song 146,Artist 46,0.6181296838829122,0.809709159230166,-16.681309281976795,0.1128548230029503,0.0318246378219859,0.11302200365512811,0.2424962674219358,0.28742546745172176,115.06939742468666,0,1,327219,1999-01-01,3,5.45365,0.49999999999999994,0.8660254037844387,0.5005052666320411,0.23273103359167105,0.03781737598191516,1999,1990,1
track_147,Song 147,Artist 47,0.5272771697445322,0.6860221328459987,-19.623850305562186,0.05490008088730326,0.4395817835207336,0.1625628898111523,0.49473856081662043,0.06086294177055616,178.5171086147808,0,8,259333,1980-01-01,2,4.322216666666667,-0.8660254037844385,-0.5000000000000004,0.36172380858914566,0.04175332512471876,0.3905293741427778,1980,1980,0
track_148,Song 148,Artist 48,0.14375693856249094,0.8570177388938753,-15.667839029741303,0.07741408965374802,0.2148573285321394,0.08252554862338086,0.7519956342513333,0.5170436278382812,119.7667448890825,1,11,255546,2010-01-01,29,4.2591,-0.5000000000000004,0.8660254037844384,0.12320224643713173,0.4431155608394501,0.20044978618479115,2010,2010,3
track_149,Song 149,Artist 49,0.3368494946011197,0.871891838854224,-5.980771679320668,0.03028845732106493,0.016265132176238387,0.13504763796278157,0.5585918761524848,0.5951835404230749,137.28254412139117,1,2,211414,1989-01-01,30,3.5235666666666665,0.8660254037844386,0.5000000000000001,0.29369632526488626,0.5189356715152421,0.018313332432705845,1989,1980,1
track_150,Song 150,Artist 0,0.8720260030716556,0.7304430492763809,-20.27896662624469,0.04974603286775109,0.5285326255330389,0.10842961914043325,0.36082235935027746,0.9165834446016287,92.33183304382422,0,5,148390,1989-01-01,33,2.4731666666666667,0.49999999999999994,-0.8660254037844387,0.6369653327319548,0.6695120061910624,0.419811292860566,1989,1980,2
track_151,Song 151,Artist 1,0.3036276070669266,0.8449418622436681,-24.96091379906343,0.01427646015981691,0.17224082498659368,0.04393266906460824,0.5671506566790614,0.5805237227839222,164.09035500907055,1,6,277997,1978-01-01,82,4.633283333333333,1.2246467991473532e-16,-1.0,0.2565476757437177,0.4905087954056741,0.16933109245548017,1978,1970,3
track_152,Song 152,Artist 2,0.22316064127753965,0.7207496008856624,-9.351593410407357,0.06111716403019921,0.07628651054526535,0.16547414917369083,0.3079847272372776,0.4740553034403276,134.47836455790946,1,8,202174,1977-01-01,19,3.3695666666666666,-0.8660254037844385,-0.5000000000000004,0.1608429431341752,0.3416751707523477,0.09571262046795725,1977,1970,1
track_153,Song 153,Artist 3,0.5160348462359285,0.7053252868666674,-6.046631831465628,0.027895978066118116,0.4318920160856829,0.034913397704343006,0.2579438122618896,0.5660614633079334,173.26483703364784,1,4,310123,1984-01-01,86,5.168716666666667,0.8660254037844387,-0.4999999999999998,0.3639724259545529,0.39925746399183365,0.3797793396082716,1984,1980,3
track_154,Song 154,Artist 4,0.9378028859940105,0.650564126611514,-27.081513122817533,0.02921872099519876,0.5068840785446983,0.0846794795032674,0.7975124584510098,0.8851105668758243,169.30258220401376,1,3,340079,2003-01-01,53,5.667983333333333,1.0,6.123233995736766e-17,0.6101009154604506,0.5758211828941927,0.43793202871160813,2003,2000,2
track_155,Song 155,Artist 5,0.30574698078477536,0.7699178092063007,-23.0436507300776,0.05239438905266019,0.9974325841208406,0.13680527128571723,0.6130926733848409,0.7955403310414816,90.100667557804,1,10,124787,1993-01-01,24,2.0797833333333333,-0.8660254037844386,0.5000000000000001,0.23540004561725517,0.6125006688107127,0.5643657440658227,1993,1990,3
track_156,Song 156,Artist 6,0.6713152152949967,0.2411585437108356,-25.882812296931178,0.13766332735548692,0.8318395577902626,0.04763532008773319,0.5335399830363633,0.34068086002742715,160.18897707808674,0,11,324470,2002-01-01,14,5.4078333333333335,-0.5000000000000004,0.8660254037844384,0.16189339969146746,0.08215810007436936,0.7752472081538003,2002,2000,0
track_157,Song 157,Artist 7,0.7473766730294099,0.8839749756870463,-19.90969906411717,0.003307329154614954,0.10488060715594735,0.03606365057405852,0.3164672324144891,0.2635289272914235,172.007617113192,0,1,309249,2010-01-01,37,5.15415,0.49999999999999994,0.8660254037844387,0.6606622763702382,0.2329529770952695,0.10606250590395254,2010,2010,2
track_158,Song 158,Artist 8,0.30199191239353973,0.8759407396932565,-16.939821611743035,0.0870751582603576,0.9950386795890447,0.061497577993192915,0.08687062186628612,0.28637025112946624,108.45501370953531,1,2,163724,2010-01-01,22,2.7287333333333335,0.8660254037844386,0.5000000000000001,0.2645270191233783,0.25084336960048825,0.5318274148324528,2010,2010,0
track_159,Song 159,Artist 9,0.7189838963200806,0.12603008190075765,-8.284036228064114,0.01729262240730678,0.9365753380258476,0.17035480315197646,0.07329265702636671,0.5039789357436917,84.16527580631843,0,4,130663,2014-01-01,51,2.1777166666666665,0.8660254037844387,-0.4999999999999998,0.09061359933854561,0.06351650654803415,0.8813943906818644,2014,2010,4
track_160,Song 160,Artist 10,0.4126156628113652,0.8349769080026388,-11.116720038431449,0.029342106461394818,0.6417043672201611,0.2658142991712515,0.4656359415865991,0.71964450610572,60.36850178114234,1,10,267192,2009-01-01,65,4.4532,-0.8660254037844386,0.5000000000000001,0.3445245503276931,0.6008865445692402,0.4345581835627719,2009,2000,3
track_161,Song 161,Artist 11,0.6374599560045425,0.21469418205136623,-11.993071543125495,0.0011078495994734697,0.053497418475067456,0.0787641201804054,0.6215245407792883,0.5028972864646658,123.12651143304075,1,1,273812,1996-01-01,56,4.563533333333333,0.49999999999999994,0.8660254037844387,0.13685894384489516,0.10796912157338304,0.19947387948085699,1996,1990,1
track_162,Song 162,Artist 12,0.6385002541467605,0.39825578029063635,-19.781126548320024,0.01790852292848194,0.32029335779480683,0.1083131355050817,0.4530343928328913,0.11101675624530133,109.34058241543782,1,3,353118,1990-01-01,56,5.8853,1.0,6.123233995736766e-17,0.2542864169309877,0.04421306488380786,0.4457494902836141,1990,1990,0
track_163,Song 163,Artist 13,0.5554084814635447,0.7617223480995309,-5.598020960541962,0.034921178073381465,0.9779317348458144,0.23358691343916999,0.680588803954336,0.7012226303959828,137.68737673555725,1,0,253107,1974-01-01,78,4.21845,0.0,1.0,0.42306705265480604,0.5341369485657574,0.5621411648969603,1974,1970,3
track_164,Song 164,Artist 14,0.17674630454624707,0.2430763074829943,-16.332672145453227,0.0028907826423977497,0.32182483556840163,0.0103747208197257,0.07506989981991623,0.7753731158038585,86.32575296243,1,3,220271,2004-01-01,51,3.6711833333333335,1.0,6.123233995736766e-17,0.04296283907036651,0.18847483391118605,0.569700149887945,2004,2000,4
track_165,Song 165,Artist 15,0.8100071212508523,0.8279906514659653,-1.6059567975605198,0.03377476767819873,0.9970327143609294,0.026406786599889678,0.32506405731945504,0.31054807860774764,180.3531766733065,1,6,308515,1990-01-01,34,5.141916666666667,1.2246467991473532e-16,-1.0,0.6706783240165644,0.25713090591793275,0.5463120016532967,1990,1990,0
track_166,Song 166,Artist 16,0.3726630552259754,0.8405994183823903,-11.60987798942363,0.13094062255622893,0.5217954911985183,0.1234088449706281,0.22780279338063353,0.6477131653550153,96.08573018793535,1,11,187388,1973-01-01,73,3.1231333333333335,-0.5000000000000004,0.8660254037844384,0.31326034747555953,0.5444673100760429,0.3829984276443033,1973,1970,3
track_167,Song 167,Artist 17,0.2585407338398761,0.5516462830471442,-26.33832249462942,0.005568550354541229,0.4130916903531136,0.17358204160092264,0.38545472611784154,0.43393271094895397,91.700144712271,1,2,172335,2018-01-01,13,2.87225,0.8660254037844386,0.5000000000000001,0.14262303483904867,0.2393773670875613,0.42819011332895235,2018,2010,4
track_168,Song 168,Artist 18,0.13465887032154933,0.10568342582798189,-10.390850699812415,0.07228963558694006,0.9966723735252213,0.1945113664647295,0.10428229489559186,0.8502074201546985,127.29996790780983,1,9,163315,2017-01-01,90,2.7219166666666665,-1.0,-1.8369701987210297e-16,0.01423121073370729,0.08985283282631891,0.9041286578991565,2017,2010,4
track_169,Song 169,Artist 19,0.6022590017100055,0.3554639385256724,-20.57198355248073,0.026353768039866256,0.7819812491267272,0.05363266568340012,0.7655987311783045,0.8107030023446659,129.8391433241984,0,7,315237,1985-01-01,13,5.25395,-0.4999999999999997,-0.8660254037844388,0.2140813567603782,0.2881756821880223,0.6874885665937971,1985,1980,4
track_170,Song 170,Artist 20,0.6759297075659401,0.6490649573544105,-10.096511296103174,0.05323572545600616,0.010472764632326811,0.00935855603368271,0.2174415508020207,0.522888798478678,90.11193202991299,1,5,224922,2000-01-01,98,3.7487,0.49999999999999994,-0.8660254037844387,0.43872228681586606,0.33938879568566205,0.01587892307638824,2000,2000,1
track_171,Song 171,Artist 21,0.11409965458867774,0.9732556984444068,-27.980406703290235,0.015071243545728261,0.40355353298393204,0.057586467423568426,0.7417308316126886,0.672354991232235,98.0605017416282,0,5,166627,1995-01-01,32,2.7771166666666667,0.49999999999999994,-0.8660254037844387,0.11104813901896912,0.6543733265943119,0.29310759302338646,1995,1990,3
track_172,Song 172,Artist 22,0.5352790995543888,0.6623140390448349,-24.92843832189718,0.008687456019759164,0.3915231057335139,0.026231923275060395,0.36941986627751133,0.8450147309198935,83.75873348173428,0,0,259375,2021-01-01,51,4.322916666666667,0.0,1.0,0.35452286244214953,0.559665119487939,0.3715210990164548,2021,2020,3
track_173,Song 173,Artist 23,0.2925214089182473,0.33122518714710225,-5.183619491732195,0.008745213506410948,0.8565301685745509,0.034417687828817496,0.7891430999414135,0.4961453090704479,160.58442496524333,1,4,169334,2004-01-01,0,2.822233333333333,0.8660254037844387,-0.4999999999999998,0.09689045841348048,0.164335822849016,0.7211328859226716,2004,2000,4
track_174,Song 174,Artist 24,0.6483968718480323,0.6642650757586541,-23.41179284631807,0.003654990330033584,0.04797670968240694,0.14795838340133236,0.4655437875951581,0.3319256664399397,167.81246437557147,0,2,306964,1975-01-01,33,5.116066666666667,0.8660254037844386,0.5000000000000001,0.4307073971998075,0.2204866279639683,0.06736005006031341,1975,1970,1
track_175,Song 175,Artist 25,0.24821146465424274,0.5805869879471114,-5.72580736795474,0.010268049183884456,0.6054716600880035,0.007853152661107237,0.7481246481318556,0.7282995241186231,124.72598964429956,1,9,312268,2002-01-01,18,5.204466666666667,-1.0,-1.8369701987210297e-16,0.14410834663754768,0.42284122703134597,0.5104900593246366,2002,2000,3
track_176,Song 176,Artist 26,0.687297077387096,0.7940624016845178,-21.900993434822098,0.05456486318931661,0.06296024763155149,0.17578289793591595,0.054011741520667136,0.24805962930622255,159.97218317590244,1,0,185700,1990-01-01,23,3.095,0.0,1.0,0.5457567679407473,0.19697482500787028,0.07346383927887598,1990,1990,1
track_177,Song 177,Artist 27,0.4287250443554568,0.195212768555993,-11.356424608297477,0.10672260761290975,0.16668761895966752,0.055803793359484766,0.6111791046356752,0.3996780332054378,163.0309548712424,1,7,159726,1985-01-01,3,2.6621,-0.4999999999999997,-0.8660254037844388,0.08369260285791962,0.07802225539304762,0.4605885047966401,1985,1980,4
track_178,Song 178,Artist 28,0.8962204904262243,0.777314833226805,-9.869633368214902,0.08413422813307038,0.24040944048357246,0.0906498658841598,0.7272879898268866,0.8291545133961142,79.35857387489321,1,6,351513,2016-01-01,35,5.85855,1.2246467991473532e-16,-1.0,0.6966454810501059,0.6445141022997531,0.23622233494025208,2016,2010,2
track_179,Song 179,Artist 29,0.21689280252409426,0.5817272550217382,-15.133012158793465,0.057780455581822855,0.048738578705797266,0.009392858899982766,0.15479042523421555,0.7019801062423835,195.26492347683515,0,6,326823,2008-01-01,76,5.44705,1.2246467991473532e-16,-1.0,0.12617245464631327,0.4083609602842499,0.07730553948038492,2008,2000,1
track_180,Song 180,Artist 30,0.3899063983927197,0.9570628834345052,-21.145990375794792,0.0058509586905315745,0.17292512571555738,0.041152203182819105,0.12209438879911362,0.41342990472274926,174.94447259350034,0,11,300678,2003-01-01,57,5.0113,-0.5000000000000004,0.8660254037844384,0.3731649419152992,0.39567841671200715,0.15303257316248192,2003,2000,1
track_181,Song 181,Artist 31,0.19645249305450072,0.40426622777443066,-23.833313085238213,0.017067326074221484,0.34528488280613245,0.009398207304500104,0.36842945538946664,0.24327005216752168,88.62768456741529,1,9,150694,2011-01-01,31,2.5115666666666665,-1.0,-1.8369701987210297e-16,0.07941910830402554,0.09834586632025295,0.4606549403732493,2011,2010,4
track_182,Song 182,Artist 32,0.8859895755367784,0.6630334848892138,-29.03750871768964,0.01853919148579818,0.9952876940295169,0.3258233342287608,0.7502591795997013,0.3703715517490128,86.06310500444984,0,9,282325,1984-01-01,8,4.705416666666666,-1.0,-1.8369701987210297e-16,0.5874407558436655,0.24556874065997375,0.6001775207990467,1984,1980,0
track_183,Song 183,Artist 33,0.8457384503738338,0.9295050139039155,-21.185554364019012,0.014381233464810095,0.9606915359213463,0.16464217058553918,0.45678992014282904,0.30569373430468966,77.59256038114158,0,9,275302,1975-01-01,79,4.5883666666666665,-1.0,-1.8369701987210297e-16,0.7861181300738063,0.2841438587552204,0.5082492758548739,1975,1970,2
track_184,Song 184,Artist 34,0.31925038355788227,0.19123365791170455,-11.058279074592793,0.03618090288086634,0.36489079096301913,0.061550628605142765,0.44559234779129914,0.2084803591494685,79.37299875586857,0,3,305046,1971-01-01,66,5.0841,1.0,6.123233995736766e-17,0.06105141863748852,0.03986846168289876,0.6561303599778558,1971,1970,4
track_185,Song 185,Artist 35,0.6609864391290522,0.9341333536404415,-2.7891602649940026,0.038345479146992205,0.3752911246887441,0.025309070992305366,0.15584458872449142,0.718999622209091,164.74265186401746,1,10,183545,1993-01-01,19,3.059083333333333,-0.8660254037844386,0.5000000000000001,0.617449479094475,0.6716415283603886,0.2866074709097703,1993,1990,2
track_186,Song 186,Artist 36,0.7946388701710334,0.7122182928477239,-4.735070014371491,0.02207166189586289,0.7442055093385708,0.2709878450079134,0.05059213331991409,0.27686289816515436,125.7515959732273,0,5,267997,2018-01-01,73,4.466616666666667,0.49999999999999994,-0.8660254037844387,0.5659563395436575,0.19718682068405946,0.5109810738058124,2018,2010,0
track_187,Song 187,Artist 37,0.5719206898595429,0.160374982603603,-7.784121480476227,0.021831472439241606,0.41249785169576286,0.042250434853953606,0.6576050680590959,0.45875072315098736,169.61078418358142,0,8,126033,1997-01-01,61,2.10055,-0.8660254037844385,-0.5000000000000004,0.09172177068686482,0.0735721392447299,0.7200500825810181,1997,1990,4
track_188,Song 188,Artist 38,0.5502029916026056,0.36785757458266644,-7.13502704565434,0.08817481254885438,0.2556688971099288,0.017552601689134827,0.11568092223967867,0.3972735021524981,164.47568520902877,0,2,182461,1970-01-01,57,3.0410166666666667,0.8660254037844386,0.5000000000000001,0.20239633801906168,0.14614006694777967,0.410036299468736,1970,1970,1
track_189,Song 189,Artist 39,0.30557444726538396,0.7302731588943006,-10.715437799196138,0.07786430081345391,0.6567555751186505,0.08281983296099349,0.525387364051493,0.9338696407720677,144.64577989073103,1,8,122665,1970-01-01,21,2.0444166666666668,-0.8660254037844385,-0.5000000000000004,0.2231528168818718,0.6819799325621035,0.4734978342667009,1970,1970,3
track_190,Song 190,Artist 40,0.17913735263501435,0.15994203530720683,-22.45168113058591,0.018393716297835188,0.5775721170160123,0.28783781359913113,0.7359623408863937,0.40198301973339845,156.09132492101514,0,3,147025,1997-01-01,66,2.4504166666666665,1.0,6.123233995736766e-17,0.028651592779989025,0.06429398233509684,0.7831325433743616,1997,1990,4
track_191,Song 191,Artist 41,0.8626333942603277,0.6181317095568832,-3.6913441095309345,0.12254755242514166,0.5155491776382798,0.00038376448485142114,0.20648893486882325,0.1219842345170793,62.56980141307985,0,4,274605,2005-01-01,74,4.57675,0.8660254037844387,-0.4999999999999998,0.5332210547149933,0.07540232342103,0.45475647398213054,2005,2000,0
track_192,Song 192,Artist 42,0.8653553485888309,0.40783592068813146,-10.548762954730812,0.15268397969230027,0.10485875705462241,0.0271972573009459,0.5489546271776832,0.1308431773148756,103.64887055270307,1,6,296969,1989-01-01,88,4.949483333333333,1.2246467991473532e-16,-1.0,0.3529229953141248,0.053362547685972726,0.20452436329536505,1989,1980,1
track_193,Song 193,Artist 43,0.6381362386822778,0.6526148108130546,-13.747221701567241,0.019781373489389513,0.4850400284247412,0.27878670909436365,0.1090239325306321,0.5816783492177583,149.29510509631743,0,5,197661,2017-01-01,47,3.29435,0.49999999999999994,-0.8660254037844387,0.41645716068058897,0.3796119058287972,0.4263504055406662,2017,2010,2
track_194,Song 194,Artist 44,0.3881753223913956,0.14071041009313645,-26.78130539280905,0.021880690356209324,0.07417938719443495,0.018763882868982014,0.5028163578782098,0.5894271965644391,61.308293488074185,1,9,240473,1977-01-01,7,4.007883333333333,-1.0,-1.8369701987210297e-16,0.05462030880172873,0.08293854254862998,0.3451957372337659,1977,1970,4
track_195,Song 195,Artist 45,0.3968281384207617,0.8756677574756149,-17.035389229613664,0.03522397278854301,0.005018106272890982,0.012018480068109657,0.17294879071490205,0.4268830914343894,64.61677211556308,1,7,140998,1970-01-01,72,2.3499666666666665,-0.4999999999999997,-0.8660254037844388,0.34748960607413126,0.3738077593806096,0.005697946091227247,1970,1970,1
track_196,Song 196,Artist 46,0.7170623270397034,0.9664051825678832,-16.649610135144137,0.14161338022406764,0.6568762022230811,0.08444055506832913,0.6019651703863835,0.43865932308082667,179.26431754585366,1,7,181248,1995-01-01,14,3.0208,-0.4999999999999997,-0.8660254037844388,0.6929727490753558,0.4239226432070304,0.4046592314298225,1995,1990,2
track_197,Song 197,Artist 47,0.8625437209596905,0.9623012912042654,-4.927655323842572,0.10450265554463936,0.12374830621310236,0.1979370518477036,0.27592347109543114,0.09853932455678409,155.76348063689005,1,7,224493,2020-01-01,31,3.74155,-0.4999999999999997,-0.8660254037844388,0.8300269363996418,0.09482451925538951,0.11394340789220712,2020,2020,2
track_198,Song 198,Artist 48,0.8540234606253496,0.767190130251203,-14.147201614554135,0.005410894290702714,0.33677187510910767,0.06483838134355817,0.39754325660348466,0.514891859350336,97.15176263684816,1,2,143057,2012-01-01,52,2.3842833333333333,0.8660254037844386,0.5000000000000001,0.6551983699947451,0.39501995264026835,0.3050572106799832,2012,2010,2
track_199,Song 199,Artist 49,0.7628942139789803,0.21577675371626245,-18.96838407985812,0.024939150011702382,0.5920720590414885,0.5214759003183523,0.49957290652071623,0.5042655278423165,156.31479761661927,1,9,199244,2018-01-01,66,3.3207333333333335,-1.0,-1.8369701987210297e-16,0.16461483692130405,0.10880877860883262,0.7328986770701059,2018,2010,4
track_200,Song 200,Artist 0,0.6457268992311446,0.77485424437683,-1.6727904731908794,0.040301371573408684,0.9307278356166699,0.11368491884830137,0.1784550579996797,0.18459438670125006,170.94393367949687,0,5,334680,1994-01-01,3,5.578,0.49999999999999994,-0.8660254037844387,0.500344228577542,0.14303374402360147,0.545694810492736,1994,1990,0
track_201,Song 201,Artist 1,0.1715189702457915,0.12188235564833336,-26.789102793536845,0.03497159163920341,0.27996695159554175,0.00769619409238167,0.6062283639632158,0.1434554474998348,102.95119963541418,1,6,321703,1979-01-01,29,5.361716666666666,1.2246467991473532e-16,-1.0,0.020905136131933465,0.01748468787186568,0.6966946311817431,1979,1970,4
track_202,Song 202,Artist 2,0.2373844069804217,0.11968996086080756,-17.746095578953607,0.010775083000408872,0.5764489606549036,0.49381469742895495,0.2769802554776109,0.16121524153954142,65.04523284988625,0,8,217031,1981-01-01,12,3.617183333333333,-0.8660254037844385,-0.5000000000000004,0.02841253038045269,0.01929584595003335,0.8280647939279169,1981,1980,4
track_203,Song 203,Artist 3,0.8637710602480173,0.38801309504309167,-28.781284420029248,0.09788483684779266,0.9994970891679793,0.05240700059673562,0.5467788949345651,0.14092542184213266,190.58907745628284,0,9,232713,2010-01-01,20,3.87855,-1.0,-1.8369701987210297e-16,0.335154482495486,0.05468090909921921,0.7203524559236517,2010,2010,0
track_204,Song 204,Artist 4,0.6154647007106514,0.5348924394601525,-8.542780497759018,0.05649598190940284,0.7511490129968629,0.03388385815920285,0.16871228802453025,0.5987373759830839,108.32517736138827,1,9,225887,1976-01-01,40,3.7647833333333334,-1.0,-1.8369701987210297e-16,0.329207415164733,0.32026009563556224,0.584077929590718,1976,1970,0
track_205,Song 205,Artist 5,0.10781749387413521,0.785662601848936,-3.3757799862246323,0.09097967581497204,0.998938542315141,0.08161720939335726,0.5660882444047628,0.22683438716262677,74.9074468598589,0,11,187173,1981-01-01,18,3.11955,-0.5000000000000004,0.8660254037844384,0.08470817276198479,0.17821529480699824,0.5597541982014442,1981,1980,0
track_206,Song 206,Artist 6,0.1862508114361273,0.7081328851797896,-21.878917443035807,0.09786625034027141,0.12029252884147175,0.036284765860434165,0.14614105460784632,0.2762871369687171,128.85996199504063,0,3,331278,2016-01-01,47,5.5213,1.0,6.123233995736766e-17,0.13189032446934176,0.19564800743972133,0.14520605186592284,2016,2010,1
track_207,Song 207,Artist 7,0.6639765037418474,0.49685340867530603,-5.108091372825495,0.06898696535848757,0.020903530491722846,0.009042538768343308,0.3690173722024877,0.20621492973629574,167.58549139297872,0,4,158734,2009-01-01,85,2.645566666666667,0.8660254037844387,-0.4999999999999998,0.32989898916444893,0.10245859075921726,0.040373172307801845,2009,2000,1
track_208,Song 208,Artist 8,0.10430234626928589,0.3435277329906826,-21.525671316604964,0.02892049236190386,0.64619313715865,0.0001429364133545747,0.2354045553041576,0.9120517740036527,91.03062404645829,1,7,182072,1986-01-01,62,3.0345333333333335,-0.4999999999999997,-0.8660254037844388,0.035830748559496965,0.3133150782936052,0.652903766854369,1986,1980,4
track_209,Song 209,Artist 9,0.23668684370487386,0.9874408051403629,-3.5876653123264575,0.04715057297135249,0.9869582676991951,0.059707974739935166,0.611281437071137,0.8191557168366518,97.72860701867087,0,0,315247,1974-01-01,19,5.2541166666666665,0.0,1.0,0.23371424751407188,0.8088677805685146,0.4998775482619203,1974,1970,3
track_210,Song 210,Artist 10,0.5664237209615982,0.4793013589900159,-8.135104795693266,0.00873942445366517,0.7804714056489546,0.1813167528567636,0.24652625338015594,0.2574453536163688,93.98009815180164,0,11,354046,1983-01-01,63,5.900766666666667,-0.5000000000000004,0.8660254037844384,0.2714876592210756,0.12339390785399076,0.619532988824088,1983,1980,0
track_211,Song 211,Artist 11,0.6881109180387892,0.5017344516534112,-6.657703471598278,0.05598854061247785,0.9092151434613076,0.08493687697106217,0.7112879797965472,0.34480966452991335,198.83422739643495,1,5,314855,2003-01-01,36,5.247583333333333,0.49999999999999994,-0.8660254037844387,0.3452489541389173,0.17300288795771276,0.6443989935646066,2003,2000,0
track_212,Song 212,Artist 12,0.6541670705772105,0.2456252008605856,-29.47780988758682,0.009877034469695109,0.6467726880622745,0.7140064385260753,0.7188651585549597,0.23890355807449742,87.63652272227596,0,3,214194,2017-01-01,30,3.5699,1.0,6.123233995736766e-17,0.16067991810690818,0.058680734438357,0.7247573883052898,2017,2010,4
track_213,Song 213,Artist 13,0.2906289130414758,0.8073804983874371,-2.078499644853249,0.05920027268512382,0.39358558827453893,0.03380587984511671,0.1973309864170894,0.4926883635147413,140.57283037525735,0,4,321811,1986-01-01,73,5.3635166666666665,0.8660254037844387,-0.4999999999999998,0.23464811665722585,0.3977869764842226,0.3277238757379181,1986,1980,3
track_214,Song 214,Artist 14,0.7053523381454054,0.7173771809455248,-8.926541229960627,0.013042151555503232,0.4712798637971584,0.03291363011789352,0.5103844587557932,0.06764947922682824,189.537049831975,0,10,338126,2004-01-01,17,5.635433333333333,-0.8660254037844386,0.5000000000000001,0.5060036719120855,0.04853019270017488,0.396480607590705,2004,2000,0
track_215,Song 215,Artist 15,0.30166172437228006,0.29648495538199676,-21.162218233802136,0.006252731117308142,0.32445149571644993,0.017405516998967724,0.11578823128997325,0.6542312080071161,80.56551964288909,1,4,302114,1970-01-01,19,5.035233333333333,0.8660254037844387,-0.4999999999999998,0.08943816289097166,0.19396971051549966,0.5225188062702464,1970,1970,4
track_216,Song 216,Artist 16,0.37658974343537754,0.1733191305981,-5.947554719093439,0.009033215947152425,0.46336298768489176,0.0179202731308679,0.3436528247012219,0.5208423348358775,195.91958770147804,0,1,303429,2019-01-01,81,5.05715,0.49999999999999994,0.8660254037844387,0.06527020692438118,0.09027194065243878,0.7277764627001417,2019,2010,4
track_217,Song 217,Artist 17,0.7345176943503204,0.7056443788464947,-21.83588524596703,9.97061079855313e-05,0.09910179369933922,0.033573374378824995,0.5849912971259542,0.8587750354709929,192.64681281538745,0,7,259741,2019-01-01,10,4.329016666666667,-0.4999999999999997,-0.8660254037844388,0.5183082821815913,0.6059897764738051,0.12314649504866068,2019,2010,2
track_218,Song 218,Artist 18,0.6521879641901325,0.6825149807102103,-4.690138652582288,0.0634237205923132,0.3633160164413333,0.15742640559702392,0.5445674351374372,0.1979534158955727,183.84007818815675,1,1,233272,2005-01-01,85,3.8878666666666666,0.49999999999999994,0.8660254037844387,0.4451280557986596,0.13510617183148704,0.3473942444205864,2005,2000,1
track_219,Song 219,Artist 19,0.8218398989200512,0.3432009790284063,-26.735168678053828,0.06591329354919007,0.1955758736803388,0.23618765044427656,0.518525502054956,0.7736983214550185,90.03791298620031,1,3,187902,1984-01-01,43,3.1317,1.0,6.123233995736766e-17,0.28205625791396804,0.26553402139599697,0.3629990963753739,1984,1980,1
track_220,Song 220,Artist 20,0.6589709584552919,0.9462685704028652,-9.593106653636923,0.03617344873135256,0.00045547674618358423,0.3692372335435027,0.26190564774683267,0.7627649130200441,148.76770784153769,1,11,242247,1988-01-01,81,4.03745,-0.5000000000000004,0.8660254037844384,0.6235635067944949,0.7217804637969429,0.00048110773825536666,1988,1980,2
track_221,Song 221,Artist 21,0.5830623128351509,0.2344415236850012,-14.3197441772976,0.008798854342037745,0.9995341023480471,0.02643427707462591,0.33351871207580147,0.16446307029519824,166.52480621457363,0,4,269982,2020-01-01,63,4.4997,0.8660254037844387,-0.4999999999999998,0.13669401702437362,0.038556972789919736,0.8100105636209008,2020,2020,0
track_222,Song 222,Artist 22,0.1796235526538786,0.4847779729279157,-27.200500364332218,0.004362625076201046,0.02923475813603932,0.2131135300361176,0.12720960852521462,0.4087033017297148,198.04390994750017,1,0,176959,2011-01-01,33,2.949316666666667,0.0,1.0,0.087077541745658,0.19813035814147745,0.05687544197608574,2011,2010,1
track_223,Song 223,Artist 23,0.4125584326005185,0.939818168949163,-22.985078980493668,0.0009657146158574833,0.39742633664316346,0.039787660766311364,0.5892671153252008,0.20313737703006518,85.25933509139186,1,5,216623,1974-01-01,86,3.6103833333333335,0.49999999999999994,-0.8660254037844387,0.387729910711156,0.19091219772553164,0.29719773592892007,1974,1970,1
track_224,Song 224,Artist 24,0.3254220125294666,0.4735573120642489,-29.64028294795787,0.009060998805753395,0.4880506786181532,0.011973054340060433,0.42791659759345513,0.27924845041179397,167.2436259327015,1,1,251438,1988-01-01,64,4.190633333333333,0.49999999999999994,0.8660254037844387,0.15410597353999253,0.13224014557511585,0.5075354778783941,1988,1980,4
track_225,Song 225,Artist 25,0.30739119687222105,0.6682880934210361,-16.40572900152933,0.11075414535748174,0.8627634417182724,0.20404125816805208,0.581574224259241,0.2869215573474899,107.43216378979582,0,4,168415,2012-01-01,54,2.8069166666666665,0.8660254037844387,-0.4999999999999998,0.20542587689214697,0.19174626052114851,0.5635100180541948,2012,2010,0
track_226,Song 226,Artist 26,0.9270589715395787,0.4538590141868869,-21.263307437959988,0.013823052658091773,0.9968795221115376,0.10108916585279211,0.23670764359765456,0.5506127546231955,84.58770517952033,1,5,244716,2008-01-01,73,4.0786,0.49999999999999994,-0.8660254037844387,0.42075407091606243,0.24990056201200975,0.6871526536424898,2008,2000,0
track_227,Song 227,Artist 27,0.4341330659667464,0.3440515300903163,-12.647632955364994,0.02186879373005469,0.06218515488407615,0.01800013259099305,0.29332867147629965,0.4202698385844189,118.9927717699397,1,10,241209,1974-01-01,0,4.02015,-0.8660254037844386,0.5000000000000001,0.14936414560865932,0.14459448101577957,0.1530757908095012,1974,1970,1
track_228,Song 228,Artist 28,0.8582395719005462,0.9757401066842472,-21.380103576450104,0.005565882570548336,0.574121135223505,0.05618229225137005,0.300661502945086,0.9029595236056748,171.1370277008063,1,7,129907,2021-01-01,37,2.1651166666666666,-0.4999999999999997,-0.8660254037844388,0.8374187714468816,0.881053821894558,0.37043365513363913,2021,2020,2
track_229,Song 229,Artist 29,0.6364678320976734,0.46430726562038827,-21.302345766297442,0.012574663233084152,0.025197855205014656,0.033863534728701274,0.06930680731041215,0.1637331277523046,125.0789725185673,1,8,355982,1981-01-01,8,5.933033333333333,-0.8660254037844385,-0.5000000000000004,0.29551663877660717,0.07602248083814626,0.05147607789362501,1981,1980,1
track_230,Song 230,Artist 30,0.7755896080104011,0.8957482912744297,-8.447397236783502,0.03661775005095822,0.35442155261655756,0.13348204441443307,0.3057859046229677,0.9263229213651789,135.2532340284268,1,11,215825,1988-01-01,94,3.5970833333333334,-0.5000000000000004,0.8660254037844384,0.6947330661055215,0.8297521739811969,0.28349849490447926,1988,1980,2
track_231,Song 231,Artist 31,0.5272415291394132,0.30465959924306674,-28.60385775662775,0.04679313638308699,0.09046331869424054,0.06040676997165763,0.6524784301385251,0.25757477619283753,199.32231742801696,0,5,152780,2016-01-01,70,2.546333333333333,0.49999999999999994,-0.8660254037844387,0.16062919297191533,0.07847262809003248,0.2289492348792563,2016,2010,1
track_232,Song 232,Artist 32,0.5903683019324052,0.28966318658232415,-3.8160451394323687,0.01407521399618935,0.8553031692874546,0.4535639002679546,0.722973871812304,0.7455865427436678,115.87530193803964,0,4,308951,1981-01-01,16,5.149183333333333,0.8660254037844387,-0.4999999999999998,0.17100796359493617,0.21596897384402902,0.7470109649001482,1981,1980,4
track_233,Song 233,Artist 33,0.5186400397460343,0.1277093337672151,-5.284347642655739,0.002973285639384077,0.7932090328981648,0.005630052785130967,0.4386637367269456,0.3550729335555392,146.1561056592936,1,11,336231,2005-01-01,98,5.60385,-0.5000000000000004,0.8660254037844384,0.066235173940968,0.045346127783148546,0.86132300135065,2005,2000,4
track_234,Song 234,Artist 34,0.2659565396283378,0.6799834745845377,-10.63366418643421,0.02479954925116879,0.9046598788874944,0.043852863089475565,0.39162627141441514,0.17877325587558252,111.13418822615206,1,3,155085,1981-01-01,51,2.58475,1.0,6.123233995736766e-17,0.18084605190495742,0.12156285969306921,0.5708914286699985,1981,1980,0
track_235,Song 235,Artist 35,0.7140842979722795,0.4279884459141474,-12.796574466885854,0.013341932089252793,0.9006411678260701,0.06575873277053133,0.0731184640245277,0.8221002667216158,114.98999048601868,1,1,316571,1987-01-01,17,5.276183333333333,0.49999999999999994,0.8660254037844387,0.3056198289408509,0.35184941553979043,0.6778717564626049,1987,1980,0
track_236,Song 236,Artist 36,0.3386565080747274,0.8692788423572769,-4.123227553950084,0.01239448147360115,0.45895576366840946,0.06994340108252935,0.7094032531890371,0.32797480931281686,157.38970548235713,0,1,140426,2018-01-01,62,2.3404333333333334,0.49999999999999994,0.8660254037844387,0.29438693729595683,0.2851015625617941,0.3455379163051392,2018,2010,3
track_237,Song 237,Artist 37,0.12066857146673576,0.5211568169554859,-24.625424793667282,0.16077258807530037,0.8854691537291133,0.03797035388394732,0.05975766006940454,0.642969863804158,191.3041766532837,0,6,299269,2020-01-01,32,4.987816666666666,1.2246467991473532e-16,-1.0,0.06288724861216957,0.3350881276184772,0.6294982054113176,2020,2020,3
track_238,Song 238,Artist 38,0.6486514515210926,0.9616921508441023,-27.70989429646597,0.04789477740754984,0.7230694943887367,0.1306523379336126,0.7585625601576589,0.5597993165779639,135.930253068925,0,4,127485,2017-01-01,3,2.12475,0.8660254037844387,-0.4999999999999998,0.6238030095614685,0.5383546088009207,0.42918181764933805,2017,2010,2
track_239,Song 239,Artist 39,0.2505440774959916,0.2651177089757778,-23.054205072623397,0.04069555759654726,0.305036836752548,0.20774201739326417,0.416912186516068,0.4745806784517868,167.57599005282918,0,6,169527,2012-01-01,86,2.82545,1.2246467991473532e-16,-1.0,0.06642367182318702,0.125819742195308,0.5350063487725776,2012,2010,4
track_240,Song 240,Artist 40,0.8993897966999771,0.8730746194804936,-6.957229917694484,0.026873463678898757,0.9114874961487075,0.2792290362914006,0.30645087018104494,0.49623752538368515,72.48891823437494,1,10,315672,2003-01-01,74,5.2612,-0.8660254037844386,0.5000000000000001,0.785234404518471,0.43325238864630267,0.5107622634166881,2003,2000,2
track_241,Song 241,Artist 41,0.9108392904521992,0.7911711989846502,-28.994562264931982,0.028013429223173604,0.693972324016106,0.16352346904884285,0.743163826131995,0.7090141226830587,89.56212524046978,1,0,244604,2017-01-01,51,4.076733333333333,0.0,1.0,0.7206298135093945,0.5609515535402054,0.46727595413672257,2017,2010,2
track_242,Song 242,Artist 42,0.8776347316873812,0.7861204417332063,-13.0986017825788,0.03892490635099082,0.06040651417673398,0.19009954669185514,0.06829324483257256,0.1289956227110965,130.29842972873456,1,0,349632,2002-01-01,8,5.8272,0.0,1.0,0.689926602954488,0.10140609590729718,0.07135796727681899,2002,2000,2
track_243,Song 243,Artist 43,0.4146348952171277,0.85185707302403,-1.1323120304520131,0.059607120846190256,0.8577815758005657,0.07997202101713469,0.48606867115181535,0.6513625957621146,62.80164130802847,1,4,211005,2018-01-01,63,3.51675,0.8660254037844387,-0.4999999999999998,0.3532096682132878,0.5548678343032495,0.5017323834237841,2018,2010,3
track_244,Song 244,Artist 44,0.11313812404953733,0.777311351939269,-5.184813278711356,0.0605576084167523,0.9554001833133501,0.1748057809145918,0.4616993933745032,0.8562308912587208,95.39969702675823,0,1,332511,1987-01-01,29,5.54185,0.49999999999999994,0.8660254037844387,0.08794354816081859,0.6655579916564814,0.5513898952511811,1987,1980,3
track_245,Song 245,Artist 45,0.8890707781995665,0.6573360862519597,-14.878075017735906,0.009418625811311386,0.9672414818568248,0.03616930983379011,0.21449030090853655,0.10200937731787774,132.43618057549526,1,7,319820,1998-01-01,7,5.330333333333333,-0.4999999999999997,-0.8660254037844388,0.5844183057426872,0.06705444484713319,0.5953799347376696,1998,1990,0
track_246,Song 246,Artist 46,0.46395652606971716,0.21680794113732493,-28.154413630687372,0.0346686355071542,0.9521287963627395,0.05082934359766164,0.3716655735126579,0.17658800531030006,62.094567755882096,0,2,178528,2014-01-01,4,2.9754666666666667,0.8660254037844386,0.5000000000000001,0.100589459194401,0.03828568186087316,0.8145248166929737,2014,2010,4
track_247,Song 247,Artist 47,0.921656596187119,0.12894829974721422,-5.890168082814416,0.026547853333703617,0.38078082278103437,0.03811330685435719,0.5391980044578277,0.6949687430318282,97.03648007164584,0,0,355551,1974-01-01,75,5.92585,0.0,1.0,0.1188460510291338,0.08961503779141287,0.7470243682919327,1974,1970,4
track_248,Song 248,Artist 48,0.9190769805258648,0.9195545845559613,-12.629623262860893,0.10221413266333093,0.1103770969378201,0.062996082715412,0.5953483976614456,0.44355348342015577,131.96431472662172,1,1,240631,1994-01-01,62,4.010516666666667,0.49999999999999994,0.8660254037844387,0.845141451002409,0.4078716391747708,0.10716923437921466,1994,1990,2
track_249,Song 249,Artist 49,0.825058037147256,0.6488187799234568,-26.66694308527256,0.0499047283861855,0.04320611288093982,0.033628371712622056,0.05053764402993484,0.4131937587323195,140.24089471737437,0,9,147799,1993-01-01,0,2.4633166666666666,-1.0,-1.8369701987210297e-16,0.5353131490279247,0.2680878704126907,0.06243424318395001,1993,1990,1
track_250,Song 250,Artist 0,0.35028155825914786,0.8089181889687969,-27.27813874012267,0.038018231425361454,0.30500602241608554,0.32599958391681594,0.7526400725682615,0.17326997108981226,189.60523702774276,0,9,297411,1998-01-01,14,4.95685,-1.0,-1.8369701987210297e-16,0.283349123736158,0.14016123121664673,0.27381193934634823,1998,1990,1
track_251,Song 251,Artist 1,0.4273330693116365,0.5285548928461695,-3.620822236338821,0.006130682839680344,0.6153104919296514,0.0375194852221932,0.1733940292946093,0.5060930366460092,150.3483872550851,1,6,267159,2007-01-01,88,4.45265,1.2246467991473532e-16,-1.0,0.22586898465963676,0.26749795075462396,0.5379216489959553,2007,2000,0
track_252,Song 252,Artist 2,0.8234661707893284,0.2044042881765311,-10.593192374795727,0.04652428645663679,0.12873189333747495,0.01031901372017269,0.2251853256667694,0.16389078007673952,118.06301235419912,0,5,258518,2002-01-01,81,4.308633333333334,0.49999999999999994,-0.8660254037844387,0.16832001647764647,0.03349997824028235,0.38642307277869165,2002,2000,1
track_253,Song 253,Artist 3,0.36938370438283596,0.2114153550602699,-5.950682819814091,0.0062330514402673875,0.0203601527436369,0.07482734240583433,0.2476050842703862,0.4789584106794863,190.2491647986295,0,11,301532,1979-01-01,37,5.025533333333334,-0.5000000000000004,0.8660254037844384,0.07809338701557504,0.10125916245290616,0.0878439015953355,1979,1970,1
track_254,Song 254,Artist 4,0.2440688346831786,0.7101531056337845,-4.509611891814249,0.020564595718436524,0.19774600767330314,0.00587940691487775,0.07836510241402649,0.737253769065491,169.8836176742912,1,7,214817,2006-01-01,41,3.5802833333333335,-0.4999999999999997,-0.8660254037844388,0.17332624093867804,0.5235630537420715,0.21780590703199704,2006,2000,3
track_255,Song 255,Artist 5,0.5732810730895976,0.48297224646052184,-13.418601790598657,0.0077066486133712635,0.9013276121812077,0.011714430178745301,0.1422890926927437,0.28243792209844715,88.00124895578466,0,6,178260,2002-01-01,45,2.971,1.2246467991473532e-16,-1.0,0.27687884772338156,0.13640967772152887,0.651106734894022,2002,2000,0
track_256,Song 256,Artist 6,0.8957315580366638,0.2784670067632997,-14.994055799103803,0.05889473191581443,0.9770121680147679,0.024767883118971254,0.7897624422081215,0.4827075513617545,78.31793058883477,0,9,265949,1992-01-01,52,4.432483333333334,-1.0,-1.8369701987210297e-16,0.24943168582989667,0.13441812696974956,0.778198005545946,1992,1990,0
track_257,Song 257,Artist 7,0.691625327173727,0.5375191465998789,-17.517605100691284,0.011549469593972322,0.8782673168385331,0.062427478277632356,0.28641255303296453,0.942814372457152,154.61362900398262,1,7,275795,1980-01-01,25,4.596583333333333,-0.4999999999999997,-0.8660254037844388,0.37176185562928377,0.5067807768852687,0.6203383908383778,1980,1980,3
track_258,Song 258,Artist 8,0.5845519945759602,0.15714595399686934,-20.808548954057542,0.024867456483084242,0.9639401176380841,0.05678386346051643,0.13647581775428702,0.6679853810186335,138.38364318077774,0,2,132943,1993-01-01,60,2.215716666666667,0.8660254037844386,0.5000000000000001,0.09185998084841206,0.10497119995613542,0.8598262722201482,1993,1990,4
track_259,Song 259,Artist 9,0.18260001970515327,0.6179545477038149,-17.396717135097358,0.1130121060443565,0.005557397825507726,0.16078984080932213,0.13024344588096748,0.8072210941746787,170.55430593098578,1,5,261378,1993-01-01,66,4.3563,0.49999999999999994,-0.8660254037844387,0.11283851258760567,0.4988259461476921,0.008913043210016836,1993,1990,1
track_260,Song 260,Artist 10,0.6227561426942942,0.3394041299472369,-7.557489983825466,0.011427681936507679,0.23871859360642256,0.1345055124572193,0.589594975752479,0.42336284590449114,163.4327070110161,0,6,287856,1976-01-01,53,4.7976,1.2246467991473532e-16,-1.0,0.21136600678045425,0.14369109836619995,0.41291956008836145,1976,1970,1
track_261,Song 261,Artist 11,0.9415457725886237,0.8098275995670975,-12.544220500561185,0.03544402147474845,0.8384717724926829,0.05556805556127367,0.6909264980244807,0.7410748308132697,147.52961474005212,0,9,241401,2019-01-01,21,4.02335,-1.0,-1.8369701987210297e-16,0.7624897528979934,0.6001428513371031,0.5086886994054948,2019,2010,2
track_262,Song 262,Artist 12,0.21907141295104543,0.3762221434419807,-4.116824591309463,0.027173610331712023,0.06452486168133574,0.04060215742701893,0.2427142246313524,0.08645825564718965,198.09350402804492,1,10,271527,1990-01-01,25,4.52545,-0.8660254037844386,0.5000000000000001,0.0824195165473056,0.03252751025784042,0.14639853370018635,1990,1990,1
track_263,Song 263,Artist 13,0.5405802045091762,0.5051459326828031,-17.141979583003554,0.0009145146658282576,0.4170244017569194,0.03804829531389874,0.06568213425142623,0.16062006428802048,134.70256221545722,1,0,341099,1989-01-01,82,5.684983333333333,0.0,1.0,0.27307189159664824,0.0811365721823439,0.45222008772403244,1989,1980,0
track_264,Song 264,Artist 14,0.8457671111387621,0.11034228051820957,-12.394402217156134,0.07869343172279622,0.23624401592438032,0.1487198542308982,0.21731751383401687,0.2327635336280559,75.83480591024077,0,0,322520,2022-01-01,59,5.375333333333334,0.0,1.0,0.09332387183034903,0.025683659121996653,0.681629183611791,2022,2020,0
track_265,Song 265,Artist 15,0.7296533250910737,0.1644777301371574,-11.692080960332326,0.0035772655764686003,0.015542360906532953,0.005347715751459103,0.092386768097568,0.41175673215369757,175.95829907423837,1,6,281046,1979-01-01,38,4.6841,1.2246467991473532e-16,-1.0,0.12001172269800921,0.06772481267333368,0.08633633323975848,1979,1970,1
track_266,Song 266,Artist 16,0.6924633798459777,0.44931926520194954,-12.840782293116561,0.032146950728376214,0.48099336297928036,0.0012904556288872817,0.12754620247253112,0.8111703904931868,95.25947072839926,0,10,147371,1994-01-01,35,2.456183333333333,-0.8660254037844386,0.5000000000000001,0.3111371370116532,0.36447448380997716,0.5170228065127089,1994,1990,3
track_267,Song 267,Artist 17,0.6971114713890428,0.5271455628982399,-9.623620580520026,0.04112616604663264,0.14560518553665916,0.15874044024994952,0.37363108988573174,0.3616394457091374,168.82230074014856,1,2,218746,2016-01-01,20,3.645766666666667,0.8660254037844386,0.5000000000000001,0.36747921898819724,0.1906366291745507,0.21643226624887635,2016,2010,1
track_268,Song 268,Artist 18,0.40556747853679187,0.6340182878261803,-23.114429417130616,0.049500423553204595,0.9764742786236784,0.06484537316983861,0.22243877814622443,0.6391590741639166,193.9949934400072,0,2,221248,2005-01-01,40,3.6874666666666664,0.8660254037844386,0.5000000000000001,0.2571371983398779,0.405238541849973,0.6063198878690337,2005,2000,3
track_269,Song 269,Artist 19,0.34955306762481936,0.35957969505127985,-15.141450451172071,0.05833892980285948,0.17467554897152812,0.014027538350010933,0.43695940889406754,0.6883828653231351,157.55137195500777,0,4,255008,2017-01-01,47,4.250133333333333,0.8660254037844387,-0.4999999999999998,0.12569218546077196,0.24752850079141916,0.3269508797057148,2017,2010,1
track_270,Song 270,Artist 20,0.7879569821567365,0.7185338786526229,-26.977480718557917,0.014602739846099725,0.0024041120122742306,0.02686195027143175,0.24012031494289277,0.5775641186795073,143.44422253297216,0,10,284238,2016-01-01,25,4.7373,-0.8660254037844386,0.5000000000000001,0.5661737866004954,0.41499938636537015,0.003334695506005302,2016,2010,2
track_271,Song 271,Artist 21,0.7885963854773036,0.8655089334983921,-18.849171498300436,0.0005014449182274022,0.536414906971416,0.2695686247224282,0.7554029758272107,0.37151777135312253,124.45406459450568,0,5,145727,1984-01-01,62,2.4287833333333335,0.49999999999999994,-0.8660254037844387,0.6825372165551479,0.32155195005954057,0.38262743585573006,1984,1980,2
track_272,Song 272,Artist 22,0.8370114707930881,0.7940673801150813,-15.857655009983333,0.06426703629946993,0.5418393231860992,0.19625689692575077,0.7294579759446984,0.5693480075421898,111.01738123935645,0,1,234000,2013-01-01,76,3.9,0.49999999999999994,0.8660254037844387,0.6646435057389384,0.4521006807227682,0.405596376042411,2013,2010,2
track_273,Song 273,Artist 23,0.8762544696730006,0.13526075456003786,-11.085496473181298,0.03835654564363472,0.9088869324638323,0.12371334244349833,0.4751045787578495,0.35803903351077154,109.42066513605707,1,2,183969,2009-01-01,35,3.06615,0.8660254037844386,0.5000000000000001,0.11852284075457586,0.04842862983461364,0.8704573819409059,2009,2000,4
track_274,Song 274,Artist 24,0.5346410390317972,0.5276511830594678,-2.4345994750000983,0.09043034056564427,0.7955630778825102,0.06582149388799056,0.3158179939905396,0.12548636469681085,149.09217879934266,1,5,279440,2009-01-01,23,4.657333333333334,0.49999999999999994,-0.8660254037844387,0.2821039767572709,0.06621302879010407,0.601234811421507,2009,2000,0
track_275,Song 275,Artist 25,0.5262888504841197,0.19338785879217563,-12.581119070097678,0.0861270727665723,0.9941138839224434,0.07346436237016019,0.33586016152605164,0.9435235803674129,165.1782363712844,0,2,188531,2019-01-01,89,3.1421833333333336,0.8660254037844386,0.5000000000000001,0.10177787390131937,0.1824660049271812,0.8371466003100838,2019,2010,4
track_276,Song 276,Artist 26,0.7785509021217588,0.31542006411764945,-8.435776430879766,0.09267945682339607,0.5164397108055028,0.36987090177316884,0.35888921235837273,0.1644642082692598,154.99238972781802,0,4,159097,1975-01-01,20,2.6516166666666665,0.8660254037844387,-0.4999999999999998,0.24557057546609898,0.05187531111734838,0.6208246937153777,1975,1970,0
track_277,Song 277,Artist 27,0.6524693411611003,0.9781297080077603,-15.31828427463912,0.03318861004991347,0.30408245055144956,0.3374665794221674,0.5956844916012081,0.11511354545245162,87.77741416709878,1,8,286056,2006-01-01,17,4.7676,-0.8660254037844385,-0.5000000000000004,0.6381996461539229,0.11259597860114455,0.2371543674478737,2006,2000,2
track_278,Song 278,Artist 28,0.6966718456690478,0.22682103318234678,-11.610983090086393,0.02029538999184942,0.20051472878600465,0.02424143534314121,0.3887292466391284,0.8406776742864402,129.15820522008875,1,11,170859,1971-01-01,14,2.84765,-0.5000000000000004,0.8660254037844384,0.15801982782370588,0.19068337865498278,0.46921946958744165,1971,1970,4
track_279,Song 279,Artist 29,0.7764237690206859,0.5440104565717069,-27.94296573212057,0.07840477129159647,0.4977922799360797,0.16665616779024656,0.6925474598794231,0.3216511948036056,170.82961010562883,1,2,295363,1981-01-01,78,4.922716666666667,0.8660254037844386,0.5000000000000001,0.42238264907806883,0.1749816133419445,0.47781771411640467,1981,1980,0
track_280,Song 280,Artist 30,0.8565045405449313,0.6501586035431259,-22.622644155586435,0.030009635301613533,0.019439778083908642,0.021970281016762697,0.7580710894477735,0.6352672766661568,126.59857094646787,1,11,316300,1973-01-01,5,5.2716666666666665,-0.5000000000000004,0.8660254037844384,0.5568637960090392,0.4130244854739131,0.029031953459503875,1973,1970,2
track_281,Song 281,Artist 31,0.3872958833238054,0.7251938237842525,-19.50626029705098,0.010132878735771452,0.9206956400846537,0.02402102090927276,0.3019596150342004,0.3461051566960095,135.12725916296915,1,10,343171,1992-01-01,42,5.719516666666666,-0.8660254037844386,0.5000000000000001,0.2808645825634901,0.25099332201582697,0.5593905914737631,1992,1990,0
track_282,Song 282,Artist 32,0.41924550974395236,0.5980873283033535,-16.297692704811105,0.09654211885867282,0.5537013651885239,0.11272989469063657,0.4705208610317601,0.402308843715024,167.9590467439151,0,5,273222,1982-01-01,30,4.5537,0.49999999999999994,-0.8660254037844387,0.25074542682593803,0.24061582149033012,0.4807313073881301,1982,1980,0
track_283,Song 283,Artist 33,0.17988464886473865,0.10869605420307346,-28.67618638043087,0.1070913332417349,0.491585140255479,0.05191957198038394,0.12129240262442333,0.28590167481511686,152.5771428771128,0,10,273133,1986-01-01,27,4.552216666666666,-0.8660254037844386,0.5000000000000001,0.01955275154330247,0.031076383942453423,0.8189234076797548,1986,1980,4
track_284,Song 284,Artist 34,0.5915381198467479,0.39055056433715274,-25.939301170953787,0.031396983800225375,0.9414883096591175,0.2681570022864904,0.20035178582476926,0.3587396052137091,117.30828892353497,1,4,280250,2000-01-01,7,4.670833333333333,0.8660254037844387,-0.4999999999999998,0.23102554653308566,0.14010595526630149,0.7068018968790672,2000,2000,0
track_285,Song 285,Artist 35,0.13055093272723078,0.5607633626123932,-21.972385074052134,0.003935914484397893,0.4555512053475743,0.00932230677243988,0.36009932503262004,0.41963036052788877,185.35777956719065,1,4,351944,1985-01-01,28,5.865733333333333,0.8660254037844387,-0.4999999999999998,0.07320818002830627,0.23531333202386978,0.44823794863439353,1985,1980,1
track_286,Song 286,Artist 36,0.4957583154125911,0.1782011842389017,-1.8255519638695326,0.024536943501757478,0.10429647681549949,0.07164682977397194,0.20465203692633416,0.6983744621831086,82.759389612887,1,10,176790,2010-01-01,20,2.9465,-0.8660254037844386,0.5000000000000001,0.08834471890280668,0.12445115620323602,0.3691928182109684,2010,2010,4
track_287,Song 287,Artist 37,0.5612479395014401,0.41205796877617085,-20.39093679401153,0.08136422586247193,0.7187131858611163,0.25074164708524793,0.7074203680915382,0.5103825748113126,199.37230280264546,1,5,185696,1995-01-01,80,3.0949333333333335,0.49999999999999994,-0.8660254037844387,0.23126668593077465,0.21030720707550152,0.6355950514997027,1995,1990,4
track_288,Song 288,Artist 38,0.34356006430904173,0.12955076682431624,-16.020809314749606,0.11602423117498835,0.9754518313888039,0.2344591752280767,0.16871469204432354,0.8992086954412792,76.63936098667321,1,5,135648,1997-01-01,87,2.2608,0.49999999999999994,-0.8660254037844387,0.044508469781447756,0.11649317602951076,0.8827589638316002,1997,1990,4
track_289,Song 289,Artist 39,0.6022082714836591,0.16993486246796846,-24.313166330586604,0.011374696431004257,0.1922161523851852,0.017023001116521344,0.39174561616481895,0.08769235445489795,62.09299595459345,1,0,181779,1970-01-01,57,3.02965,0.0,1.0,0.10233617979164862,0.014901988193785425,0.5307609636332563,1970,1970,4
track_290,Song 290,Artist 40,0.12592521244819202,0.45326171581942054,-12.28737793880272,0.003466089780181737,0.9999989314504611,0.045671266685179984,0.5042744303449068,0.5027614903688253,184.60264616082708,1,10,226371,2016-01-01,59,3.77285,-0.8660254037844386,0.5000000000000001,0.05707707785919257,0.22788253577250284,0.6881066003008293,2016,2010,4
track_291,Song 291,Artist 41,0.13174596043683226,0.2181170210983237,-21.860186750036746,0.10492121014020715,0.9513748134431322,0.09652745899236133,0.5688979311206334,0.5758023099485463,94.29349117123385,1,8,156672,1981-01-01,49,2.6112,-0.8660254037844385,-0.5000000000000004,0.02873603643221946,0.1255922845875106,0.813493495080844,1981,1980,4
track_292,Song 292,Artist 42,0.7992104765607094,0.6051113549527868,-23.997215225285622,0.0246660643722313,0.7601819769934098,0.01736332712183605,0.33730202729488007,0.8781772874668465,162.15794784254092,1,4,189109,2006-01-01,99,3.1518166666666665,0.8660254037844387,-0.4999999999999998,0.4836113343641133,0.5313950483078265,0.5567898138929409,2006,2000,2
track_293,Song 293,Artist 43,0.40616204519957344,0.7136238225321665,-15.019393775066607,0.03901821594685678,0.9288694467361978,0.34427124927615543,0.7018243015435465,0.09424267125928482,173.54215249048968,0,0,311593,2019-01-01,30,5.193216666666666,0.0,1.0,0.2898469112628022,0.06725381530969318,0.5655237063018522,2019,2010,0
track_294,Song 294,Artist 44,0.20800143575410207,0.8125221622070837,-29.840331824347796,0.17220390602646057,0.6833051369440721,0.24621592886871702,0.47623936330844413,0.5661496264416944,180.25809474449636,1,7,154593,1989-01-01,46,2.57655,-0.4999999999999997,-0.8660254037844388,0.16900577632110084,0.4600091186091383,0.4568071999519131,1989,1980,3
track_295,Song 295,Artist 45,0.5439067710465837,0.27813371737788095,-29.777743053172465,0.003444182867956367,0.2668216371389627,0.018266182952151634,0.37963083533566383,0.8182669356751613,198.82319299298334,1,6,264858,1971-01-01,33,4.4143,1.2246467991473532e-16,-1.0,0.1512788121381863,0.22758762462674,0.4896201960531789,1971,1970,4
track_296,Song 296,Artist 46,0.7544945201338191,0.24905949821057208,-23.647004536046126,0.052251397099237484,0.9768657086211257,0.012914725844162754,0.10043047553902747,0.2677349553073129,101.16555940559988,0,6,345108,2005-01-01,1,5.7518,1.2246467991473532e-16,-1.0,0.18791402658715536,0.06668193362226929,0.7968389150809919,2005,2000,0
track_297,Song 297,Artist 47,0.2834478733723167,0.19306537789761624,-28.93508048747619,0.0038497449045062485,0.0012795115730956487,0.008927774268449328,0.39851710133387375,0.8386631136715437,159.43406786981626,0,4,129815,1984-01-01,66,2.1635833333333334,0.8660254037844387,-0.4999999999999998,0.054723970786902,0.16191681096978808,0.006583682199712654,1984,1980,1
track_298,Song 298,Artist 48,0.6294569044461502,0.6664229220938367,-26.86725313020995,0.023537709819860086,0.9492163554597448,0.2401783125114236,0.6655518806117977,0.06713906834686265,76.15598015931596,0,0,273038,2007-01-01,93,4.550633333333334,0.0,1.0,0.4194845095931444,0.04474301411437402,0.5875171401997094,2007,2000,0
track_299,Song 299,Artist 49,0.1725453452447028,0.728763396573342,-20.1730411691762,0.0814347434561074,0.9596034209233283,0.021520490813697255,0.5109057636659866,0.7092091662203567,116.95330078995892,1,8,264866,1991-01-01,71,4.414433333333333,-0.8660254037844385,-0.5000000000000004,0.12574473186344956,0.516845680855695,0.5683615921713817,1991,1990,3
track_300,Song 300,Artist 0,0.14392946299331655,0.12811166889482142,-6.725015292185429,0.028411459213976,0.1925290080428021,0.053834230655469086,0.6741218402968387,0.8898018990517876,178.71603706376266,1,10,282495,2013-01-01,51,4.70825,-0.8660254037844386,0.5000000000000001,0.018439043707209224,0.11399400627330593,0.6004491053115844,2013,2010,4
track_301,Song 301,Artist 1,0.5516514368329258,0.9332288991568839,-13.410589342290276,0.29359267299804664,0.3711522204043687,0.05957507523986222,0.4205087529494792,0.6414778954760559,111.47212644827516,1,8,350552,2019-01-01,6,5.842533333333333,-0.8660254037844385,-0.5000000000000004,0.5148170631139046,0.5986457102285944,0.28454255454621763,2019,2010,3
track_302,Song 302,Artist 2,0.5595398533685906,0.14625444244981045,-15.132635947263925,0.040942242277885364,0.6379975475159555,0.09138213937345666,0.13884627882086137,0.4451263195824031,142.75335327498595,1,7,141302,2001-01-01,75,2.3550333333333335,-0.4999999999999997,-0.8660254037844388,0.08183518928287191,0.06510170169026051,0.8135098694922479,2001,2000,4
track_303,Song 303,Artist 3,0.6418154162734755,0.5817537384179527,-21.488824126964474,0.019368649544732372,0.00016222841073727331,0.007443839692750987,0.060229884376910806,0.09039291482544623,130.52828212144877,0,4,312136,1989-01-01,18,5.202266666666667,0.8660254037844387,-0.4999999999999998,0.37337851779136894,0.05258641612619893,0.0002787827473417381,1989,1980,1
track_304,Song 304,Artist 4,0.7171776336642622,0.7310638623113156,-2.979142136448324,0.0124302047501835,0.9020810921381406,0.025716401187028382,0.2774146600389434,0.8781024319903659,150.4332143556863,1,2,337872,2005-01-01,89,5.6312,0.8660254037844386,0.5000000000000001,0.5243026508298854,0.6419489554358362,0.5523579136821473,2005,2000,2
track_305,Song 305,Artist 5,0.9294742675431543,0.8751625201340162,-18.48656380412144,0.021579202945019086,0.9872719993132979,0.26807812066102815,0.5734928536233443,0.47326660042241725,196.2052145142773,1,7,205140,2002-01-01,91,3.419,-0.4999999999999997,-0.8660254037844388,0.8134410423827857,0.4141851907209411,0.5300972780020192,2002,2000,2
track_306,Song 306,Artist 6,0.538855296056016,0.7355373695978608,-27.474309762922626,0.02330323176468781,0.8068760854594391,0.23904343547500373,0.6426949279562704,0.07609706990235321,67.8029737101963,0,0,278907,1984-01-01,14,4.64845,0.0,1.0,0.3963482070549185,0.05597223863008142,0.52312533950511,1984,1980,0
track_307,Song 307,Artist 7,0.3745130020000591,0.8135379939321147,-12.105071032583762,0.0035594253131322525,0.00029937540645299686,0.1520011587722213,0.2718146259652471,0.6708389641958857,140.35461245022816,1,2,193356,2019-01-01,77,3.2226,0.8660254037844386,0.5000000000000001,0.3046805563486221,0.5457529851834186,0.00036785609739229763,2019,2010,1
track_308,Song 308,Artist 8,0.7759082655533981,0.4021106713630974,-26.69868658917856,0.023067990698536073,0.07594452326368124,0.0019591920027095307,0.4217404406624353,0.4836535282186323,180.82402909503986,1,11,169282,2015-01-01,47,2.8213666666666666,-0.5000000000000004,0.8660254037844384,0.3120009935778534,0.194482244939125,0.15886107975856603,2015,2010,1
track_309,Song 309,Artist 9,0.33020741357276306,0.8251943512343959,-19.98852885875093,0.031203310823324067,0.1424915283340267,0.039602000658872934,0.3658391783255612,0.16191078569816963,127.39357964477985,1,10,248451,1972-01-01,13,4.14085,-0.8660254037844386,0.5000000000000001,0.2724852924159641,0.13360786576205239,0.1472496231400557,1972,1970,1
track_310,Song 310,Artist 10,0.47312570759979067,0.1713022132823609,-15.285053777183542,0.06413957389264606,3.7732937270171932e-06,0.09887505043633199,0.3578920882635709,0.2428446283792336,70.9938060318202,1,6,241347,1998-01-01,2,4.02245,1.2246467991473532e-16,-1.0,0.08104748087262725,0.04159982232509515,2.2026502260263872e-05,1998,1990,1
track_311,Song 311,Artist 11,0.16668792414092606,0.8963868238938696,-4.647546784129901,0.0534618234187654,0.5160003926189467,0.032184601961701094,0.22351153490011288,0.10804161241026164,138.47550933834793,0,3,303786,2016-01-01,49,5.0631,1.0,6.123233995736766e-17,0.14941685890214698,0.09684707779680692,0.3653389249401631,2016,2010,0
track_312,Song 312,Artist 12,0.12154813190313889,0.5873572147768252,-15.687149170136559,0.06168135137033334,0.11721734363225092,0.24033638438050572,0.1522783287720938,0.5668641857377162,106.49034471533486,0,6,318107,1996-01-01,92,5.301783333333334,1.2246467991473532e-16,-1.0,0.07139217221595383,0.33295176929163794,0.16636589537242308,1996,1990,1
track_313,Song 313,Artist 13,0.9182511524762362,0.8273950152666194,-9.634495785081736,0.00041994268560583943,0.7842807197732317,0.10048199743274278,0.19751641867340985,0.6098265313268083,81.69184994731103,0,11,143814,1974-01-01,53,2.3969,-0.5000000000000004,0.8660254037844384,0.7597564263216663,0.5045674321971341,0.48662408702812177,1974,1970,2
track_314,Song 314,Artist 14,0.8105831024353749,0.5025632732212871,-1.2083116690269584,0.012273765431517149,0.5508933740749165,0.007462303111460601,0.09149929037250958,0.5051680685198999,178.8648318596862,0,10,275161,2000-01-01,5,4.586016666666667,-0.8660254037844386,0.5000000000000001,0.4073692971777879,0.2538789180422364,0.5229383217150071,2000,2000,0
track_315,Song 315,Artist 15,0.6915780751796432,0.6727841487249072,-26.186815522958533,0.05418878807356186,0.6903409054757107,0.23969571901282696,0.1985980563676828,0.7853919197023534,133.02393181875703,1,4,324234,1991-01-01,48,5.4039,0.8660254037844387,-0.4999999999999998,0.46528276658654616,0.5283992341123686,0.5064395206506044,1991,1990,2
track_316,Song 316,Artist 16,0.44761000275212937,0.5684983682331408,-22.032785759933933,0.03308139547050123,0.012393085175040222,0.3164545279286612,0.056900673219034595,0.8249079391772122,190.65869773306935,1,5,306903,2004-01-01,22,5.11505,0.49999999999999994,-0.8660254037844387,0.25446555616941724,0.4689588173648081,0.02133456047212901,2004,2000,1
track_317,Song 317,Artist 17,0.2473001720602189,0.7511146743622453,-18.557293807668252,0.0002663821192736602,0.039331684813883314,0.00808981934215118,0.5204438004769837,0.6040619570148139,172.8423106444297,1,6,283818,1976-01-01,91,4.7303,1.2246467991473532e-16,-1.0,0.18575078820673857,0.4537198001378026,0.04975876553611127,1976,1970,1
track_318,Song 318,Artist 18,0.23297148627042313,0.17265068400722472,-17.76698282237389,0.08160837477457025,0.46393344171924755,0.07600570120703898,0.2872815555407622,0.061480831736687495,157.01605112831345,0,9,201673,1975-01-01,77,3.3612166666666665,-1.0,-1.8369701987210297e-16,0.040222686458768316,0.010614707652672186,0.7287846086409979,1975,1970,4
track_319,Song 319,Artist 19,0.31270646343990605,0.15371335475160178,-18.080388817299173,0.07409833644919388,0.04215027069626171,0.03614926479090421,0.7798585335701815,0.675706690172962,60.70357047114367,0,11,171940,1995-01-01,77,2.865666666666667,-0.5000000000000004,0.8660254037844384,0.04806715954785707,0.10386514217458719,0.2152010379611991,1995,1990,1
track_320,Song 320,Artist 20,0.5668426650002024,0.31992187826903035,-3.6792809258599064,0.03975004405811175,0.03588923373323551,0.04989614101781277,0.1952877880822234,0.4261992952283164,119.89528392935499,0,6,206796,1970-01-01,19,3.4466,1.2246467991473532e-16,-1.0,0.18134537006988752,0.13635047904637995,0.10086568872339839,1970,1970,1
track_321,Song 321,Artist 21,0.707406534295053,0.24199476530073763,-9.293053310461165,0.003438751498821395,0.7550707366767127,0.019802568520003644,0.30937142773219545,0.5590017349037483,87.64807943128451,1,6,156476,1988-01-01,76,2.6079333333333334,1.2246467991473532e-16,-1.0,0.17118867823893955,0.1352754936407377,0.7572922520004481,1988,1980,4
track_322,Song 322,Artist 22,0.6611677702100716,0.8758873742670595,-12.370748791369593,0.07273188279549896,0.9581226964901678,0.08629208373933092,0.31838086898114987,0.6341725418169959,187.51170754684148,1,6,277355,1976-01-01,90,4.622583333333333,1.2246467991473532e-16,-1.0,0.5791085021993062,0.5554637224843555,0.5224192545874752,1976,1970,2
track_323,Song 323,Artist 23,0.3379438124040514,0.2951004487486595,-21.02819118197932,0.04381908822958591,0.6945417117149087,0.3169594192177082,0.05633862204684541,0.36521295289436906,84.44175785469044,0,10,252841,2005-01-01,59,4.214016666666667,-0.8660254037844386,0.5000000000000001,0.09972737069226836,0.10777450628795135,0.7018102478367777,2005,2000,4
track_324,Song 324,Artist 24,0.9116354885637149,0.9685200776790268,-6.1100788575824545,0.07615383210126404,0.006596315995285988,0.06993113405610428,0.6794059647795943,0.8753886546546148,100.04840723229998,0,6,162278,1981-01-01,98,2.7046333333333332,1.2246467991473532e-16,-1.0,0.8829372741986867,0.8478314878054263,0.006764637814971788,1981,1980,2
track_325,Song 325,Artist 25,0.7272123791914032,0.39983725467628506,-2.3032451669353193,0.06966534304535216,0.07623918441080915,0.00865546610033257,0.07399584510824354,0.17057738007480308,132.35714748282987,1,2,298066,1989-01-01,44,4.967766666666667,0.8660254037844386,0.5000000000000001,0.29076660126250026,0.0682031913589825,0.16014030103380275,1989,1980,1
track_326,Song 326,Artist 26,0.5712009446346906,0.2620849449629424,-6.18524980604343,0.08122810339259656,0.0376088742122379,0.09675875354189374,0.7551348760469311,0.6543606265529337,96.8709066597311,1,11,313970,1992-01-01,60,5.232833333333334,-0.5000000000000004,0.8660254037844384,0.1497031681373636,0.17149806879604212,0.12549057176145054,1992,1990,1
track_327,Song 327,Artist 27,0.6199626342991994,0.8028316713568064,-29.954611949447287,0.036491395017543886,0.0006677044590574021,0.04158533714334153,0.7190557633202155,0.05392362196092239,89.38105481907697,1,2,135634,1994-01-01,55,2.2605666666666666,0.8660254037844386,0.5000000000000001,0.49772563787319485,0.043291591544499915,0.0008309945821486687,1994,1990,1
track_328,Song 328,Artist 28,0.45666005306362145,0.6862499201957797,-11.544360264681195,0.007560015384221204,0.9521001601158002,0.19374225975811324,0.45164143706447263,0.8821859948646626,143.87390551438534,0,6,356107,1999-01-01,1,5.935116666666667,1.2246467991473532e-16,-1.0,0.3133829249715107,0.6054000685737092,0.581133171978457,1999,1990,3
track_329,Song 329,Artist 29,0.31057134107598383,0.5433941876432937,-28.517073938179077,0.05560881426470513,0.4916533676281799,0.05703600610266977,0.457696681183469,0.15125371991428233,72.45013318570334,0,1,246259,1998-01-01,44,4.104316666666667,0.49999999999999994,0.8660254037844387,0.16876266158927253,0.08219039226084772,0.47500512427576747,1998,1990,0
track_330,Song 330,Artist 30,0.4025767768535723,0.5942735603344919,-22.529390610322068,0.04844158034676422,0.4788940472316924,0.021423288069852817,0.5403334422171173,0.13539580713281718,68.14348622092946,0,1,262037,2000-01-01,39,4.367283333333333,0.49999999999999994,0.8660254037844387,0.23924073448875666,0.08046214835918146,0.44624306362982963,2000,2000,0
track_331,Song 331,Artist 31,0.7441691938947137,0.7400895826623148,-28.27378368991462,0.06778887608141981,0.9206414876887449,0.021208693001607017,0.3402875089511652,0.34970686974701976,112.11434132605,0,2,278638,1987-01-01,23,4.643966666666667,0.8660254037844386,0.5000000000000001,0.5507518681396899,0.2588144112852164,0.5543588301357556,1987,1980,0
track_332,Song 332,Artist 32,0.1122344653352925,0.30332471978485587,-12.489931864467756,0.009309311113175608,0.9444978896919106,0.14643172265073257,0.5354167125483916,0.3862096574351725,160.89302363110073,1,3,172196,2010-01-01,28,2.8699333333333334,1.0,6.123233995736766e-17,0.03404348774803072,0.11714693611972887,0.7569161879281596,2010,2010,4
track_333,Song 333,Artist 33,0.1986617444308788,0.9867371852905004,-10.088892508714402,0.010844109723041844,0.2753953796037266,0.03086845529820538,0.08357629151636516,0.24287006509059073,137.67294615835272,1,5,218679,1988-01-01,66,3.64465,0.49999999999999994,-0.8660254037844387,0.19602693052462608,0.2396489244188101,0.21819828523996676,1988,1980,1
track_334,Song 334,Artist 34,0.13910224571848984,0.967565914310637,-26.67985849608875,0.11055023720907294,0.9449741180030702,0.14577190191153025,0.09053572051229493,0.5766094948344123,119.20270558534904,1,7,299357,1973-01-01,67,4.989283333333334,-0.4999999999999997,-0.8660254037844388,0.1345905915612735,0.5579076930696526,0.4940935133087746,1973,1970,3
track_335,Song 335,Artist 35,0.1346194819711246,0.6787898608487738,-18.868672391695597,0.06931027794356051,0.9750838917641099,0.02305299018188907,0.39292281471465823,0.4486226882377672,139.20521899144154,0,9,250861,1970-01-01,65,4.181016666666666,-1.0,-1.8369701987210297e-16,0.09137833943471368,0.30452053212251684,0.5895754138719501,1970,1970,3
track_336,Song 336,Artist 36,0.8271414964093561,0.2775927813269392,-16.76914124028928,0.11942266819727804,0.4543824903126399,0.0388145514963874,0.46221672582952616,0.08075803013697867,111.16320785145831,1,9,306571,2010-01-01,83,5.109516666666667,-1.0,-1.8369701987210297e-16,0.22960850853919965,0.022417846200208688,0.6207612294519503,2010,2010,0
track_337,Song 337,Artist 37,0.6981091804730201,0.7054031357638493,-19.297462368933417,0.07108889013113905,0.020676570472658067,0.06263991754552214,0.7158632302518643,0.3376868560297705,191.0604869604958,1,6,139420,1984-01-01,53,2.3236666666666665,1.2246467991473532e-16,-1.0,0.49244840501119935,0.2382053671496356,0.028476958959329595,1984,1980,1
track_338,Song 338,Artist 38,0.5030477547242264,0.1642565839914665,-26.490274985929403,0.04546020829885577,0.985256049621529,0.2868145887147148,0.1284954754309222,0.7793896222158534,67.6866847275084,1,3,276308,1977-01-01,52,4.605133333333334,1.0,6.123233995736766e-17,0.08262890577557853,0.12801987694357567,0.857106884869913,1977,1970,4
track_339,Song 339,Artist 39,0.18315903655335125,0.1272807269631674,-17.850514084563216,0.05308501052794628,0.17252989457129847,0.2684305717168057,0.666985945395417,0.6707313813756817,154.2748070641769,1,1,126218,1984-01-01,78,2.1036333333333332,0.49999999999999994,0.8660254037844387,0.023312615322383896,0.08537117781850624,0.5754609967694823,1984,1980,4
track_340,Song 340,Artist 40,0.5178734938493075,0.32933777077498017,-8.215836613555876,0.10996891050998268,0.9782872308741573,0.023177050094335735,0.2075355029690522,0.7023837682218924,184.77957307588508,1,1,244283,1984-01-01,48,4.071383333333333,0.49999999999999994,0.8660254037844387,0.17055530200778132,0.2313215044547284,0.7481399342322436,1984,1980,4
track_341,Song 341,Artist 41,0.5024510051634808,0.5117344314979915,-27.940777728535593,0.043233176760201775,0.9801403443789727,0.04435082192461452,0.3455627363825239,0.6783052316751712,172.54385922293548,0,3,300964,2019-01-01,31,5.016066666666666,1.0,6.123233995736766e-17,0.25712147948292824,0.34711214211340713,0.6569852264025269,2019,2010,0
track_342,Song 342,Artist 42,0.2472215894235129,0.8727625298134587,-27.674779591624798,0.050036814396570296,0.8366152055921225,0.016181257720421238,0.2874518261205597,0.3298757192447299,85.76574487500254,1,5,325103,2008-01-01,60,5.418383333333334,0.49999999999999994,-0.8660254037844387,0.21576573980976932,0.2879031672520647,0.4894264730593015,2008,2000,0
track_343,Song 343,Artist 43,0.4687739018522771,0.7471804720920141,-19.711632536756458,0.008508388667527143,0.9144222587212819,0.071331943796045,0.3501164546490492,0.13969752986909828,101.42968885724036,1,2,350461,1991-01-01,41,5.8410166666666665,0.8660254037844386,0.5000000000000001,0.3502587052903999,0.10437926631768109,0.5503251116761183,1991,1990,0
track_344,Song 344,Artist 44,0.4387290242377674,0.7610088038679831,-2.689954363051175,0.032115215290834484,0.02365744836196242,0.06172655193274871,0.16287162355443918,0.2952204656297864,160.38671141899465,0,5,184057,1987-01-01,0,3.067616666666667,0.49999999999999994,-0.8660254037844387,0.3338766499573507,0.22466537342627274,0.030149656806411032,1987,1980,1
track_345,Song 345,Artist 45,0.6234725833443839,0.47868906765878705,-10.611393245035494,0.06300901504357143,0.04078824788754181,0.2310215757108007,0.4276775558026662,0.7986067701666433,71.79787828530718,0,4,198609,1985-01-01,62,3.31015,0.8660254037844387,-0.4999999999999998,0.29844950963193856,0.3822843302370657,0.07851771030066061,1985,1980,1
track_346,Song 346,Artist 46,0.6398296032374972,0.40788214336679696,-10.31857125649562,0.015800147346499278,0.195857785815385,0.26593368654707666,0.6512319423735256,0.932423718004764,173.66063797656176,1,4,327979,1971-01-01,34,5.466316666666667,0.8660254037844387,-0.4999999999999998,0.26097506995803765,0.380318984625821,0.3244070036475594,1971,1970,1
track_347,Song 347,Artist 47,0.13850840830623784,0.43022449905629645,-19.504320265701914,0.011298262711589633,0.8517462056913414,0.048380627461113976,0.3811505077841727,0.49446231326740514,160.64697224467065,1,1,334202,2005-01-01,50,5.570033333333333,0.49999999999999994,0.8660254037844387,0.05958971057863614,0.2127298010276869,0.6644032801480683,2005,2000,4
track_348,Song 348,Artist 48,0.4184207224325005,0.9790081117250915,-12.783837054952386,0.018831260848764964,0.893005616992952,0.06767581042149468,0.4179601819236493,0.058730319430738004,162.14493089294797,1,7,262298,1989-01-01,70,4.3716333333333335,-0.4999999999999997,-0.8660254037844388,0.40963728137529093,0.057497459126898263,0.4770291618402397,1989,1980,0
track_349,Song 349,Artist 49,0.6319809283571008,0.13569718035710943,-29.70619566319544,0.013820665406717284,0.40686147187570093,0.2265638590303236,0.6865756889609858,0.17604033092080612,74.0337918374628,1,4,243108,1985-01-01,44,4.0518,0.8660254037844387,-0.4999999999999998,0.08575803001752696,0.023888176535085855,0.7498926066494863,1985,1980,4
track_350,Song 350,Artist 0,0.5276658197930746,0.8716580315489793,-11.553214654123277,0.012098013849627498,0.17876021409870768,0.16435522854359863,0.5795435859785232,0.33987251778463917,160.48647627427232,0,10,303343,1972-01-01,76,5.055716666666667,-0.8660254037844386,0.5000000000000001,0.4599441497965098,0.29625260982975404,0.1701798732643026,1972,1970,2
track_351,Song 351,Artist 1,0.8280163650100739,0.6150211136294301,-3.5146785202891344,0.02765629340582181,0.4270443725820964,0.00036630119890548543,0.4178408063898385,0.5707268137336547,155.17453753079582,1,1,130046,1999-01-01,64,2.1674333333333333,0.49999999999999994,0.8660254037844387,0.5092475469118883,0.3510090405606487,0.40980530343570776,1999,1990,2
track_352,Song 352,Artist 2,0.6598895868761032,0.49036772307873555,-12.235369418000243,0.11921064783844443,0.16215567773684203,0.03857500790362184,0.24327173614188474,0.11758428122478257,176.3291487150591,0,6,237462,1971-01-01,13,3.9577,1.2246467991473532e-16,-1.0,0.3235885541998022,0.057659536254046344,0.24850515556838454,1971,1970,1
track_353,Song 353,Artist 3,0.23849426301921522,0.7454793177694715,-4.662740789475993,0.03536835497793161,0.15918828527333245,0.05477909016825844,0.7136950601337251,0.8990215688388934,65.82343387590574,1,8,229345,2004-01-01,92,3.822416666666667,-0.8660254037844385,-0.5000000000000004,0.17779254048749746,0.6702019857980582,0.17596309271473692,2004,2000,3
track_354,Song 354,Artist 4,0.15998343529036538,0.5331353578679855,-9.00478139148328,0.010407844522212927,0.9518411484299594,0.026099636925108638,0.4827653012679188,0.3785753059559606,63.23549358549091,1,8,157117,1995-01-01,2,2.6186166666666666,-0.8660254037844385,-0.5000000000000004,0.08529282602647864,0.20183188122081316,0.6409801794256825,1995,1990,4
track_355,Song 355,Artist 5,0.6460563864753682,0.8773466818926778,-26.503805924292983,0.00400476754442232,0.015221188051957837,0.022260821450245757,0.21586070758302006,0.8713257961323407,112.2209939829985,1,0,249980,1974-01-01,23,4.166333333333333,0.0,1.0,0.5668154269897379,0.764454796084205,0.017053236522692056,1974,1970,2
track_356,Song 356,Artist 6,0.12253461396037854,0.9016246589700201,-3.828854088710589,0.059562067242692335,0.2009310657603168,0.0038516847784146237,0.2518398144785078,0.7524696224813195,80.8303597388814,0,6,256037,1971-01-01,64,4.267283333333333,1.2246467991473532e-16,-1.0,0.11048022952404936,0.6784451667550195,0.1822410232992416,1971,1970,3
track_357,Song 357,Artist 7,0.5979092440824438,0.47533162491737535,-28.07312851368253,0.02412800783049135,0.001347613159682877,0.10310556783058766,0.6523498167021845,0.729893545264023,138.17382685983108,1,8,310550,2020-01-01,47,5.175833333333333,-0.8660254037844385,-0.5000000000000004,0.2842051725428276,0.3469414848870519,0.0028270799836787597,2020,2020,1
track_358,Song 358,Artist 8,0.899195705211214,0.3463767395391959,-14.51494329611485,0.08625112205608029,0.969842465682392,0.03045031440630217,0.0831091715655916,0.5960476218040088,188.42884621094484,1,5,329944,1989-01-01,9,5.499066666666667,0.49999999999999994,-0.8660254037844387,0.31146047657870823,0.2064570318505643,0.736839065252852,1989,1980,0
track_359,Song 359,Artist 9,0.5891530511944971,0.6271917924480924,-25.87802340998973,0.05386858899283821,0.8651032043692399,0.005376706577671819,0.7940691402716151,0.6141054353466602,114.8071622467622,0,0,308349,2003-01-01,12,5.13915,0.0,1.0,0.36951195820493943,0.38516188874718793,0.5797128761413777,2003,2000,0
track_360,Song 360,Artist 10,0.42994443727554366,0.912003377598855,-29.660508288803783,0.07954097836041615,0.9584066494059877,0.026263740545357683,0.14776375978609385,0.6242029116946233,178.2930528181646,1,1,336451,2003-01-01,99,5.607516666666666,0.49999999999999994,0.8660254037844387,0.39211077897513485,0.5692751637725363,0.5124042980759792,2003,2000,3
track_361,Song 361,Artist 11,0.6467949856760001,0.28748934821504324,-17.761006456298468,0.0158690055927186,0.1960843951078375,0.1619053761055127,0.6470513940477031,0.6158492483230239,60.03372243250131,0,3,310685,1989-01-01,72,5.178083333333333,1.0,6.123233995736766e-17,0.1859466688607515,0.17705009899911045,0.40548932262352017,1989,1980,1
track_362,Song 362,Artist 12,0.4895149569177891,0.6544402593714996,-21.443819478029468,0.05894107541012077,0.009618169537968357,0.19070974725278722,0.34608148757876217,0.5483554082585251,83.59205008428579,1,3,137373,2019-01-01,13,2.28955,1.0,6.123233995736766e-17,0.3203582953715064,0.3588658556084738,0.014483898758524537,2019,2010,1
track_363,Song 363,Artist 13,0.5637742709185447,0.6620885958823433,-15.905985679869513,0.015330469106684043,0.00015616312062053932,0.06598405465197246,0.4191621374656001,0.9377726166346,64.25929555157198,0,1,165452,1994-01-01,99,2.7575333333333334,0.49999999999999994,0.8660254037844387,0.37326851542705103,0.6208885550045132,0.00023580841175283455,1994,1990,2
track_364,Song 364,Artist 14,0.9002450874600464,0.7524705899496,-13.261203284698027,0.1399002329675527,0.1382708857949296,0.05379753144501063,0.7104879330984335,0.7090615106831265,105.94060527210961,0,7,301161,1989-01-01,9,5.01935,-0.4999999999999997,-0.8660254037844388,0.6774079520602904,0.5335479332542868,0.15523104551554642,1989,1980,2
track_365,Song 365,Artist 15,0.42818724213065806,0.21709523976326123,-28.731566903040527,0.05058150931618789,0.970415074685467,0.3810084545911345,0.3596833921919099,0.749251749553269,187.1465433975104,0,1,126654,1994-01-01,39,2.1109,0.49999999999999994,0.8660254037844387,0.09295741199392481,0.1626589882123099,0.8171838557478986,1994,1990,4
track_366,Song 366,Artist 16,0.9170119792503271,0.7370842185670589,-26.432904441411377,0.019615979526792976,0.9565709118923936,0.022384962501067224,0.45312031525492585,0.8352165335753068,73.57329730385828,1,2,282352,2022-01-01,22,4.705866666666667,0.8660254037844386,0.5000000000000001,0.6759150581423593,0.6156249259846427,0.5647964156885238,2022,2020,2
track_367,Song 367,Artist 17,0.8695480456626541,0.9090389433924205,-13.799370502937666,0.01570211432581741,0.6478977757874699,0.02425293511346591,0.08697474680687746,0.24407578645326422,144.89736874413205,0,3,307213,1983-01-01,98,5.120216666666667,1.0,6.123233995736766e-17,0.7904530366581233,0.22187439502514938,0.416135962155729,1983,1980,2
track_368,Song 368,Artist 18,0.26642246457090196,0.25991796689451535,-20.04814675799291,0.010593280914634785,0.8820714351904607,0.034512359982773744,0.05176060540058987,0.12542374318555471,123.20943147672219,0,8,243319,2016-01-01,54,4.055316666666666,-0.8660254037844385,-0.5000000000000004,0.06924798532629489,0.0325998843290892,0.7723982912466066,2016,2010,4
track_369,Song 369,Artist 19,0.15895710574389063,0.3114135591822511,-8.853968861066008,0.059313350537874024,0.03184957631263564,0.018965717873642415,0.23359990475129444,0.4846049929387387,191.38554973121376,1,9,225646,2013-01-01,62,3.7607666666666666,-1.0,-1.8369701987210297e-16,0.04950139805701443,0.1509125656485423,0.09278445668877654,2013,2010,1
track_370,Song 370,Artist 20,0.18566130117081264,0.9645416336970593,-11.08354219083375,0.01234080317687602,0.43703860839491276,0.047701309538173225,0.5604373196890755,0.5126726260573459,77.15267995519314,0,0,339015,2012-01-01,70,5.65025,0.0,1.0,0.17907805474561736,0.49449409228911395,0.31181824875352765,2012,2010,3
track_371,Song 371,Artist 21,0.11548855180381727,0.2610694879114459,-5.477473473292701,0.04523086485645732,0.8341340534859889,0.2417258023679405,0.14094867001935252,0.796263601954926,89.68389907031205,1,7,318966,2012-01-01,41,5.3161,-0.4999999999999997,-0.8660254037844388,0.030150537079057068,0.20788013080489592,0.7616239907311461,2012,2010,4
track_372,Song 372,Artist 22,0.18027651664253913,0.8604027330989255,-9.917708026592468,0.01536941705045495,0.035901302583562285,0.09554158352324917,0.13532146910341208,0.44940522135410205,64.13587560560906,1,11,146583,2008-01-01,98,2.44305,-0.5000000000000004,0.8660254037844384,0.1551104076327946,0.38666948072199697,0.040054781747628346,2008,2000,1
track_373,Song 373,Artist 23,0.6805557574039033,0.538127292238751,-17.531998755685706,0.054230875420584114,0.8076046282666829,0.053093743149436295,0.3582204560269275,0.5637677229898814,120.75093494839233,0,4,214242,1981-01-01,65,3.5707,0.8660254037844387,-0.4999999999999998,0.3662256269492548,0.30337879822415115,0.6001225175968503,1981,1980,0
track_374,Song 374,Artist 24,0.16051035119119464,0.32003565621882757,-10.48396795056146,0.08435368576448173,0.6053925251701607,0.27243441479626285,0.53587777895617,0.5243638446621125,98.8966059390516,0,6,257432,2017-01-01,78,4.290533333333333,1.2246467991473532e-16,-1.0,0.05136903557338845,0.16781512712386654,0.6541748816063045,2017,2010,4
track_375,Song 375,Artist 25,0.37112928574969706,0.8749674121325351,-22.013945946592862,0.07525958057169423,0.6591819695831636,0.004967800228068653,0.5840539941859479,0.08438250538165196,181.78683074464493,1,7,173968,1974-01-01,72,2.8994666666666666,-0.4999999999999997,-0.8660254037844388,0.3247260307190086,0.07383194236304373,0.42967233032655855,1974,1970,0
track_376,Song 376,Artist 26,0.8181440143240364,0.4963216769523723,-21.116908535431833,0.071533493706326,0.38321094320796256,0.0236071986923534,0.1838380055737811,0.6036934069372226,144.69171384768572,0,4,254815,1971-01-01,46,4.2469166666666665,0.8660254037844387,-0.4999999999999998,0.4060626091778514,0.29962612409617323,0.4356978908186648,1971,1970,0
track_377,Song 377,Artist 27,0.119781145375452,0.5581874449974242,-7.119430362296995,0.010395656616596674,0.8450982132999627,0.08344541075434665,0.10969111052903184,0.795238957196827,145.97270331659826,0,7,258231,1985-01-01,80,4.30385,-0.4999999999999997,-0.8660254037844388,0.06686033149598859,0.4438924016801129,0.6022277831140529,1985,1980,3
track_378,Song 378,Artist 28,0.7922982102005953,0.41971769876579146,-17.053834024354117,0.00462687345025399,0.41388561112328726,0.0955948360763483,0.7552977754591582,0.1917504932682234,134.46749756338232,0,9,283223,1999-01-01,51,4.720383333333333,-1.0,-1.8369701987210297e-16,0.3325415815216492,0.08048107577174411,0.49650128509815383,1999,1990,0
track_379,Song 379,Artist 29,0.33957655855738994,0.6277262577770854,-6.846970124967779,0.060023751182859054,0.9834403044278693,0.0040361170052217584,0.2454997869215763,0.5848985605339362,72.85904721208814,0,10,251590,2016-01-01,17,4.1931666666666665,-0.8660254037844386,0.5000000000000001,0.21316112233205167,0.3671561845831718,0.6103898362265856,2016,2010,3
track_380,Song 380,Artist 30,0.20044010347840782,0.24553624660067028,-6.149751163619925,0.02297077123598895,0.26241614100162897,0.051590308881447625,0.690009873206543,0.584249490001773,122.30261572154973,1,7,136652,2012-01-01,78,2.2775333333333334,-0.4999999999999997,-0.8660254037844388,0.04921531067633821,0.14345442685339116,0.5166146095418641,2012,2010,4
track_381,Song 381,Artist 31,0.6922265905595281,0.448062567620067,-5.130692207822772,0.02831217998206428,0.26554825125196446,0.10474077979914793,0.6976185878471137,0.19776646765072287,199.93072655919232,1,8,329533,2007-01-01,17,5.492216666666667,-0.8660254037844385,-0.5000000000000004,0.310160823540987,0.08861175128473381,0.37211862840458915,2007,2000,1
track_382,Song 382,Artist 32,0.6346014197629014,0.9627769668784059,-3.4175781606049895,0.0015822270730651905,0.24029354158788085,0.11975618862576379,0.6293919438219084,0.1611172163576624,176.9321007184421,0,1,233114,2014-01-01,23,3.8852333333333333,0.49999999999999994,0.8660254037844387,0.6109796300960563,0.1551199448767221,0.19973338234417554,2014,2010,2
track_383,Song 383,Artist 33,0.8458512114979949,0.3297387551040035,-17.50142860511441,0.015026644533912373,0.05827929185814581,0.10164976128949628,0.17662520498942758,0.9320467486788363,185.08426758339624,1,2,322083,2020-01-01,22,5.36805,0.8660254037844386,0.5000000000000001,0.27890992548256205,0.30733193460809355,0.15019698727271724,2020,2020,1
track_384,Song 384,Artist 34,0.7248103872333028,0.6844956314417501,-20.752862268686975,0.0017128257613789892,0.8773157333651525,0.038649109513703955,0.6663510944406503,0.40434725268773375,175.25169029450993,0,0,222489,2011-01-01,11,3.70815,0.0,1.0,0.496129543684799,0.2767739280502272,0.5617292788392164,2011,2010,0
track_385,Song 385,Artist 35,0.7829587908271213,0.38941915715997844,-13.116236348770698,0.10567506119683948,0.1319835072269594,0.00981864482591309,0.62693791943119,0.25467955585117635,74.42583708033757,0,3,354537,1993-01-01,22,5.90895,1.0,6.123233995736766e-17,0.3048991524148934,0.09917709798544275,0.2531311462533439,1993,1990,1
track_386,Song 386,Artist 36,0.3397293866856105,0.7883910818610745,-19.2359997203088,0.01394580914974728,0.8330686662168797,0.05570658230948124,0.4975422425796628,0.20419209000893745,91.84275556907195,0,4,293420,2020-01-01,20,4.890333333333333,0.8660254037844387,-0.4999999999999998,0.26783961870906775,0.1609832227496201,0.5137766468934768,2020,2020,0
track_387,Song 387,Artist 37,0.2508236122127644,0.21647755803933136,-12.568849162793246,0.040747345192775196,0.35529012546138555,0.013783141002574545,0.3029015263767146,0.6508415422249115,60.43703118989735,0,10,326494,1999-01-01,63,5.441566666666667,-0.8660254037844386,0.5000000000000001,0.054297683070423444,0.1408925877314012,0.6213878719031664,1999,1990,4
track_388,Song 388,Artist 38,0.7380225388947296,0.9631407301199048,-9.538009983329086,0.001987967584027298,0.24164842574780365,0.2949300288097285,0.24688145319990806,0.598500767594551,102.4914174829356,1,0,197001,2006-01-01,89,3.28335,0.0,1.0,0.7108195669560157,0.5764404662783392,0.20057304134740772,2006,2000,2
track_389,Song 389,Artist 39,0.7858095283771743,0.5038726918314389,-10.036254463728032,0.054957730480725414,0.2642707099955456,0.06446825284545378,0.1414169090602692,0.6291969106886757,75.20503632850895,0,7,244269,2022-01-01,71,4.07115,-0.4999999999999997,-0.8660254037844388,0.3959479623302003,0.31703514108072844,0.3440377998811081,2022,2020,2
track_390,Song 390,Artist 40,0.9419293707005723,0.3100849123783529,-19.13796627641648,0.01950621997161652,0.0005769561583735872,0.03816399560776199,0.4323178001756535,0.12920542476030702,126.19106834222163,1,1,196757,2008-01-01,93,3.2792833333333333,0.49999999999999994,0.8660254037844387,0.29207808638028404,0.04006465281560767,0.0018571777215962313,2008,2000,1
track_391,Song 391,Artist 41,0.4507250253747125,0.16541210512371127,-25.16105415073617,0.11409952473304837,0.928207343469115,0.14537344578667663,0.4889456566323849,0.8541811251485932,154.79784840034625,0,0,144395,1980-01-01,33,2.4065833333333333,0.0,1.0,0.07455537527916938,0.14129189806776907,0.848747245594621,1980,1980,4
track_392,Song 392,Artist 42,0.4162153729238657,0.25108453552791127,-17.51464918459598,0.10951561116018707,0.5953735637705063,0.06890527593188502,0.3195042428868404,0.4003397571281434,182.4307413053308,1,1,253407,1983-01-01,1,4.22345,0.49999999999999994,0.8660254037844387,0.10450524359016519,0.1005191219718767,0.703369559455357,1983,1980,4
track_393,Song 393,Artist 43,0.7599510166306973,0.5625988142148557,-25.864769821624648,0.0196736613271068,0.21726216162086948,0.037111299276958915,0.4065193007606514,0.3320324657873221,164.89040311272575,1,4,221978,1992-01-01,68,3.6996333333333333,0.8660254037844387,-0.4999999999999998,0.4275475408178044,0.18680107153278205,0.2785905305718289,1992,1990,1
track_394,Song 394,Artist 44,0.38968300921506516,0.3999328270238448,-4.187185979669557,0.11561202569055898,0.00578283399482722,0.16711417478432217,0.32263584302695,0.46612530252296525,191.40198340899073,1,8,321184,2022-01-01,30,5.353066666666667,-0.8660254037844385,-0.5000000000000004,0.15584702751854,0.1864188099853544,0.01425338062358026,2022,2020,1
track_395,Song 395,Artist 45,0.89114372676303,0.8377061956355224,-19.969553638602136,0.2780838618074186,0.11707470346385261,0.2018550798108914,0.5307545429905259,0.4010594591728654,67.54576065513044,1,8,251572,1985-01-01,96,4.192866666666666,-0.8660254037844385,-0.5000000000000004,0.7465166211111193,0.3359699937673412,0.12261931607028435,1985,1980,2
track_396,Song 396,Artist 46,0.82965083906656,0.4834898960590073,-25.520667330523608,0.08726736769711309,0.40873888025039234,0.11178200817565918,0.7259444058474225,0.8272193028252313,61.7051769583158,0,1,244541,2019-01-01,67,4.075683333333333,0.49999999999999994,0.8660254037844387,0.40112779794555925,0.39995217474097555,0.45810943672053983,2019,2010,2
track_397,Song 397,Artist 47,0.4646449232687656,0.3213557026029906,-29.262014962733225,0.09317502459260152,0.8633298995601301,0.004810304381874898,0.17294019653520865,0.8863348776781028,152.58733593706978,1,1,343283,1990-01-01,69,5.721383333333334,0.49999999999999994,0.8660254037844387,0.14931629577794683,0.28482876735778245,0.7287411691697829,1990,1990,4
track_398,Song 398,Artist 48,0.7382404076227728,0.6492590380775868,-11.271150797691956,0.014318062996046741,0.989833657445566,0.08354549852772783,0.33605660742734256,0.3231078948046456,100.50933743111447,0,2,128083,1973-01-01,86,2.134716666666667,0.8660254037844386,0.5000000000000001,0.479309256923167,0.20978072097613829,0.6038908331775621,1973,1970,0
track_399,Song 399,Artist 49,0.7413614429719799,0.7290317230280468,-11.529832793812446,0.042983989925533275,0.15146291354795663,0.1440940267117736,0.15565145296314598,0.8275422267139593,95.49014225480823,1,6,226598,2002-01-01,18,3.7766333333333333,1.2246467991473532e-16,-1.0,0.5404760101564215,0.6033045354197443,0.17202006149281188,2002,2000,2
track_400,Song 400,Artist 0,0.18765528851054272,0.2486672980318454,-20.122479169142544,0.003481220362865055,0.0520053879940649,0.014676486962798697,0.518707827805874,0.7533708165797603,106.3241922771312,1,10,332328,2016-01-01,71,5.5388,-0.8660254037844386,0.5000000000000001,0.04666373355530306,0.187338685374934,0.172962884386176,2016,2010,1
track_401,Song 401,Artist 1,0.8671699706776316,0.24918110249660272,-27.92035522341812,0.004986483092402735,0.41521810446642,0.025963995556916464,0.5966528821164468,0.8877269051102856,97.77144810493098,1,2,256615,1983-01-01,12,4.276916666666667,0.8660254037844386,0.5000000000000001,0.2160823693453989,0.221204768931278,0.6249517988026891,1983,1980,4
track_402,Song 402,Artist 2,0.5294645165806786,0.13263756997085324,-18.120762048038273,0.3402875609944641,0.46267422555281934,0.21412752872710517,0.7489345494480919,0.27117528096729904,131.60109688222224,0,0,319884,1988-01-01,64,5.3314,0.0,1.0,0.07022688686505374,0.03596803030366592,0.7771951636716014,1988,1980,4
track_403,Song 403,Artist 3,0.8024888461915803,0.7553977934084201,-20.974692643161585,0.019773702970479465,0.016330353506737838,0.0020326921004244556,0.25915394469572367,0.5692632351088812,121.62078261137856,1,5,303309,1974-01-01,5,5.05515,0.49999999999999994,-0.8660254037844387,0.6061983036479888,0.4300201916697875,0.021160731808582522,1974,1970,2
track_404,Song 404,Artist 4,0.37204216087601993,0.6907860295834065,-10.36350144768473,0.0689528133814556,0.7011644690935651,0.13972628469338988,0.7626584043990727,0.29709012626640013,131.7399971927319,0,2,216171,2005-01-01,70,3.60285,0.8660254037844386,0.5000000000000001,0.2570015271491768,0.20522570875199947,0.5037276584421304,2005,2000,0
track_405,Song 405,Artist 5,0.8611947442217703,0.5224214794173344,-12.43240176587198,0.08216655588657973,0.9600318595433937,0.06420231562751738,0.0974470038655061,0.7916850414359368,154.17990561006107,0,0,240423,2000-01-01,26,4.00705,0.0,1.0,0.4499066323427702,0.41359327057953577,0.6475962424693784,2000,2000,0
track_406,Song 406,Artist 6,0.4308214269240387,0.8513116995825855,-19.426781882271342,0.09760460575716627,0.9728473015975694,0.05919853529807079,0.5022603975234412,0.05479177151395784,114.19827125596076,0,3,340788,2014-01-01,78,5.6798,1.0,6.123233995736766e-17,0.366763321171298,0.046644876130688136,0.533312484084827,2014,2010,0
track_407,Song 407,Artist 7,0.10921200375825361,0.8170464361255473,-23.681115926605287,0.3022073593021617,0.24433170499413207,0.0007121832648240708,0.09284953950749748,0.5583372465977565,95.18307619990195,1,0,126613,1987-01-01,51,2.1102166666666666,0.0,1.0,0.089231278452811,0.4561874574888478,0.230202097938706,1987,1980,3
track_408,Song 408,Artist 8,0.869574679956374,0.6209653843131094,-1.3469569814878355,0.013820392319829856,0.46898558462454554,0.17114608427343397,0.7203306408214587,0.35528308814472614,83.26807515322437,1,0,230033,2013-01-01,97,3.8338833333333335,0.0,1.0,0.539975775328059,0.2206184993697382,0.43028096465723387,2013,2010,2
track_409,Song 409,Artist 9,0.1775936752682135,0.8727614396568002,-16.83395298531267,0.002059375297847147,0.16085091188459086,0.044601354729272756,0.44735679280254054,0.3404153363700382,108.92637673456758,1,11,317935,2000-01-01,86,5.298916666666667,-0.5000000000000004,0.8660254037844384,0.1549969117010283,0.2971013790515684,0.15562000204885085,2000,2000,1
track_410,Song 410,Artist 10,0.3714165919518526,0.2831986769327237,-10.040047162373124,0.026482715304569138,0.6239604738325232,0.07781945920487245,0.5520112630720971,0.6304156914784252,163.85290653446407,1,1,291612,1999-01-01,47,4.8602,0.49999999999999994,0.8660254037844387,0.10518468743162598,0.1785328897443182,0.687817331158311,1999,1990,4
track_411,Song 411,Artist 11,0.9075526719931841,0.1996084612639778,-25.923963940227537,0.0069677397786978195,0.07660440635521874,0.1131034306780091,0.6736804444328395,0.8163360043825945,165.93868741560573,1,9,196202,1990-01-01,87,3.270033333333333,-1.0,-1.8369701987210297e-16,0.18115519237257105,0.16294757370919352,0.27733729307476246,1990,1990,1
track_412,Song 412,Artist 12,0.9080160748969226,0.34007715425012075,-15.917898709877464,0.0011340586641273957,0.5170529302013293,0.12127766999281808,0.16273296686297656,0.5982758522539936,153.36675413578945,1,7,277327,2016-01-01,78,4.622116666666667,-0.4999999999999997,-0.8660254037844388,0.30879552276430994,0.20345994929110384,0.6032367039077048,2016,2010,0
track_413,Song 413,Artist 13,0.5874222049047931,0.1508073019194902,-29.2014351237855,0.022347712126266645,0.4618886720475125,0.3123112539233472,0.07894367145360039,0.8178556807820502,92.76394454296243,1,1,205666,1999-01-01,98,3.427766666666667,0.49999999999999994,0.8660254037844387,0.08858755780928979,0.12333860857826885,0.753861519923857,1999,1990,4
track_414,Song 414,Artist 14,0.6370616303443294,0.5727408799209185,-15.341801580596952,0.07656329021790305,0.29316072674460597,0.07578776203508225,0.7091608594346391,0.2881374006929269,142.33207441965766,0,10,142068,2010-01-01,67,2.3678,-0.8660254037844386,0.5000000000000001,0.3648712387272661,0.16502806841099324,0.33856085486741844,2010,2010,1
track_415,Song 415,Artist 15,0.48117869368157185,0.9335790661425157,-2.043495193586633,0.0417563585401623,0.056782186791815355,0.051035831792775314,0.28619992059419935,0.517551669288483,139.8965526207587,1,1,169057,1973-01-01,43,2.817616666666667,0.49999999999999994,0.8660254037844387,0.44921835549491745,0.48317540409484205,0.05733476475257025,1973,1970,2
track_416,Song 416,Artist 16,0.34922915594335485,0.13501575119497358,-18.858005323411795,0.01875489395772082,0.8270101999501773,0.30726916469124016,0.14673418094537394,0.4554828851603684,127.79726773536157,0,10,138946,1974-01-01,16,2.3157666666666668,-0.8660254037844386,0.5000000000000001,0.04715143682887863,0.061497363896381024,0.8596538786836937,1974,1970,4
track_417,Song 417,Artist 17,0.37936486356442856,0.20867782346892386,-28.869115635327564,0.05311527239748333,0.30514176354201095,0.10275302590639478,0.4013459278153149,0.0604804095527866,136.99705809374097,0,10,271619,2010-01-01,94,4.526983333333333,-0.8660254037844386,0.5000000000000001,0.07916503402921021,0.012620920227984618,0.5938683097871225,2010,2010,4
track_418,Song 418,Artist 18,0.6716406876654826,0.5024571351722574,-29.102282063339036,0.013199460919587748,0.7144070519622786,0.03540360806268588,0.4987295567720141,0.5511309288266661,128.8506885673135,1,9,205237,2014-01-01,37,3.4206166666666666,-1.0,-1.8369701987210297e-16,0.3374706557895233,0.27691966760307196,0.5870880846255109,2014,2010,4
track_419,Song 419,Artist 19,0.7395183500220279,0.9311487655998354,-18.748383961540785,0.0007242930686019673,0.7212495732771168,0.013520621767970854,0.0732279525668826,0.6453718917315574,139.16389125037514,1,9,125769,1979-01-01,9,2.09615,-1.0,-1.8369701987210297e-16,0.6886015987614383,0.6009372403386702,0.43648623931749564,1979,1970,2
track_420,Song 420,Artist 20,0.7728421871669712,0.38137893342930795,-25.359276842567372,0.07227109981674551,0.7012717777085836,0.1848675921651239,0.2561717436928158,0.582722963977163,160.17083364695804,0,7,275955,1996-01-01,53,4.59925,-0.4999999999999997,-0.8660254037844388,0.29474572905091306,0.2222382624863755,0.6477353432264298,1996,1990,0
track_421,Song 421,Artist 21,0.7711754213753708,0.5514389797326693,-29.322789206482607,0.0488741541994483,0.9975255912660298,0.04497016800340855,0.07459990570767201,0.7126519089050793,75.34794721648156,0,11,181340,1985-01-01,90,3.0223333333333335,-0.5000000000000004,0.8660254037844384,0.4252561875581458,0.3929840415511561,0.643994682608002,1985,1980,0
track_422,Song 422,Artist 22,0.1775251875913868,0.13699984455484898,-8.069805195444872,0.07183784729547109,0.6658580051308393,0.10801921499938888,0.3652515418966242,0.5642055756077694,164.9476053008633,1,5,199199,1999-01-01,5,3.3199833333333335,0.49999999999999994,-0.8660254037844387,0.024320923104590397,0.0772960761552435,0.8293587414419316,1999,1990,4
track_423,Song 423,Artist 23,0.5202572589971942,0.2320254488562591,-16.702832742425173,0.0019858186663832367,0.9998300088519818,0.06364198739911917,0.7213250217996833,0.11007522936568123,79.02406101786319,0,11,224222,1982-01-01,5,3.737033333333333,-0.5000000000000004,0.8660254037844384,0.12071292403955103,0.02554025450152786,0.8116448979064301,1982,1980,4
track_424,Song 424,Artist 24,0.14892494601414763,0.9781008094333737,-21.61190161279302,0.09073696303464501,0.3577721841495649,0.022180667008207908,0.7869893086201769,0.1548009716762403,69.32791977745245,0,10,353931,2005-01-01,51,5.89885,-0.8660254037844386,0.5000000000000001,0.1456636102412593,0.1514109556976034,0.26781881065742325,2005,2000,1
track_425,Song 425,Artist 25,0.5670995499751752,0.9589556398280805,-3.897587692522059,0.048316898045698,0.9699274591055969,0.09205161680201929,0.5277856651277206,0.5868271197895572,196.65115607100546,0,3,286234,1990-01-01,14,4.770566666666666,1.0,6.123233995736766e-17,0.5438233117926606,0.5627411761262644,0.5028438254230986,1990,1990,2
track_426,Song 426,Artist 26,0.4753009261673704,0.10439658303162457,-26.631970154184756,0.04143635930371261,0.8707686173123157,0.0062602336966521045,0.17122827033844384,0.2974812727762761,193.97884764186182,0,2,339460,2014-01-01,67,5.657666666666667,0.8660254037844386,0.5000000000000001,0.04961979260363994,0.031056028393741865,0.8929438048664897,2014,2010,4
track_427,Song 427,Artist 27,0.8545485553445548,0.9471124890266827,-2.2783539602957426,0.048990028862609294,0.5593400359713706,0.05333140363376775,0.7293870424994794,0.12168061613128925,68.46111629167896,1,0,336996,2022-01-01,56,5.6166,0.0,1.0,0.8093536092465371,0.11524523121040567,0.3712959123462461,2022,2020,2
track_428,Song 428,Artist 28,0.3982777606692669,0.6688167446557953,-20.894965196056766,0.099914555846661,0.33232132375902107,0.07910134917464007,0.43718586740004534,0.43664246910369203,122.0554818064947,1,10,153434,2009-01-01,55,2.5572333333333335,-0.8660254037844386,0.5000000000000001,0.26637483535961903,0.2920337947644,0.33194321772419894,2009,2000,1
track_429,Song 429,Artist 29,0.19950696396346498,0.8724472821228196,-4.236293503048245,0.04420769803459724,0.9242118951032616,0.057278431839695915,0.16531198407718856,0.5488903382752898,86.07429136196846,0,2,142102,2014-01-01,6,2.3683666666666667,0.8660254037844386,0.5000000000000001,0.17405930847450035,0.4788778838117516,0.5144055101895678,2014,2010,3
track_430,Song 430,Artist 30,0.22154292974491047,0.5047184715141346,-12.514656582095615,0.04348829704919095,0.12974728460748738,0.13809971173267419,0.7412950020887461,0.34587138951464586,127.94828559881853,0,11,141536,1984-01-01,50,2.3589333333333333,-0.5000000000000004,0.8660254037844384,0.11181680887561452,0.17456767905630194,0.20449816062957898,1984,1980,1
track_431,Song 431,Artist 31,0.7472840369598513,0.5588804654355327,-6.025486567496863,0.23377511053935263,0.9935485714085653,0.17598245865414894,0.6181017880423273,0.6983903320032001,176.22481401994224,0,8,328963,1989-01-01,57,5.482716666666667,-0.8660254037844385,-0.5000000000000004,0.41764245038866554,0.3903167138056247,0.6399957149942351,1989,1980,0
track_432,Song 432,Artist 32,0.6254853538188219,0.535073456428659,-1.4636182668965354,0.07067920140598498,0.9590361152748254,0.14750952978342713,0.5987789545423637,0.6293935472911202,193.08564846400463,1,4,318842,1989-01-01,63,5.314033333333334,0.8660254037844387,-0.4999999999999998,0.3346806102133397,0.33677178080295433,0.6418776049361573,1989,1980,0
track_433,Song 433,Artist 33,0.1859542747043717,0.6935091892160329,-21.636242303256374,0.02919614941672946,0.3233521387874535,0.003958624567642894,0.5818855278458035,0.3495365249825047,148.79537148321523,1,5,224639,2014-01-01,25,3.7439833333333334,0.49999999999999994,-0.8660254037844387,0.12896099828148427,0.24240679204200646,0.31799008566117803,2014,2010,1
track_434,Song 434,Artist 34,0.17149078519774782,0.22428961673311848,-2.1270709231798044,0.06144692688281089,0.9803908975013004,0.02158313140605728,0.20025486582233176,0.7293852760177045,109.54679340965438,0,4,301460,1974-01-01,57,5.024333333333334,0.8660254037844387,-0.4999999999999998,0.038463602485264405,0.16359354400879078,0.8138174994113226,1974,1970,4
track_435,Song 435,Artist 35,0.695823761740252,0.12667649498668337,-18.70502504782981,0.02465177975240543,0.010519601444940942,0.0769180871827663,0.20825501878064456,0.6338255382797319,144.46557919024377,0,0,170775,2001-01-01,30,2.84625,0.0,1.0,0.08814451526570419,0.08029079762232434,0.0766751025972598,2001,2000,1
track_436,Song 436,Artist 36,0.1618485554095645,0.3740576480161599,-18.82015476262925,0.012995269560208723,0.9118540162812937,0.2730633910815736,0.5662197488204412,0.6237008408461119,103.68018285518305,0,9,151147,1975-01-01,65,2.5191166666666667,-1.0,-1.8369701987210297e-16,0.060540689971314836,0.23330006959259791,0.7091103786426093,1975,1970,4
track_437,Song 437,Artist 37,0.7985810503968027,0.7271658788356156,-20.128773976619335,0.045422561670941566,0.9911176438104805,0.1801547870008433,0.21479206258279765,0.5480849307083612,187.37530971648846,1,0,170526,1999-01-01,91,2.8421,0.0,1.0,0.5807008913332601,0.3985486603151029,0.5768064780588229,1999,1990,2
track_438,Song 438,Artist 38,0.7003058930830217,0.27964957238942406,-14.299179386920029,0.1316810752058117,0.3767389384227219,0.18485489453688622,0.3790037726022866,0.06025070127969752,181.85606483481718,0,3,274731,1995-01-01,12,4.57885,1.0,6.123233995736766e-17,0.19584024354246074,0.016849082849030337,0.5739563661774326,1995,1990,0
track_439,Song 439,Artist 39,0.1691464635456148,0.6993548656591764,-25.529793747823874,0.13235212029327809,0.7467993179775749,0.03612686126399563,0.6365013691954561,0.6768564651292002,138.15244503915255,0,2,224663,2006-01-01,17,3.7443833333333334,0.8660254037844386,0.5000000000000001,0.11829340228966821,0.4733628622409768,0.5164033061096145,2006,2000,3
track_440,Song 440,Artist 40,0.17211205697241314,0.9632217210354707,-13.942366924617676,0.020920320188513152,0.8975153860107522,0.056115078532908494,0.6379643885733808,0.3884376119982408,105.47184815325048,0,10,333168,1982-01-01,93,5.5528,-0.8660254037844386,0.5000000000000001,0.16578207172792275,0.37415154514385385,0.4823437444592824,1982,1980,3
track_441,Song 441,Artist 41,0.9386436417259991,0.18357163705258236,-14.290560440109884,0.037504659624353634,0.9314651369316164,0.06362111363723993,0.3899463293943947,0.89834873914279,101.07455458161697,0,7,232180,1998-01-01,74,3.869666666666667,-0.4999999999999997,-0.8660254037844388,0.17230834992063926,0.16491134868856525,0.8353664410877765,1998,1990,4
track_442,Song 442,Artist 42,0.4181301763927022,0.6986158852203623,-7.90484743445877,0.011889761909378167,0.4235701524492379,0.01712292050473263,0.6441424537064339,0.7861862939694848,64.67851925870832,0,11,244233,1974-01-01,12,4.07055,-0.5000000000000004,0.8660254037844384,0.29211238331793393,0.5492422337096077,0.3774505837537107,1974,1970,3
track_443,Song 443,Artist 43,0.41504582500685727,0.49493769518106834,-5.824151103810017,0.27166230960074084,0.16974129598446322,0.0031560979413024293,0.6789663471485426,0.578925022578181,174.21491914354135,1,11,143088,1994-01-01,23,2.3848,-0.5000000000000004,0.8660254037844384,0.20542182402341896,0.28653181635749286,0.2553729587779797,1994,1990,1
track_444,Song 444,Artist 44,0.7908796321688771,0.8726466063959798,-17.2272008409397,0.19847706561621561,0.4719015822659759,0.29356329560012967,0.5410818134631952,0.2769637836373425,123.05364982546112,1,6,188464,1982-01-01,56,3.1410666666666667,1.2246467991473532e-16,-1.0,0.6901584270798714,0.2416915058857173,0.35097383289903616,1982,1980,2
track_445,Song 445,Artist 45,0.9051612907762798,0.25766331260817343,-21.23233576880668,0.05242100249430481,0.8784189060977704,0.027537489825065316,0.2213193892313151,0.23334565394989992,105.51860997603703,1,10,225921,1993-01-01,28,3.76535,-0.8660254037844386,0.5000000000000001,0.23322685662610637,0.060124614179451724,0.7731994378883036,1993,1990,0
track_446,Song 446,Artist 46,0.9381009042494403,0.7164370974812864,-22.479287977804262,0.08158777018532883,0.10579224302319748,0.02743696160191357,0.25550883528916063,0.3563463539097942,125.95544969968554,0,6,179998,2000-01-01,55,2.9999666666666664,1.2246467991473532e-16,-1.0,0.6720902889850391,0.2552997474931722,0.12866497112997324,2000,2000,2
track_447,Song 447,Artist 47,0.7403714574701004,0.845922607786818,-24.355908735558714,0.0627808801792394,0.013226556289821284,0.008706125507216741,0.2861308665565515,0.4789111492220166,174.62331866365128,1,7,160382,1989-01-01,53,2.673033333333333,-0.4999999999999997,-0.8660254037844388,0.6262969540340345,0.4051217682480702,0.015394929597710496,1989,1980,2
track_448,Song 448,Artist 48,0.41982064770127836,0.9407066553318807,-28.32822011622828,0.04496654568445091,0.8271918009586684,0.26381662539540235,0.13760308080046402,0.31645895903505233,77.44598907905296,0,9,148184,1977-01-01,4,2.469733333333333,-1.0,-1.8369701987210297e-16,0.39492807733833335,0.2976950489036727,0.46789527425632166,1977,1970,0
track_449,Song 449,Artist 49,0.17097560919386845,0.7080907451777848,-20.069008613793315,0.0027411863195983734,0.1396475836119998,0.08668748466988824,0.25486971527745883,0.5134365458532345,180.0718383538558,1,6,271171,1978-01-01,34,4.519516666666667,1.2246467991473532e-16,-1.0,0.12106624652131202,0.3635596663547247,0.1647293912992781,1978,1970,1
track_450,Song 450,Artist 0,0.7605748785383212,0.5424855399675003,-22.162816928207285,0.030326858939522597,0.5413421144398933,0.10997234771855241,0.20713941823439908,0.1988333829618673,185.65123691516956,1,9,320882,1990-01-01,18,5.348033333333333,-1.0,-1.8369701987210297e-16,0.4126008736695771,0.10786423511963336,0.4994720449939421,1990,1990,0
track_451,Song 451,Artist 1,0.5746436122754343,0.6498840437790803,-1.9738958098741861,0.056163639046956586,0.9747467546158801,0.24256218872119706,0.39149656235645164,0.9299415315429499,192.53910810474434,0,1,341578,2020-01-01,54,5.692966666666667,0.49999999999999994,0.8660254037844387,0.37345171447737713,0.6043541629972434,0.599980103540305,2020,2020,3
track_452,Song 452,Artist 2,0.4605887078599299,0.8733254361860592,-13.826444038748726,0.056587508754881645,0.9828359233358793,0.042406731461597624,0.7313281609041987,0.14713209946849448,115.6483189391679,0,3,342352,1989-01-01,76,5.705866666666667,1.0,6.123233995736766e-17,0.40224383419414667,0.1284942049452936,0.5294988977090411,1989,1980,0
track_453,Song 453,Artist 3,0.8704012273305255,0.6078426745085584,-19.92896586811528,0.023350216057317394,0.9542030579736726,0.0971558522375958,0.12836023756546855,0.8887497256889348,90.39965656527406,0,10,157739,1984-01-01,68,2.6289833333333332,-0.8660254037844386,0.5000000000000001,0.5290670099161184,0.5402200102315098,0.6108671642988294,1984,1980,2
track_454,Song 454,Artist 4,0.19451785996022863,0.12704448313018482,-13.166439571182817,0.1421007872475774,0.3655658714810181,0.003957220783834393,0.5902009429605467,0.8722202102624254,112.30971458533779,1,5,247937,1995-01-01,43,4.1322833333333335,0.49999999999999994,-0.8660254037844387,0.02471242097823692,0.11081076578849096,0.7420979400069728,1995,1990,4
track_455,Song 455,Artist 5,0.5187313386472303,0.9285443390012103,-25.96329566097483,0.009157516941152922,0.17585048385901458,0.020674441549546726,0.5654622533098459,0.5228244336375482,106.60769347239645,0,2,259461,2011-01-01,77,4.32435,0.8660254037844386,0.5000000000000001,0.4816650479634054,0.4854656681456593,0.15922776980773737,2011,2010,2
track_456,Song 456,Artist 6,0.10965059805230622,0.7136788084180894,-17.122731273136118,0.03469331657590699,0.9575450081660654,0.17793120908122043,0.12181564899751825,0.702419244652476,84.66154775040042,1,2,137352,1980-01-01,37,2.2892,0.8660254037844386,0.5000000000000001,0.07825530816030077,0.5013017295335135,0.5729600222926369,1980,1980,3
track_457,Song 457,Artist 7,0.49836154569500735,0.7020969133417494,-11.839204678789148,0.05870192960707369,0.7019603723349119,0.1455723140479457,0.7419293036793501,0.442443468175329,145.0173338142083,1,5,246788,2006-01-01,61,4.113133333333334,0.49999999999999994,-0.8660254037844387,0.34989810296068785,0.310638193334117,0.4999510201933066,2006,2000,0
track_458,Song 458,Artist 8,0.14785778432956176,0.2919508856339683,-15.82196287801891,0.05972353891048593,0.8347354995244538,0.04317721613221278,0.4763541516176147,0.6170311197881944,126.72738247120805,1,0,237843,2010-01-01,21,3.96405,0.0,1.0,0.043167211082891836,0.18014278188588254,0.7408758725092877,2010,2010,4
track_459,Song 459,Artist 9,0.20099522882786114,0.6864080685070649,-18.348414781024594,0.0522970485491036,0.05588681138032202,0.047290483812398455,0.32279414085176317,0.35651834367900676,181.19813892536052,0,0,272220,1980-01-01,72,4.537,0.0,1.0,0.1379647467988677,0.24471706767204499,0.07528913051329418,1980,1980,1
track_460,Song 460,Artist 10,0.19989730976053915,0.45053932103220107,-1.1783967219087543,0.01609906194807168,0.8151570442286495,0.0762613950505277,0.61740393762148,0.32104311780690076,64.49534126748816,0,4,151828,1996-01-01,39,2.530466666666667,0.8660254037844387,-0.4999999999999998,0.09006159821567689,0.144642548318782,0.6440378771434448,1996,1990,4
track_461,Song 461,Artist 11,0.651828756798654,0.679597349566928,-4.470871897681118,0.008492378198547864,0.9957396311943282,2.4103373143063377e-05,0.24302409380122553,0.5704068075525623,150.1415098577177,0,0,188040,1999-01-01,25,3.134,0.0,1.0,0.442981095491871,0.38764695458765414,0.5943514936263037,1999,1990,0
track_462,Song 462,Artist 12,0.7341381473756098,0.19486779697411175,-11.921227213376238,0.05052187437461948,0.3264079895499404,0.027607547177701964,0.5701323777847404,0.49831670676558226,166.81284299161854,1,9,307867,1988-01-01,4,5.131116666666666,-1.0,-1.8369701987210297e-16,0.14305988345374085,0.09710587884280346,0.6261701997636905,1988,1980,4
track_463,Song 463,Artist 13,0.5958634503325857,0.685482321096702,-13.488056525713798,0.04572737712303205,0.022080765907684187,0.023348661764573158,0.07978340567918542,0.571582732234983,166.32811968636298,1,7,309692,2003-01-01,92,5.161533333333334,-0.4999999999999997,-0.8660254037844388,0.40845386099067027,0.3918098579912309,0.031206736341251456,2003,2000,1
track_464,Song 464,Artist 14,0.9178466662033606,0.9894782159358932,-12.000846085087062,0.009883294682328687,0.7201298304039329,0.028832620886278745,0.679556028206954,0.30799452315832065,184.0503553933735,0,1,355382,2007-01-01,53,5.923033333333334,0.49999999999999994,0.8660254037844387,0.9081892817776086,0.3047538712927213,0.42122485953480954,2007,2000,2
track_465,Song 465,Artist 15,0.4186399925951485,0.14290871458589488,-24.161948873149434,0.06106258569092443,0.06545687740687672,0.16394118898961735,0.3861281352659888,0.38026204863529567,162.06472399612917,1,5,214279,1992-01-01,85,3.5713166666666667,0.49999999999999994,-0.8660254037844387,0.05982730321602122,0.05434276057626915,0.31414286129490215,1992,1990,1
track_466,Song 466,Artist 16,0.34285527333958166,0.9696850239569724,-18.54100544533476,0.030364255764388965,0.36156759923994064,0.03280511925163256,0.5275196857684563,0.12550816456601838,189.89340863067747,1,9,214430,2022-01-01,48,3.5738333333333334,-1.0,-1.8369701987210297e-16,0.3324616239420666,0.12170338756399517,0.2715993353480317,2022,2020,1
track_467,Song 467,Artist 17,0.8383092589610412,0.4621480850433548,-28.85567354616392,0.05509497301556076,0.27130417487322334,0.02126009726691307,0.21592836485501277,0.09704873504498515,106.5719239749248,1,9,347603,1970-01-01,2,5.793383333333334,-1.0,-1.8369701987210297e-16,0.38742301870295903,0.04485088705691981,0.3698997464461213,1970,1970,1
track_468,Song 468,Artist 18,0.29005646274153474,0.8749705708001606,-16.209164912882027,0.09081298204613952,0.22959869204585998,0.07017106643321684,0.557805284493836,0.2781114167057146,130.44931834521603,0,4,308186,1972-01-01,91,5.136433333333334,0.8660254037844387,-0.4999999999999998,0.2537908687692362,0.24333930502104043,0.20786245997088418,1972,1970,1
track_469,Song 469,Artist 19,0.9187391585245196,0.7963230808118633,-14.252287065227767,0.009300121861115061,0.9904975317408932,0.20072699991079945,0.6291802069199575,0.11682217339749118,61.97115285960469,1,9,291783,1972-01-01,37,4.86305,-1.0,-1.8369701987210297e-16,0.7316131971787443,0.09302819302702788,0.5543348730407459,1972,1970,0
track_470,Song 470,Artist 20,0.1103313034863439,0.6046444722781343,-23.395257653006922,0.0009665252060320518,0.17947113456125868,0.02762143506300231,0.40490989016329904,0.14339723777126662,60.97406222246077,1,11,235957,1997-01-01,13,3.9326166666666666,-0.5000000000000004,0.8660254037844384,0.0667112127722591,0.08670434715834965,0.2288832209340248,1997,1990,1
track_471,Song 471,Artist 21,0.9243970027014932,0.7572197962336806,-2.043163432200103,0.0755028438535453,0.020019914510281595,0.008179183286036087,0.5132951930463457,0.7816355648545433,93.6177268632128,0,11,137748,1983-01-01,46,2.2958,-0.5000000000000004,0.8660254037844384,0.6999717100246498,0.5918699231481551,0.025757676140148213,1983,1980,2
track_472,Song 472,Artist 22,0.1366859251579897,0.8818788495581996,-3.625816282819983,0.04704165038596199,0.7761173151571628,0.044068522226522786,0.3922444428667989,0.08498632731502037,74.11300759947194,0,3,208636,2021-01-01,13,3.4772666666666665,1.0,6.123233995736766e-17,0.12054042642912612,0.07494764456074676,0.4681053331538134,2021,2020,0
track_473,Song 473,Artist 23,0.8574716466433604,0.4596848862694194,-9.057846171778731,0.060138604543900055,0.9205779903088777,0.13769454965171413,0.7205685269433841,0.6430485145412684,96.4295915110055,0,0,284763,1999-01-01,74,4.74605,0.0,1.0,0.3941667563665049,0.29559968327262204,0.6669579679148089,1999,1990,0
track_474,Song 474,Artist 24,0.5485459427233549,0.39105951379128245,-14.531787765804484,0.09105580186750543,0.1834478805547149,0.08000434186021822,0.42340188538573936,0.29530197393386043,84.78606123397563,0,2,235158,1974-01-01,72,3.9193,0.8660254037844386,0.5000000000000001,0.21451410965357584,0.11548064634818142,0.3193127939645622,1974,1970,1
track_475,Song 475,Artist 25,0.9440200767014052,0.6941581131515904,-4.770894370217135,0.08117961443897677,0.06179645300217011,0.1697140635117269,0.6813565317716141,0.8343911126373138,63.99280347741075,0,11,339589,2018-01-01,37,5.659816666666667,-0.5000000000000004,0.8660254037844384,0.655299195220267,0.5791993603787738,0.08174614457379469,2018,2010,2
track_476,Song 476,Artist 26,0.16272708002508904,0.8189828883277201,-26.211082029119574,0.16210741057540956,0.9925939997245706,0.3208731146793607,0.6510140437026865,0.4864930561197495,187.30258049684693,0,3,316354,1984-01-01,63,5.272566666666667,1.0,6.123233995736766e-17,0.13327069400808347,0.3984294882523321,0.5479168222746157,1984,1980,3
track_477,Song 477,Artist 27,0.5707761417411227,0.778433769951188,-7.075215966028335,0.03838654101381316,0.6522097574954949,0.15734072665217713,0.3578786160112674,0.3250188133950431,61.15123839444481,1,1,349316,2007-01-01,43,5.821933333333333,0.49999999999999994,0.8660254037844387,0.44431142381373573,0.2530056202161651,0.4558852635878142,2007,2000,0
track_478,Song 478,Artist 28,0.9239071552762341,0.8100541474841847,-26.3801963949614,0.03351995776638009,0.44511211845100646,0.09258439156811298,0.2225633688931063,0.5158750421204911,163.05150020719196,1,11,311432,1983-01-01,69,5.190533333333334,-0.5000000000000004,0.8660254037844384,0.748414823021828,0.41788671745328226,0.3546237465963275,1983,1980,2
track_479,Song 479,Artist 29,0.5446331675446265,0.4876691501835104,-6.967890786067244,0.025698795693722028,0.7729921307871237,0.06799182461512898,0.35456159941982823,0.3937622171407419,81.30070416873231,1,1,130246,1983-01-01,64,2.1707666666666667,0.49999999999999994,0.8660254037844387,0.2656007939782415,0.1920256858074005,0.6131635271834788,1983,1980,0
track_480,Song 480,Artist 30,0.6349888424149731,0.8278724523957692,-22.00274052071065,0.008343539423031891,0.9586204218569218,0.004089396205596721,0.6696630318314152,0.5578709582028472,187.712147079944,1,1,179395,2018-01-01,24,2.989916666666667,0.49999999999999994,0.8660254037844387,0.5256897702140344,0.46184599828776873,0.5365931759815984,2018,2010,2
track_481,Song 481,Artist 31,0.6913863856369246,0.20698605927984154,-4.56437315047252,0.04250259296105759,0.9494053164672562,0.4155495471898831,0.22072440186454428,0.15307958149371342,184.991431542584,0,10,283558,1977-01-01,15,4.725966666666666,-0.8660254037844386,0.5000000000000001,0.14310734340271986,0.0316853393295911,0.8210062054878945,1977,1970,0
track_482,Song 482,Artist 32,0.4863599050526073,0.5845952971851561,-2.6227792790634616,0.016218168984630424,0.15690433634793785,0.04836663365302977,0.443327259393312,0.947291452531296,151.546160491696,1,0,281412,1977-01-01,14,4.6902,0.0,1.0,0.2843237132331733,0.5537821282134912,0.21160377921772205,1977,1970,3
track_483,Song 483,Artist 33,0.6334243680714539,0.1051252078433282,-25.684916887251646,0.12711037909505007,0.2953403572338264,0.01651437995945538,0.6545725609705606,0.43300028992704576,154.11278097208472,0,9,335946,1988-01-01,97,5.5991,-1.0,-1.8369701987210297e-16,0.0665888683465404,0.04551924547480205,0.7374906746008263,1988,1980,4
track_484,Song 484,Artist 34,0.5966671651346352,0.38888138861124055,-16.58240745310359,0.043756336305572366,0.2639643348625761,0.1098738862867656,0.3151081063462841,0.36340757573663174,60.7474798757564,0,1,170300,2001-01-01,80,2.8383333333333334,0.49999999999999994,0.8660254037844387,0.23203275571628934,0.1413224426843059,0.40432819124528047,2001,2000,1
track_485,Song 485,Artist 35,0.8659843089173406,0.42615076603554414,-1.5513660332821324,0.04492747468663413,0.9384845605254193,0.0334477831503577,0.5316572277520231,0.6891888634846384,197.88201925590428,1,5,254158,2000-01-01,2,4.235966666666667,0.49999999999999994,-0.8660254037844387,0.36903987661988596,0.2936983621171447,0.6877177034342224,2000,2000,0
track_486,Song 486,Artist 36,0.1386294232902392,0.4525936955322373,-15.981184356778748,0.0219194082082837,0.28564660467696934,0.08813538710660052,0.2342236805366109,0.3775094658457992,182.89656450061403,1,2,342143,1998-01-01,66,5.702383333333334,0.8660254037844386,0.5000000000000001,0.06274280299643216,0.17085840424555115,0.38692850778738785,1998,1990,1
track_487,Song 487,Artist 37,0.3388187111533958,0.7189658139539773,-4.9571218470781915,0.002669477234958443,0.1831834286615131,0.08837458773871455,0.13195958402611996,0.7999468745258819,185.3148716022129,0,9,134860,2010-01-01,36,2.2476666666666665,-1.0,-1.8369701987210297e-16,0.24359907044723872,0.5751344557634408,0.20305201950667606,2010,2010,3
track_488,Song 488,Artist 38,0.9078497614650749,0.44581671013060775,-12.926785858191725,0.0016129260770302405,0.9798271747440478,0.05901030232149898,0.6457881688196423,0.4588436519243827,152.29423518712207,0,4,137013,1980-01-01,80,2.28355,0.8660254037844387,-0.4999999999999998,0.4047345939492167,0.204560167365242,0.6872869850967097,1980,1980,0
track_489,Song 489,Artist 39,0.8567242163072788,0.4993373241340523,-19.115432670331547,0.027524701015670297,0.06053073476310712,0.18086123783591815,0.12422646755653012,0.6976025719388914,108.27017001163512,0,0,258479,2014-01-01,54,4.3079833333333335,0.0,1.0,0.42779437769171963,0.34833900158099873,0.10811587781318313,2014,2010,2
track_490,Song 490,Artist 40,0.487308239867856,0.31141427647815145,-21.712276889749766,0.004417816493337841,0.7153376360219317,0.030783996656314552,0.25353604630968846,0.14670789479769789,185.11081087266732,0,7,153542,1982-01-01,37,2.5590333333333333,-0.4999999999999997,-0.8660254037844388,0.15175474294028984,0.045686932912057845,0.6966989110166014,1982,1980,4
track_491,Song 491,Artist 41,0.6271127081313062,0.4321940945501127,-24.10653035850347,0.04667781584065129,0.7444855603501369,0.059535388917185496,0.6913320664980801,0.8115072669996006,100.81236994116693,1,3,144935,1996-01-01,62,2.415583333333333,1.0,6.123233995736766e-17,0.27103440907167897,0.35072864848172897,0.6326997535395439,1996,1990,4
track_492,Song 492,Artist 42,0.33577400553396275,0.3022699682642048,-7.907852450046782,0.1064202484115725,0.9997877324910606,0.07715242215072793,0.3098519653090004,0.7121461881002988,138.77961606790842,0,8,358085,1988-01-01,0,5.968083333333333,-0.8660254037844385,-0.5000000000000004,0.10149439799669585,0.21526040567655177,0.7678515046296522,1988,1980,4
track_493,Song 493,Artist 43,0.2599029857651971,0.16514437215391486,-18.790325302132192,0.10724267725759072,0.5224395582900909,0.1089527839812185,0.7797840121356209,0.24054510061576911,73.96233612814353,1,3,169079,1995-01-01,70,2.8179833333333333,1.0,6.123233995736766e-17,0.04292151540512135,0.03972466961589147,0.7598182204963788,1995,1990,4
track_494,Song 494,Artist 44,0.4941436441989848,0.6370692481094263,-15.173011596178217,0.05380029890547042,0.010757204500965156,0.15323465580557294,0.7848007510803948,0.180757408771208,189.07378821858504,0,1,154111,2022-01-01,89,2.5685166666666666,0.49999999999999994,0.8660254037844387,0.3148037198678991,0.1151549864960817,0.01660504576893042,2022,2020,1
track_495,Song 495,Artist 45,0.40034939382214485,0.6947093907139644,-15.722561079965724,0.011864141540467563,0.6029327835357176,0.05022083309775147,0.25120701534016754,0.3346631138530619,79.70786408796987,0,2,176550,2020-01-01,18,2.9425,0.8660254037844386,0.5000000000000001,0.2781264834548872,0.23249360791929874,0.46463680887031444,2020,2020,0
track_496,Song 496,Artist 46,0.5961076950732412,0.6513464079485569,-13.258908152239194,0.09938756123270603,0.480457723358081,0.10385909850842663,0.08073366668741784,0.9284635274287139,91.48555280225702,0,4,326769,2006-01-01,51,5.44615,0.8660254037844387,-0.4999999999999998,0.38827260593644936,0.6047513835019392,0.42450569454779363,2006,2000,3
track_497,Song 497,Artist 47,0.1660744414202371,0.5125096989825094,-4.898262776887986,0.1086188387330262,0.9859502144208104,0.01632379562514711,0.5787974631540344,0.28114841711035277,138.1387821379501,1,11,340189,2017-01-01,29,5.669816666666667,-0.5000000000000004,0.8660254037844384,0.08511476198097412,0.1440912906226359,0.6579752635532616,2017,2010,0
track_498,Song 498,Artist 48,0.9282355865162415,0.43800934435951455,-1.558559036080549,0.010948462850360547,0.76329534763275,0.26978241737391734,0.3882398769862578,0.4605144880519699,166.9730200298174,0,9,348885,1978-01-01,54,5.81475,-1.0,-1.8369701987210297e-16,0.40657586066114837,0.2017096489797008,0.6353881053929653,1978,1970,0
track_499,Song 499,Artist 49,0.9382791328076624,0.8683669481189245,-18.18005795135931,0.06686113292848203,0.015401924890996385,0.04829815698637976,0.12556463296968223,0.07701820314560268,146.70918283108185,1,5,338008,1997-01-01,13,5.633466666666667,0.49999999999999994,-0.8660254037844387,0.8147705870398608,0.06688006201515034,0.017427528773458757,1997,1990,2
track_500,Song 500,Artist 0,0.6934374569167834,0.5619827887712341,-6.0019512589172095,0.016880012053853387,0.18425786506272113,0.1307562377829535,0.5806421142335322,0.4075047766096092,92.49874779202186,1,6,196955,2001-01-01,12,3.282583333333333,1.2246467991473532e-16,-1.0,0.3896999158765264,0.22901067079666695,0.2469144735034048,2001,2000,1
track_501,Song 501,Artist 1,0.5556819113925023,0.5264718710904606,-7.82869395501319,0.08113636947089958,0.057425467183227275,0.0020550810635365686,0.07338118183394092,0.5641880138897925,60.13202595384865,1,3,160565,2021-01-01,83,2.676083333333333,1.0,6.123233995736766e-17,0.2925508956219342,0.29702911931936976,0.09834839974542026,2021,2020,1
track_502,Song 502,Artist 2,0.36309847384337857,0.12282143856772777,-13.367660407788374,0.29458819920511764,0.9905022449664009,0.02296485919189662,0.7026475178691817,0.9078121512571685,166.00108124304148,0,6,139283,1972-01-01,89,2.3213833333333334,1.2246467991473532e-16,-1.0,0.04459627689919023,0.11149879436666911,0.8896795872899887,1972,1970,4
track_503,Song 503,Artist 3,0.7917257667509063,0.4037105665872792,-2.2746328352539393,0.0015243008731011757,0.2774512346712049,0.06676403518721713,0.1539893968349778,0.515062440446058,197.92902562755313,1,9,186470,2020-01-01,26,3.1078333333333332,-1.0,-1.8369701987210297e-16,0.31962805787675647,0.20793614966030483,0.4073200036152872,2020,2020,1
track_504,Song 504,Artist 4,0.6820214966707974,0.43837410071941274,-24.18623904967632,0.11382923547395159,0.8878423240678992,0.21058057860736962,0.14548390906004377,0.787196593559919,173.38783684285266,1,2,351362,2001-01-01,88,5.856033333333333,0.8660254037844386,0.5000000000000001,0.29898056027436876,0.34508659879121456,0.669454576205922,2001,2000,0
track_505,Song 505,Artist 5,0.2382243984431576,0.4549522749982414,-26.83133790102098,0.04872652772287816,0.6902514370605588,0.07491994651056075,0.18175422347643838,0.5424148783120105,124.42892654192615,0,6,206916,1974-01-01,8,3.4486,1.2246467991473532e-16,-1.0,0.10838073203180207,0.24677288288094346,0.6027319218933829,1974,1970,4
track_506,Song 506,Artist 6,0.8742881068197661,0.6163534086123257,-5.235102958292757,0.18130954308603386,0.1272530508067152,0.26574114935976906,0.77019976886905,0.08670651209196628,186.5274165958749,0,3,199552,1977-01-01,40,3.3258666666666667,1.0,6.123233995736766e-17,0.5388704547475799,0.05344185427676925,0.17112933604261357,1977,1970,1
track_507,Song 507,Artist 7,0.7991566564846936,0.5749062665869218,-17.264655317621298,0.03127531610066969,0.8112626356550063,0.06612549796715199,0.5698770201903846,0.3335074476707966,117.378674236569,1,7,158233,1983-01-01,47,2.6372166666666668,-0.4999999999999997,-0.8660254037844388,0.4594401697977023,0.19173552161935087,0.5852548337277466,1983,1980,0
track_508,Song 508,Artist 8,0.9073299262981354,0.6410355325861657,-5.437903227995246,0.09399280356643364,0.19965431294503475,0.06742255230389045,0.6510286515977276,0.567994557047993,133.49077179408545,1,8,142695,1972-01-01,11,2.37825,-0.8660254037844385,-0.5000000000000004,0.5816307225358918,0.3641046933833035,0.23748838708821765,1972,1970,2
track_509,Song 509,Artist 9,0.716861582130106,0.7807461027724941,-4.100384049332966,0.0032212767012842177,0.0388507983645848,0.012754567255889256,0.34822623929956475,0.9055345693380119,126.79816743539565,0,6,341560,1993-01-01,9,5.692666666666667,1.2246467991473532e-16,-1.0,0.5596868864754044,0.7069925859364217,0.04740226678311972,1993,1990,2
track_510,Song 510,Artist 10,0.6214029165454213,0.8235573074573231,-28.188729785046927,0.020419397528551705,0.2961693300683304,0.16228081173648157,0.30223454562871666,0.8232173237761099,122.6673421731735,1,7,246440,1982-01-01,5,4.107333333333333,-0.4999999999999997,-0.8660254037844388,0.5117609127962749,0.6779666426212765,0.264501223460732,1982,1980,2
track_511,Song 511,Artist 11,0.455506580847026,0.73912953784158,-4.37952187340424,0.0034683901820762326,0.9974051225577967,0.02836441192584618,0.22586300508737744,0.25552005276096285,168.5267077011468,1,7,293806,2012-01-01,33,4.896766666666666,-0.4999999999999997,-0.8660254037844388,0.3366783685852606,0.1888624185064666,0.5743648951777983,2012,2010,0
track_512,Song 512,Artist 12,0.8928192108509112,0.9504160893998919,-16.998747394286756,0.18513499282987345,0.01769436163263889,0.22987174756009462,0.4104860212343067,0.24809884701724716,133.74764701772887,1,1,201257,1998-01-01,51,3.3542833333333335,0.49999999999999994,0.8660254037844387,0.8485497429180205,0.23579713596675406,0.018277194855785585,1998,1990,2
track_513,Song 513,Artist 13,0.836154306075347,0.11622699858196187,-15.197457818877266,0.08490632765453648,0.7004470875500017,0.24171458046343447,0.46387155015062637,0.23105567040251068,104.34039708353025,0,8,121505,1977-01-01,40,2.0250833333333333,-0.8660254037844385,-0.5000000000000004,0.09718370534652067,0.02685490707622686,0.8576814689762913,1977,1970,4
track_514,Song 514,Artist 14,0.138435869590261,0.274242407258356,-11.828817178296902,0.095712432743357,0.7644970637901309,0.2870159424084981,0.5238311327395666,0.8802490066722528,96.14214347218697,1,5,256435,2020-01-01,82,4.273916666666667,0.49999999999999994,-0.8660254037844387,0.03796498612733702,0.2414016065765753,0.7359846709529481,2020,2020,4
track_515,Song 515,Artist 15,0.1224119283226642,0.1067309587305465,-3.134904404827484,0.13900301338964835,0.9707520023599813,0.07344494760376784,0.24283887799902087,0.8173995377915486,65.28462437544067,0,10,299780,2011-01-01,5,4.996333333333333,-0.8660254037844386,0.5000000000000001,0.01306514246993289,0.08724183633439755,0.9009433433955504,2011,2010,4
track_516,Song 516,Artist 16,0.41999386184634213,0.6762524955975967,-29.445633261536845,0.004447215984366044,0.37339556265395313,0.11303933532880815,0.7614905606772431,0.7473950890276538,141.64732266362643,0,3,163614,2000-01-01,1,2.7269,1.0,6.123233995736766e-17,0.28402189720926113,0.5054277941523388,0.3557337185401146,2000,2000,3
track_517,Song 517,Artist 17,0.788970331164558,0.8992471885654884,-16.171539418783304,0.024355258936051095,0.9960114512068188,0.15074043853476807,0.17731887365535187,0.40346160280180476,92.19459815614479,0,4,121010,1995-01-01,14,2.0168333333333335,0.8660254037844387,-0.4999999999999998,0.7094793521613111,0.3628117120136487,0.5255277062336839,1995,1990,2
track_518,Song 518,Artist 18,0.9391847099177028,0.3166992439529064,-10.056060769513742,0.003684204817842052,0.9998199827904259,0.0140428976240827,0.7742398810748092,0.50394263386889,80.73874908229364,1,9,250560,1987-01-01,16,4.176,-1.0,-1.8369701987210297e-16,0.29743908756306614,0.15959825114191378,0.7594414141768823,1987,1980,0
track_519,Song 519,Artist 19,0.22785435743799895,0.9250607448687129,-9.041498226751376,0.011836338190250636,0.39512384707034665,0.09186865871384103,0.061142091880627844,0.4678985703156375,151.53619493587487,0,4,270933,1987-01-01,15,4.51555,0.8660254037844387,-0.4999999999999998,0.21077912161317727,0.43283459997918944,0.2992941670344981,1987,1980,3
track_520,Song 520,Artist 20,0.6050111080493148,0.15363797735770918,-9.916559485423868,0.013027071848820397,0.6003041016079125,0.0034899878772847934,0.4108442688626342,0.27805829680343536,155.36929609501684,1,6,275197,1976-01-01,27,4.586616666666667,1.2246467991473532e-16,-1.0,0.09295268291964316,0.04272031430840938,0.7962193942167418,1976,1970,4
track_521,Song 521,Artist 21,0.4237572281363683,0.9316480638569077,-26.101381247164465,0.03165975910849841,0.22964047077960623,0.06882911569282987,0.3000258785874221,0.5045252415338902,165.30168491607324,0,8,260441,2017-01-01,84,4.340683333333334,-0.8660254037844385,-0.5000000000000004,0.3947926011386174,0.47003996444198753,0.19774609512130342,2017,2010,3
track_522,Song 522,Artist 22,0.9244272381424127,0.41294419164327467,-21.317527937221243,0.01563715241997912,0.558166569006251,0.016823249335612498,0.3868425604476881,0.07744689306747901,130.50076548740282,1,6,189393,2007-01-01,71,3.15655,1.2246467991473532e-16,-1.0,0.3817368585877436,0.03198124465303325,0.5747706820406774,2007,2000,0
track_523,Song 523,Artist 23,0.8158010846653524,0.1902645373198027,-19.59724976290661,0.0053223945995156665,0.07789596895099171,0.02020218507039656,0.4779984342355918,0.16862933614771325,185.16764472854413,1,8,277743,2017-01-01,9,4.62905,-0.8660254037844385,-0.5000000000000004,0.15521801591884646,0.03208418262069014,0.290481546118446,2017,2010,1
track_524,Song 524,Artist 24,0.8125793990044672,0.5324258656758298,-6.671320977294354,0.009165567669698086,0.05719580740712644,0.04542051910725283,0.3766918685095318,0.8479306365520517,191.0879854757519,1,3,326472,1985-01-01,9,5.4412,1.0,6.123233995736766e-17,0.43263828994529896,0.45146020319928354,0.09700408416804442,1985,1980,2
track_525,Song 525,Artist 25,0.4983891858257248,0.32853114527125205,-21.91596369997796,0.007965941795647717,0.5063071539291757,0.05664038163132389,0.3611351377261962,0.726511790328281,173.03193157094853,0,9,184512,2002-01-01,9,3.0752,-1.0,-1.8369701987210297e-16,0.16373637001013222,0.23868175052961788,0.6064725922870358,2002,2000,4
track_526,Song 526,Artist 26,0.4525965769870154,0.3535368827461113,-23.88955604785111,0.18073834164996216,0.008945837264912694,0.0975967555656707,0.59954256155998,0.43058156815317833,148.9830874811462,1,9,218026,2020-01-01,72,3.633766666666667,-1.0,-1.8369701987210297e-16,0.16000958296954979,0.15222646537280693,0.024679280119506142,2020,2020,1
track_527,Song 527,Artist 27,0.3323960111411003,0.3734880687843951,-2.2340074478952126,0.07120864021507772,0.22212721958514825,0.007734380629496312,0.5644072063148485,0.5154353260554895,102.52093350276641,1,3,195656,1972-01-01,27,3.2609333333333335,1.0,6.123233995736766e-17,0.12414594427272582,0.19250894451171977,0.37293677812808895,1972,1970,1
track_528,Song 528,Artist 28,0.14791917215328804,0.8146930490710704,-29.742964731709403,0.17172964055921458,0.4257864987930281,0.07005580961586938,0.674953461526886,0.38299899736397963,197.61228902683098,0,5,336831,2007-01-01,23,5.61385,0.49999999999999994,-0.8660254037844387,0.1205087213776308,0.31202662095362343,0.34324318871921183,2007,2000,3
track_529,Song 529,Artist 29,0.8350140198167952,0.5798535362409765,-1.0631951852226322,0.028967759282362573,0.400754315102655,0.020165745245608657,0.23746923592962166,0.7167018804446051,98.37906340687137,0,7,217686,1973-01-01,18,3.6281,-0.4999999999999997,-0.8660254037844388,0.48418583220156153,0.41558211980636184,0.4086790717354233,1973,1970,2
track_530,Song 530,Artist 30,0.7909658577605659,0.3770638522488432,-10.372182333135527,0.016312031639109378,0.07600848815154441,0.08532576598372878,0.5071463823155478,0.7557684613088717,88.37196907866036,1,8,295210,2005-01-01,96,4.920166666666667,-0.8660254037844385,-0.5000000000000004,0.29824463332450957,0.28497296742930395,0.16776199651114893,2005,2000,1
track_531,Song 531,Artist 31,0.949760022293211,0.6431970671467173,-5.974390315975604,0.08004700536592352,0.2560249799227274,0.10144677007124554,0.4888960890446404,0.7369566711828431,121.9015759301216,0,0,304492,1973-01-01,67,5.074866666666667,0.0,1.0,0.6108828608321941,0.47400836951901243,0.2847179915562765,1973,1970,2
track_532,Song 532,Artist 32,0.9471413115128196,0.7373741000586422,-21.4560375059604,0.019745098602513417,0.9999537834550171,0.08135294184616691,0.32730335815451655,0.7003505523510046,67.95767989973439,0,0,319161,2011-01-01,55,5.31935,0.0,1.0,0.6983974722051275,0.516420358265395,0.5755696534743966,2011,2010,2
track_533,Song 533,Artist 33,0.5721169497622334,0.34263536065284506,-29.58485694765526,0.017789721849606435,0.2424127055789738,0.13405393143708233,0.4145431564270107,0.23405390482351623,196.9892250540507,0,7,135489,1978-01-01,66,2.25815,-0.4999999999999997,-0.8660254037844388,0.19602749741738848,0.08019514409141215,0.4143459404871874,1978,1970,1
track_534,Song 534,Artist 34,0.7536393029034338,0.4680587003575628,-8.601783961715629,0.013231230349408832,0.0030272930541097257,0.04088848150076158,0.28533660747929657,0.3541729813164309,142.38069789829947,1,10,179789,2009-01-01,41,2.9964833333333334,-0.8660254037844386,0.5000000000000001,0.35274743265536085,0.165773745336732,0.006426186875136757,2009,2000,1
track_535,Song 535,Artist 35,0.9030508704000638,0.20847862306988335,-5.8098066869804015,0.006944657242346085,0.2965977062517444,0.14486234491547242,0.15638329821273889,0.47286089148530736,137.97329283298455,0,6,189925,2020-01-01,11,3.1654166666666668,1.2246467991473532e-16,-1.0,0.18826680202306498,0.09858138756045441,0.5872322692648003,2020,2020,4
track_536,Song 536,Artist 36,0.8222002820757996,0.2612229210858655,-8.526192173347944,0.014816841587811711,0.2220064932332283,0.0566985268967653,0.21035090799704964,0.34771369228489,151.8114791859608,1,8,169703,1986-01-01,17,2.8283833333333335,-0.8660254037844385,-0.5000000000000004,0.21477755940146295,0.09083078640021074,0.45942160645258917,1986,1980,1
track_537,Song 537,Artist 37,0.310245886481718,0.7061948900288347,-25.85734166827568,0.02195004095855825,0.6335085905115194,0.06620061323273184,0.12913523480090083,0.7294461801424961,129.58331068880892,0,10,338558,1986-01-01,22,5.642633333333333,-0.8660254037844386,0.5000000000000001,0.2190940596858552,0.5151311649676836,0.4728718905650007,1986,1980,3
track_538,Song 538,Artist 38,0.48296251501357945,0.261480129449108,-8.150590254547897,0.05604200656745553,0.02907994722157102,0.10444142797455358,0.5623021813925931,0.34641817182495915,64.48889239323582,0,2,196625,2002-01-01,83,3.277083333333333,0.8660254037844386,0.5000000000000001,0.1262851009448175,0.09058146841231365,0.10008204662089046,2002,2000,1
track_539,Song 539,Artist 39,0.20978550287877074,0.5673954114636836,-7.701239318878411,0.0032303844281832065,0.7456842187905947,0.0018528990395313997,0.5455455448318637,0.17440887810680344,145.72358043765553,1,9,227535,1989-01-01,5,3.79225,-1.0,-1.8369701987210297e-16,0.1190313317250159,0.09895879715632917,0.5678891315655101,1989,1980,4
track_540,Song 540,Artist 40,0.910943373169914,0.7310511729329651,-10.902325045568407,0.011818211763742077,0.8757134880707345,0.10612998029663263,0.7629547786849047,0.40913640684347363,160.2643427739003,0,11,309300,1983-01-01,52,5.155,-0.5000000000000004,0.8660254037844384,0.6659462214313774,0.29909965011250017,0.5450163078066418,1983,1980,2
track_541,Song 541,Artist 41,0.615248439283248,0.19512046155432203,-7.782637948927999,0.08278028148781995,0.3797469970327886,0.09638676486402549,0.597258810235431,0.9319229895041422,118.34486848736745,0,4,123051,1991-01-01,97,2.05085,0.8660254037844387,-0.4999999999999998,0.12004755944352362,0.18183724384513184,0.6605806795629664,1991,1990,4
track_542,Song 542,Artist 42,0.2943463846779433,0.6049078754697241,-5.468278249345769,0.007945210206221643,0.7308716673397977,0.037084213601103935,0.08903437906709859,0.25329327164021825,166.021380089967,0,2,289162,2021-01-01,41,4.819366666666666,0.8660254037844386,0.5000000000000001,0.17805244620772884,0.15321909481866014,0.5471495084084466,2021,2020,0
track_543,Song 543,Artist 43,0.6709455817449782,0.32834087749421376,-12.205480687113706,0.020976564723377958,0.9535285896845883,0.008969966162677409,0.7131838804467157,0.6009427930489062,91.78018190737889,0,4,148805,1996-01-01,65,2.4800833333333334,0.8660254037844387,-0.4999999999999998,0.22029886106101187,0.19731408399350156,0.7438572103023458,1996,1990,4
track_544,Song 544,Artist 44,0.6254090043892114,0.957004918961446,-27.430463294879306,0.09999785910183712,0.5512090337552513,0.00953391751290305,0.6970063722092944,0.43967574485573563,90.97872274926576,1,9,214978,2012-01-01,29,3.5829666666666666,-1.0,-1.8369701987210297e-16,0.598519493563256,0.4207718505749767,0.36547113709645757,2012,2010,2
track_545,Song 545,Artist 45,0.40443831032791444,0.530355625580733,-15.858793519650884,0.008416513317584938,0.23376216564018237,0.25668598921792296,0.382490240579524,0.11392211088439397,82.59837827626035,1,0,164557,1972-01-01,8,2.7426166666666667,0.0,1.0,0.2144961330827757,0.0604192323855704,0.3059238541518855,1972,1970,1
track_546,Song 546,Artist 46,0.19652395336968467,0.8173333692998908,-27.748169294523453,0.004318043191951982,0.2710466827353072,0.1168860909361214,0.4893972878959411,0.4890889453982535,112.07926637048266,1,10,253627,1993-01-01,90,4.227116666666666,-0.8660254037844386,0.5000000000000001,0.160625584955779,0.39974871562968484,0.24903656879037772,1993,1990,3
track_547,Song 547,Artist 47,0.6708372162538796,0.589701622519073,-18.181252100059506,0.03313458417686708,0.7395988654364309,0.013593727159832373,0.7820587493543891,0.6819478957834813,178.5816849544717,1,3,170241,1999-01-01,41,2.83735,1.0,6.123233995736766e-17,0.39559379487109103,0.4021457806169866,0.5563815824609893,1999,1990,2
track_548,Song 548,Artist 48,0.5422615457682243,0.13863715424078907,-18.1939118153568,0.01800686879638946,0.920344864057831,0.04411801175497202,0.4492282728861247,0.5118979782450368,175.90768870086902,1,5,329375,1977-01-01,33,5.489583333333333,0.49999999999999994,-0.8660254037844387,0.07517759755951801,0.07096807896550525,0.8690836851533962,1977,1970,4
track_549,Song 549,Artist 49,0.7564706329752934,0.6635047242786799,-28.085714519932996,0.04143784966406359,0.1651443873129427,0.08976726144151884,0.7289913712820674,0.8348954573719229,113.59538911489054,1,1,247838,1991-01-01,39,4.130633333333333,0.49999999999999994,0.8660254037844387,0.5019218387571905,0.5539570802450801,0.19929326624447444,1991,1990,2
track_550,Song 550,Artist 0,0.5421389759451943,0.9467489745639247,-19.8842045148851,0.08143228290865644,0.9987878998695545,0.18052807010151062,0.11227906835763983,0.31004331499182436,142.47662303723314,1,6,185994,1994-01-01,87,3.0999,1.2246467991473532e-16,-1.0,0.513269519547249,0.29353319053890964,0.5133736603099497,1994,1990,0
track_551,Song 551,Artist 1,0.8243542752707591,0.6354345199302347,-26.78105513505187,0.007375633156735949,0.6167067161429226,0.004464275173533945,0.19328890153151213,0.12762425417356843,160.91428430648818,0,7,234005,1979-01-01,16,3.9000833333333333,-0.4999999999999997,-0.8660254037844388,0.5238231631591114,0.08109685668223571,0.4925212954056851,1979,1970,0
track_552,Song 552,Artist 2,0.5691208129583127,0.8290780848898432,-6.561178909732558,0.04345832207681815,0.05662192641390978,0.027001653949492783,0.38056620758098836,0.8929090504922055,93.76894844792321,1,0,136066,2018-01-01,28,2.2677666666666667,0.0,1.0,0.4718455936784286,0.740291325562886,0.06392893955327231,2018,2010,2
track_553,Song 553,Artist 3,0.5767972758050783,0.8869437523800829,-2.517047247030348,0.03521129218640965,0.7883414092130729,0.22049956063785703,0.4885676062529785,0.3903767145753971,83.53975202526459,1,3,255793,1998-01-01,99,4.263216666666667,1.0,6.123233995736766e-17,0.5115867401651658,0.3462421880673113,0.4705711939167334,1998,1990,2
track_554,Song 554,Artist 4,0.8451555622595932,0.3029909970345499,-27.90282221751978,0.007778847340567875,0.03916657099471027,0.0009207812273984887,0.6621708888971002,0.56876499630827,196.09343904972354,1,10,197982,2009-01-01,49,3.2997,-0.8660254037844386,0.5000000000000001,0.2560745264583298,0.17233067330979485,0.11446906392056472,2009,2000,1
track_555,Song 555,Artist 5,0.4429604362805375,0.2887199075183217,-2.301658988540659,0.048908105387595165,0.1714929792604002,0.022489396087992747,0.7911965863573902,0.7628028135171764,146.4580238493466,0,3,126304,1970-01-01,75,2.1050666666666666,1.0,6.123233995736766e-17,0.12789149619719223,0.22023635777339476,0.37263755872463866,1970,1970,1
track_556,Song 556,Artist 6,0.21391294418304463,0.6437730800773827,-14.84527861923439,0.015985504728562222,0.059886512534316524,0.3194773044071625,0.34163862235558734,0.34188229748802246,197.39820105671294,1,4,162967,2021-01-01,94,2.7161166666666667,0.8660254037844387,-0.4999999999999998,0.13771139494513987,0.22009461967779623,0.08510710016038041,2021,2020,1
track_557,Song 557,Artist 7,0.12446527486633813,0.46581533812796716,-21.312595339337655,0.03345535548474945,0.9373855871897401,0.09503694885311888,0.0855617271050637,0.69454808435985,107.28583819851207,1,11,351296,1990-01-01,48,5.854933333333333,-0.5000000000000004,0.8660254037844384,0.05797783409705367,0.3235311507622154,0.6680332817940662,1990,1990,4
track_558,Song 558,Artist 8,0.7418666673225761,0.8474765595513811,-27.770999816991257,0.004292729095505401,0.13122333189612442,0.030336625084026448,0.6508786274714937,0.17187696483604523,158.4244379963784,1,11,198763,2008-01-01,72,3.3127166666666668,-0.5000000000000004,0.8660254037844384,0.6287146108683859,0.14566169882538532,0.13407909714074562,2008,2000,2
track_559,Song 559,Artist 9,0.6272631186504449,0.9010205798242299,-15.481896225957883,0.030770808575299582,0.2712883134584893,0.006934053305263878,0.5032855393121061,0.3121643724849547,91.16450911577328,0,3,160462,1993-01-01,60,2.674366666666667,1.0,6.123233995736766e-17,0.5651769788687786,0.28126652389686074,0.2314134812074509,1993,1990,2
track_560,Song 560,Artist 10,0.69846780288434,0.41454502757941913,-6.959049209768288,0.018297568147735685,0.8634788405111269,0.0028596346211614398,0.19890714415115124,0.18023957252286793,96.56802397834781,1,8,240356,1978-01-01,82,4.005933333333333,-0.8660254037844385,-0.5000000000000004,0.289546354610025,0.074717418562395,0.675635398082059,1978,1970,0
track_561,Song 561,Artist 11,0.2810195372825741,0.310814797487289,-9.494492159265754,0.0864057830572241,0.9951042516900628,0.028069994385664,0.4211213424660651,0.780107502561222,131.66629697774735,0,6,191834,2013-01-01,45,3.197233333333333,1.2246467991473532e-16,-1.0,0.08734503057045494,0.24246895542688102,0.7619947731998727,2013,2010,4
track_562,Song 562,Artist 12,0.2159157542487543,0.7946677085670371,-28.54344566754476,0.002933321887280849,0.016023586219575236,0.21327226596499785,0.6067326841502934,0.2503843117041068,104.74653757112998,0,1,356005,1995-01-01,45,5.933416666666667,0.49999999999999994,0.8660254037844387,0.17158127767238107,0.19897232724303732,0.01976531209513088,1995,1990,1
track_563,Song 563,Artist 13,0.11236296581769964,0.34457737163784113,-27.885846774330798,0.02711644018475361,0.5563727094646415,0.05377064548526818,0.6278088403014829,0.6956631998646893,83.46701893768183,0,0,231023,1978-01-01,16,3.8503833333333333,0.0,1.0,0.03871773543089553,0.23970979695454478,0.6175393105514841,1978,1970,4
track_564,Song 564,Artist 14,0.3979994249856075,0.8321267434771737,-18.316674803653523,0.030664278999475176,0.7009335122676932,0.1274156989309365,0.42471380899907146,0.8989685575210873,96.80329827850565,0,8,354522,1989-01-01,65,5.9087,-0.8660254037844385,-0.5000000000000004,0.33118596541906126,0.7480557782583948,0.4572116799906546,1989,1980,3
track_565,Song 565,Artist 15,0.6014300338264381,0.47712704574739895,-21.436575672609646,0.06455031385964184,0.2784739815191875,0.2504518128404936,0.27891089759664434,0.5249949881619893,65.00477522522105,1,0,301227,2004-01-01,4,5.02045,0.0,1.0,0.2869585352633666,0.25048930773392064,0.3685458369223487,2004,2000,1
track_566,Song 566,Artist 16,0.43340743833477247,0.6941194103694087,-23.260854631374613,0.04269956097824137,0.373027743381127,0.05243169937359698,0.7803069365288702,0.5360262730346189,158.61930700684812,0,5,237771,2005-01-01,53,3.96285,0.49999999999999994,-0.8660254037844387,0.30083651554664814,0.3720662405813014,0.34955572201489155,2005,2000,3
track_567,Song 567,Artist 17,0.47185368372016967,0.18502642931285468,-21.850869531647305,0.05501253208091015,0.4751792638762529,0.02122992773717565,0.5475219582173697,0.4649302112880308,128.89633199202063,0,1,195842,2011-01-01,15,3.2640333333333333,0.49999999999999994,0.8660254037844387,0.08730540225686007,0.08602437687429543,0.7197431785808085,2011,2010,4
track_568,Song 568,Artist 18,0.8685348903196861,0.65523479896215,-6.699000444390347,0.07504022719200143,0.9791708257861196,0.07279828184071109,0.35617813950972405,0.34330112905427845,73.19402929663359,1,3,122589,2005-01-01,80,2.04315,1.0,6.123233995736766e-17,0.5690942842502326,0.22494284627935926,0.599098664285536,2005,2000,0
track_569,Song 569,Artist 19,0.3960171469698053,0.5020732340761339,-3.0523864446762374,0.09909867500789175,0.9911130217394871,0.23868767578633446,0.26034741815348933,0.47808952783242536,84.03715903798877,0,5,245023,1978-01-01,90,4.083716666666667,0.49999999999999994,-0.8660254037844387,0.19882960972873376,0.24003595541675765,0.6637566841528615,1978,1970,0
track_570,Song 570,Artist 20,0.5368910657858391,0.6220815322261719,-18.252021858700573,0.018834808803283205,0.39383787776360185,0.16315527228689483,0.5983272372526717,0.5925267790400834,74.35483533577016,0,4,288150,1991-01-01,6,4.8025,0.8660254037844387,-0.4999999999999998,0.33399001684259727,0.3685999665902935,0.38766607491187843,1991,1990,3
track_571,Song 571,Artist 21,0.7661050608299715,0.24953264489292845,-3.722780938157584,0.038611976745870344,0.05912084538876663,0.006809667679278767,0.23163758419532576,0.9373924149535934,145.7629931586227,0,10,351617,1970-01-01,7,5.860283333333333,-0.8660254037844386,0.5000000000000001,0.19116822209476064,0.23391000860593966,0.19154377224452396,1970,1970,1
track_572,Song 572,Artist 22,0.4370613649730797,0.7558176330003221,-20.676624663811424,0.09166285911198181,0.0012923269402223161,0.11795169679846265,0.1787824917302661,0.8939881033864018,73.18945090574913,0,5,174918,1974-01-01,71,2.9153,0.49999999999999994,-0.8660254037844387,0.330338686349843,0.6756919722319574,0.0017069188119054595,1974,1970,3
track_573,Song 573,Artist 23,0.6287736951936924,0.8678893990134734,-16.183327396030045,0.22758683126428633,0.8173770638408777,0.08483926785528505,0.44737541672155273,0.8259376624638096,165.59952662493026,0,2,264673,1978-01-01,86,4.411216666666666,0.8660254037844386,0.5000000000000001,0.5457060244371346,0.7168225414983088,0.4850132586411415,1978,1970,3
track_574,Song 574,Artist 24,0.8330091524347334,0.2928984220807903,-23.445159063336007,0.11014572669368904,0.019312358944729435,0.23801486201298153,0.2674905444831064,0.8502174821343724,62.87152870485477,0,4,127711,2006-01-01,95,2.1285166666666666,0.8660254037844387,-0.4999999999999998,0.24398706632698994,0.2490273589426602,0.06185659900883392,2006,2000,1
track_575,Song 575,Artist 25,0.9070925301089957,0.18518595441294394,-11.426194776900523,0.02321835821003894,0.1175526846570173,0.013065714648777505,0.5216788586927114,0.4710642649628386,94.91261031942489,1,1,337972,2007-01-01,81,5.632866666666667,0.49999999999999994,0.8660254037844387,0.16798079592908646,0.08723448549697517,0.3882963097206165,2007,2000,1
track_576,Song 576,Artist 26,0.22501245878968223,0.1210383415812394,-1.6095476599305414,0.01085599383242565,0.23924691961425212,0.07636471440068046,0.1384540061556751,0.6416998944597183,184.69333462486702,1,6,179430,1988-01-01,37,2.9905,1.2246467991473532e-16,-1.0,0.02723513484702011,0.07767029101826066,0.6640467466630281,1988,1980,4
track_577,Song 577,Artist 27,0.8875994813872702,0.6713546353945067,-12.49870021474202,0.033607707946998785,0.9494991540301435,0.21157959765551348,0.5412058284254913,0.8555600506425927,160.59438453711442,1,2,314399,1977-01-01,53,5.239983333333333,0.8660254037844386,0.5000000000000001,0.5958940262031039,0.5743842058572635,0.585801492043087,1977,1970,2
track_578,Song 578,Artist 28,0.5182988491176075,0.6403136921190149,-19.623391560707084,0.0676703468632035,0.5955690207784027,0.05276730594065331,0.26247239599827665,0.4036556884922177,70.21556660959628,1,0,350314,2011-01-01,75,5.838566666666667,0.0,1.0,0.3318738496995315,0.2584662642432949,0.48189729710260926,2011,2010,0
track_579,Song 579,Artist 29,0.3195077300541146,0.5865606973155223,-11.213294066274678,0.03391973386675694,0.21245110318774382,0.06577702254442734,0.05018220082588455,0.9155862305109219,174.95765462792517,0,7,346218,2012-01-01,14,5.7703,-0.4999999999999997,-0.8660254037844388,0.18741067693824112,0.5370468978209769,0.2658919895324948,2012,2010,3
track_580,Song 580,Artist 30,0.4902653928025221,0.30643291554321817,-26.43530032450376,0.03300311490037453,0.9129088856740585,0.0073066167892394136,0.1452020432556323,0.42420745586226466,129.02491701562866,0,7,222605,2001-01-01,91,3.7100833333333334,-0.4999999999999997,-0.8660254037844388,0.15023345370641794,0.1299911274950448,0.7486892814413606,2001,2000,4
track_581,Song 581,Artist 31,0.9330276889926554,0.44790633635590804,-4.228886672303439,0.09107911543049325,0.4680387017305511,0.03259291078722686,0.7502115333763206,0.590974398853894,178.5496238036361,0,2,123970,1982-01-01,49,2.0661666666666667,0.8660254037844386,0.5000000000000001,0.41790901389531987,0.2647011778707828,0.5109893839470611,1982,1980,0
track_582,Song 582,Artist 32,0.5187253798939392,0.629083938315694,-15.410565427384746,0.022424145822824742,0.9164079154471662,0.03923119649596371,0.7005159793365184,0.6888242419451347,144.1035684230551,1,6,189535,1989-01-01,55,3.158916666666667,1.2246467991473532e-16,-1.0,0.3263218048879838,0.4333282669301678,0.5929551296312752,1989,1980,3
track_583,Song 583,Artist 33,0.37943886874438193,0.5421225043846608,-16.96885748085038,0.09823236611522213,0.04406239004131687,0.29026509165470155,0.22520677402717765,0.9055328117683444,155.45662448460024,1,8,206570,2005-01-01,94,3.442833333333333,-0.8660254037844385,-0.5000000000000004,0.20570234978458693,0.4909097157183385,0.07516794665362078,2005,2000,1
track_584,Song 584,Artist 34,0.6383907261692169,0.9791291129912497,-13.009921134847943,0.026111588103075067,0.21758047898571176,0.03322156136661943,0.6337789284091184,0.2701546466470394,199.09021845539914,0,7,241315,2012-01-01,8,4.021916666666667,-0.4999999999999997,-0.8660254037844388,0.6250669454559051,0.2645162795419802,0.18181545349763273,2012,2010,2
track_585,Song 585,Artist 35,0.3041237759614641,0.2214313797754925,-11.881267979107328,0.01989219410434391,0.8465697753299887,0.06177962039001496,0.5064286948804807,0.721517880414778,92.52697642936255,0,2,287248,2013-01-01,7,4.787466666666667,0.8660254037844386,0.5000000000000001,0.06734254733367975,0.1597666997929331,0.792666729447168,2013,2010,4
track_586,Song 586,Artist 36,0.16448382889236435,0.7186786531023585,-27.918501619431122,0.030255891287585646,0.8283536656149034,0.11126232561581627,0.7781785335874021,0.5187340275296739,147.35238046659435,1,1,232111,2006-01-01,18,3.868516666666667,0.49999999999999994,0.8660254037844387,0.11821101660548321,0.37280307222338777,0.5354465579976915,2006,2000,3
track_587,Song 587,Artist 37,0.20954776362405186,0.45984370361282,-10.204100584521331,0.07186821742735029,0.007480259041799219,0.017695602393408307,0.3302042446505443,0.29170142655857695,124.44499460803577,1,9,161730,1999-01-01,50,2.6955,-1.0,-1.8369701987210297e-16,0.09635921970866777,0.13413706433783903,0.016006547134370764,1999,1990,1
track_588,Song 588,Artist 38,0.20883896311410657,0.48109765728379716,-22.983981270849643,0.006733861176990654,0.0005765088995903863,0.06663930594939736,0.5610954593878785,0.7489461558167515,65.5232734091768,1,6,333240,1979-01-01,71,5.554,1.2246467991473532e-16,-1.0,0.100471935903774,0.36031624099514487,0.0011968831695402227,1979,1970,1
track_589,Song 589,Artist 39,0.2291172894854502,0.7386620114357768,-9.295373657308897,0.010933877928111208,0.18411249656427905,0.13414702971609446,0.09765179181793894,0.5470000521564619,62.025889810401104,1,6,264457,2000-01-01,97,4.407616666666667,1.2246467991473532e-16,-1.0,0.16924023790603582,0.40404815878136696,0.19952035459123596,2000,2000,1
track_590,Song 590,Artist 40,0.21800309675199864,0.716268174678689,-6.146490962858294,0.15125272562192738,0.8639305829604871,0.20163181190249949,0.3471855101123044,0.6448764385847082,76.69200089450021,0,8,243252,1994-01-01,56,4.0542,-0.8660254037844385,-0.5000000000000004,0.1561486801848557,0.4619044695583626,0.5467223867007817,1994,1990,3
track_591,Song 591,Artist 41,0.6447435330827324,0.9822178343949476,-6.685203280976911,0.009648399112548561,0.884063737890037,0.09841929697354473,0.7728632458911354,0.34061096172011085,150.87284367539672,1,4,257022,1998-01-01,67,4.2837,0.8660254037844387,-0.4999999999999998,0.6332785968046686,0.3345541611919077,0.4737030453044594,1998,1990,2
track_592,Song 592,Artist 42,0.25459807173927307,0.21427091761417147,-13.977471945171217,0.041934934068669424,0.27372534232212425,0.11057985943710283,0.4542356558375904,0.48314655664484446,139.40283230787492,1,3,352302,1993-01-01,30,5.8717,1.0,6.123233995736766e-17,0.054552962454372696,0.1035242560344181,0.560915736202816,1993,1990,4
track_593,Song 593,Artist 43,0.39381719082528377,0.19265758795190804,-14.915073122988217,0.04329348380491145,0.10359904215038203,0.013499929527759379,0.26590962750113345,0.6056188258892603,137.48013856292184,0,7,324583,2008-01-01,2,5.409716666666666,-0.4999999999999997,-0.8660254037844388,0.07587187007839546,0.11667706221409145,0.3496924015581032,2008,2000,1
track_594,Song 594,Artist 44,0.86227014842011,0.7446615472445796,-25.85659712115706,0.03363042376572661,0.04146381074122106,0.29146408343857194,0.14020322234645516,0.41441973284285955,64.45994675395642,0,3,304081,1990-01-01,98,5.068016666666667,1.0,6.123233995736766e-17,0.6420994228653324,0.3086024394674491,0.05274446063284142,1990,1990,2
track_595,Song 595,Artist 45,0.5028673942234415,0.6147643561357041,-7.514961638309067,0.05174600686113209,0.8106252129257221,0.014222516272016773,0.5776462551361479,0.22853528586293115,125.70241949040098,0,3,337922,2010-01-01,82,5.632033333333333,1.0,6.123233995736766e-17,0.30914494983141333,0.14049534786781395,0.5687039261523196,2010,2010,0
track_596,Song 596,Artist 46,0.667424077742873,0.34400299323822725,-22.129127967045285,0.013056987900925895,0.6689201446284055,0.14902023197243552,0.5336420325722951,0.9154764430837736,189.447194497954,1,11,274470,1978-01-01,42,4.5745,-0.5000000000000004,0.8660254037844384,0.22959588050281163,0.3149266366599037,0.66038523480865,1978,1970,4
track_597,Song 597,Artist 47,0.24647189052138535,0.17068323840019808,-15.595832738279551,0.04022207082914744,0.4481699538269131,0.030763490864726614,0.33045403520283095,0.5103207860383556,115.66286170349053,1,11,276349,2011-01-01,28,4.605816666666667,-0.5000000000000004,0.8660254037844384,0.04206862044880914,0.08710320438396113,0.7241931289405255,2011,2010,4
track_598,Song 598,Artist 48,0.2634456659873702,0.1762358421408232,-21.756051305102016,0.023274551736404088,0.9903653184843615,0.27119549703191675,0.7632060138993757,0.7105283332589305,147.48914577038389,1,1,277833,2011-01-01,9,4.63055,0.49999999999999994,0.8660254037844387,0.046428568803634204,0.12522055917680308,0.8489314968811841,2011,2010,4
track_599,Song 599,Artist 49,0.13473832382650702,0.8958298784510652,-26.118977473008897,0.054186271438724155,0.18300761221179784,0.12728211840004733,0.06665210974088774,0.4199424742004523,169.17461458724011,1,0,315507,1971-01-01,11,5.25845,0.0,1.0,0.12070261625620005,0.37619701561943075,0.1696339292634561,1971,1970,1
track_600,Song 600,Artist 0,0.24359480361133987,0.27076191899968116,-11.742826790139638,0.007612331381052286,0.7444539027716944,0.14016667653141543,0.27779288872386937,0.36961858762314465,169.74953907986426,0,3,183944,1973-01-01,45,3.065733333333333,1.0,6.123233995736766e-17,0.06595619648415685,0.10007863808279445,0.7332954762045341,1973,1970,4
track_601,Song 601,Artist 1,0.33680178817716483,0.3878006902828135,-28.424370990135788,0.042300632961878144,0.7092105671031327,0.02472558977745158,0.7408021147246862,0.41644786862041244,132.699211535338,0,6,282605,1977-01-01,29,4.710083333333333,1.2246467991473532e-16,-1.0,0.13061196594359045,0.16149877091780238,0.6464928375486887,1977,1970,4
track_602,Song 602,Artist 2,0.2504589116352348,0.3017241979820193,-8.2892882103402,0.010244947258534953,0.23632166502727125,0.05852618129683499,0.2907015787395803,0.41827697940708475,180.1132723563271,1,11,323574,2001-01-01,93,5.3929,-0.5000000000000004,0.8660254037844384,0.07556951424059068,0.12620428614594426,0.4392213416235281,2001,2000,1
track_603,Song 603,Artist 3,0.1753971536934973,0.41594671219042423,-20.789982937427617,0.016331060305257064,0.020222153470731318,0.09618457705068077,0.23918962539137778,0.5397621043477582,114.79293307092458,1,8,227437,1983-01-01,81,3.7906166666666667,-0.8660254037844385,-0.5000000000000004,0.07295586940636872,0.2245122726684347,0.04636302290181865,1983,1980,1
track_604,Song 604,Artist 4,0.2025404904355107,0.1617872200440231,-29.996093902869926,0.012340431183475279,0.018395542517200342,0.14695612731873184,0.45066530744843547,0.5391228829832269,184.41705006987178,1,8,246794,2018-01-01,87,4.1132333333333335,-0.8660254037844385,-0.5000000000000004,0.03276846289391432,0.08722319249997544,0.10209323113091193,2018,2010,1
track_605,Song 605,Artist 5,0.4916619528278169,0.5619632139083607,-15.177254962120335,0.01009588239898087,0.03037430047371805,0.01097695276515116,0.6678513124404035,0.49743843429458445,93.63180329537634,0,11,192123,1982-01-01,31,3.20205,-0.5000000000000004,0.8660254037844384,0.2762959311675808,0.2795421012577276,0.051278618114853125,1982,1980,1
track_606,Song 606,Artist 6,0.27538366064492364,0.16017518159707128,-28.64129465269951,0.0873520080051758,0.6654183173606694,0.3279829219047757,0.1273600706587708,0.17130720642569428,99.23029697867995,1,9,142880,1990-01-01,72,2.3813333333333335,-1.0,-1.8369701987210297e-16,0.044109627852666894,0.027439162898122555,0.8059868594094518,1990,1990,4
track_607,Song 607,Artist 7,0.4096293818908642,0.8123172919619018,-21.991082823193913,0.016823141569534437,0.9957901217452716,0.22092830240458916,0.7572655322343022,0.49646793065047795,67.43688738786015,0,0,321699,1993-01-01,46,5.36165,0.0,1.0,0.33274903020561447,0.4032894849719255,0.550735848689293,1993,1990,3
track_608,Song 608,Artist 8,0.5279046802266283,0.30800375290028537,-9.49768186378423,0.13094964595202688,0.9840117370366216,0.031518838011609804,0.6463046608858731,0.20219351037858635,171.3814571159196,1,4,292825,2019-01-01,87,4.880416666666667,0.8660254037844387,-0.4999999999999998,0.1625966226834266,0.062276360008687394,0.7616092710122252,2019,2010,0
track_609,Song 609,Artist 9,0.6868356043349605,0.5806106039980145,-28.18200097296589,0.17520558682260912,0.6884257104650346,0.17302519038565503,0.18593769166366397,0.16352220766618863,118.38773307257878,0,6,347738,1987-01-01,62,5.795633333333333,1.2246467991473532e-16,-1.0,0.39878403508026267,0.09494272776015453,0.5424786983165417,1987,1980,0
track_610,Song 610,Artist 10,0.1334153188649341,0.8832703879296978,-5.659183721675934,0.04234528502392569,0.9435445777125276,0.07304834303530149,0.584005970898622,0.889381145607051,92.07632594759586,0,6,333669,2014-01-01,25,5.56115,1.2246467991473532e-16,-1.0,0.11784180044959468,0.785564029497699,0.5164967875572624,2014,2010,3
track_611,Song 611,Artist 11,0.7794988390726862,0.6792808584520028,-29.88922224290109,0.007715933519011431,0.710343124403578,0.06195370837979303,0.3387190419781679,0.5944550118329338,92.45063886632116,1,9,207829,2009-01-01,2,3.4638166666666668,-1.0,-1.8369701987210297e-16,0.5294986405676338,0.40380191074897076,0.511176132530284,2009,2000,2
track_612,Song 612,Artist 12,0.6337153310672715,0.5743324300306885,-22.842107793144834,0.023464053987741578,0.026785602415741506,0.03775106588685587,0.35172100855723903,0.6435410523121259,186.19599177209264,0,5,252633,1995-01-01,22,4.21055,0.49999999999999994,-0.8660254037844387,0.3639632660395683,0.3696064963989297,0.04455956469508152,1995,1990,1
track_613,Song 613,Artist 13,0.1694951771565411,0.38865704027268433,-8.51378237158993,0.07990815151086438,0.5609782997656191,0.08698093896306411,0.6374675693291498,0.41161430330002735,176.74832406454516,0,10,173205,2001-01-01,74,2.88675,-0.8660254037844386,0.5000000000000001,0.06587549389415556,0.15997679685449162,0.5907296047063575,2001,2000,4
track_614,Song 614,Artist 14,0.8425418304907606,0.3963717026217962,-20.828165657850104,0.02289511561743342,0.026280033566049053,0.13089227291158703,0.7720886059855492,0.8680828027233778,137.49432395000565,1,9,226948,2013-01-01,73,3.7824666666666666,-1.0,-1.8369701987210297e-16,0.3339597398817076,0.3440834585321661,0.06217878488871077,2013,2010,1
track_615,Song 615,Artist 15,0.8827415404520411,0.6958433901263892,-27.04512074608561,0.004551912880210078,0.9857476787351734,0.052921518834240525,0.14499190463539546,0.624137440621699,146.25551205820096,0,3,179810,2022-01-01,49,2.9968333333333335,1.0,6.123233995736766e-17,0.6142498661135394,0.43430191258701095,0.5861990532594057,2022,2020,2
track_616,Song 616,Artist 16,0.1519162658766342,0.9847840314868391,-19.553216354787594,0.0406850049194479,0.838601919334328,0.09921442077096243,0.36547267765911456,0.7422528825712287,126.40557987704074,1,2,233089,2002-01-01,35,3.8848166666666666,0.8660254037844386,0.5000000000000001,0.14960471275841836,0.730958786081222,0.45991440212767865,2002,2000,3
track_617,Song 617,Artist 17,0.3353460009251232,0.689036878965947,-22.15859469484876,0.09325550766240666,0.7827139928882967,0.12016851601646553,0.41070620606322766,0.38170622212494243,114.83331600303325,0,11,184482,2021-01-01,12,3.0747,-0.5000000000000004,0.8660254037844384,0.23106576185115846,0.2630096639748528,0.5318246967147826,2021,2020,0
track_618,Song 618,Artist 18,0.785271087824102,0.5964272414593221,-5.561354837343906,0.0794637251445945,0.31323134159350086,0.12417501918945476,0.33223386271624816,0.9140106927372129,188.1667633705664,0,8,189192,2000-01-01,28,3.1532,-0.8660254037844385,-0.5000000000000004,0.46835706870869026,0.54514087613358,0.3443390774187137,2000,2000,2
track_619,Song 619,Artist 19,0.7360207368261096,0.750278954112929,-20.91291039003085,0.009626058227600851,0.02283676803899466,0.005336501590154146,0.32239184278716876,0.7884151611424836,77.5857784928423,0,11,207154,1987-01-01,37,3.452566666666667,-0.5000000000000004,0.8660254037844384,0.5522208686313208,0.591531302508759,0.029538577273855744,1987,1980,2
track_620,Song 620,Artist 20,0.25684286645292076,0.5140329949325092,-7.120958318495791,0.05585377667199042,0.15631773986622474,0.19643130889624516,0.0892015006711974,0.8185536167130892,118.58255056027191,0,9,206066,2004-01-01,76,3.4344333333333332,-1.0,-1.8369701987210297e-16,0.13202570786984535,0.42076356711186647,0.23318764128082325,2004,2000,3
track_621,Song 621,Artist 21,0.27794692483620376,0.15352668491469884,-4.135707800488692,0.012455402997422892,0.4713162323557797,0.06129567572093029,0.5641539654219675,0.20497484068317884,108.23866711830254,1,3,338480,1981-01-01,89,5.641333333333334,1.0,6.123233995736766e-17,0.04267226995233733,0.03146910778100699,0.7542943434812365,1981,1980,4
track_622,Song 622,Artist 22,0.41490128737267473,0.6004441661313397,-17.41929483228064,0.012308298155587217,0.9992992893703045,0.03043754097109155,0.37716081284003405,0.29386688708409753,129.74110083516078,1,7,279402,2020-01-01,83,4.6567,-0.4999999999999997,-0.8660254037844388,0.249125057523305,0.17645065796882348,0.6246618239142118,2020,2020,0
track_623,Song 623,Artist 23,0.5118445374123681,0.9522865032097884,-3.6116488282226307,0.1036021581868679,0.9955431098817596,0.027676126544142948,0.1960953519829451,0.30706393971521934,124.06846243632451,1,0,267211,1994-01-01,4,4.453516666666666,0.0,1.0,0.48742264471945573,0.2924128454132275,0.5111035339472658,1994,1990,0
track_624,Song 624,Artist 24,0.6255165558007515,0.2560196186983171,-19.057776435067407,0.014362038674606604,0.9621751147733439,0.06597397024167971,0.6620251267265513,0.29381830092218403,132.64453443115138,0,6,248514,2014-01-01,19,4.1419,1.2246467991473532e-16,-1.0,0.16014451010559297,0.07522324936868494,0.7898362211721924,2014,2010,0
track_625,Song 625,Artist 25,0.41357659363430654,0.7141043528303925,-2.0417259217868633,0.015275152788324526,0.012012130815166389,0.21788777692509964,0.651920561113721,0.8198673458938591,79.58865681177917,0,11,152977,2000-01-01,77,2.5496166666666666,-0.5000000000000004,0.8660254037844384,0.2953368457430247,0.5854708404463058,0.016542957697228362,2000,2000,3
track_626,Song 626,Artist 26,0.4931545087131757,0.2788309829065603,-27.410603788758387,3.2680215703518454e-05,0.9858144192932484,0.04753741554317399,0.41479372106667034,0.0786963156877329,131.83981021185878,1,5,124983,1979-01-01,13,2.08305,0.49999999999999994,-0.8660254037844387,0.13750675638929663,0.021942971054335524,0.7795178301052834,1979,1970,4
track_627,Song 627,Artist 27,0.7353502974136931,0.5768866391810423,-10.076441271405962,0.10226902666443612,0.45307921444331545,0.13851979495329775,0.2738379958608204,0.11848999008269687,93.93863394420953,1,11,290981,2016-01-01,7,4.849683333333333,-0.5000000000000004,0.8660254037844384,0.4242137616957653,0.06835529215540204,0.4398968887678005,2016,2010,0
track_628,Song 628,Artist 28,0.1311807224570082,0.18604204018558046,-15.67939282674907,0.07865404874322918,0.2603349553036385,0.010183200483296392,0.5285695443473393,0.2965233835669133,85.80638885834678,1,0,359494,2021-01-01,47,5.9915666666666665,0.0,1.0,0.024405129238920197,0.05516581524151998,0.5832163725237351,2021,2020,4
track_629,Song 629,Artist 29,0.3145714026924177,0.5008301332697848,-18.758184641786237,0.049352955596129344,0.004591731899549708,0.06463718107281922,0.2661141018330523,0.22988567718449926,69.07679063006677,1,3,315552,2003-01-01,12,5.2592,1.0,6.123233995736766e-17,0.15754683753330667,0.11513367434112748,0.009084931086391027,2003,2000,1
track_630,Song 630,Artist 30,0.7063471480018695,0.772985362716769,-11.651355516290575,0.06936789911598988,0.36213131054893316,0.4789831324598767,0.22700594774278404,0.25867365249456353,166.77135822585973,0,11,169029,2020-01-01,23,2.81715,-0.5000000000000004,0.8660254037844384,0.5459960064021804,0.19995094709878164,0.3190253478364859,2020,2020,2
track_631,Song 631,Artist 31,0.8609258120341194,0.4093386565726941,-9.588144342604394,0.00824659588683149,0.21320314704437066,0.1471581274400505,0.597885990519745,0.76814887032797,119.8418689199184,1,4,272401,1972-01-01,78,4.540016666666666,0.8660254037844387,-0.4999999999999998,0.3524102153068022,0.3144330266278838,0.34247146670980566,1972,1970,2
track_632,Song 632,Artist 32,0.5349258257983162,0.691771434793624,-29.873465180141036,0.030654324691254776,0.46151773579037153,0.023639153009279372,0.08024392979071303,0.5568139345028422,147.7301156636462,0,10,242668,2015-01-01,64,4.044466666666667,-0.8660254037844386,0.5000000000000001,0.37004640602066535,0.3851879743841142,0.40017486280722503,2015,2010,3
track_633,Song 633,Artist 33,0.5522964624755183,0.807950465102859,-25.158360426331235,0.021633032924217137,0.4191308017732024,0.06960342916530159,0.12107635327594547,0.0551935951636712,161.86306806266407,1,7,287806,2008-01-01,85,4.796766666666667,-0.4999999999999997,-0.8660254037844388,0.4462281837317587,0.04459369088318705,0.3415669943957684,2008,2000,1
track_634,Song 634,Artist 34,0.19109620963880963,0.9251882593367129,-9.321664531604757,0.004923467179710379,0.03522346946752625,0.026608336449752742,0.055091130517692335,0.4363904891337757,155.1043331438975,0,3,162837,1977-01-01,33,2.71395,1.0,6.123233995736766e-17,0.17679996956157387,0.40374335703277464,0.036675346349669055,1977,1970,1
track_635,Song 635,Artist 35,0.4803005117999365,0.30883145285135366,-10.674823006232014,0.03328929540206506,0.004414091681327422,0.05268888277747552,0.16470738985656963,0.417096434165323,125.87010067255552,1,2,325426,2001-01-01,50,5.423766666666666,0.8660254037844386,0.5000000000000001,0.14833190486442313,0.12881249774239567,0.014091429764732485,2001,2000,1
track_636,Song 636,Artist 36,0.5527246764867697,0.4553911650702842,-1.98462235126836,0.12675086398529636,0.4886996054800598,0.15145097316501335,0.1017425065328446,0.15255074250008915,114.30579405324218,1,1,327526,2012-01-01,2,5.4587666666666665,0.49999999999999994,0.8660254037844387,0.251705934388406,0.06947026035945252,0.517639937900507,2012,2010,0
track_637,Song 637,Artist 37,0.30609992808952025,0.2356502518640715,-7.929904082727294,0.0020441789380499487,0.012996063320049382,0.14750154837956148,0.7968517758349389,0.6585276097413114,112.63438734969293,0,3,359026,1998-01-01,89,5.983766666666667,1.0,6.123233995736766e-17,0.07213252514986962,0.15518219709498504,0.05226705669605129,1998,1990,1
track_638,Song 638,Artist 38,0.3288567463069738,0.9833103169209539,-2.4275914757911963,0.01722750267019295,0.9184880699071873,0.025890076060072667,0.2666074774655672,0.681887469541542,149.60683157020787,0,10,237512,1991-01-01,77,3.9585333333333335,-0.8660254037844386,0.5000000000000001,0.32336823143270416,0.6705069837793209,0.4829573909154845,1991,1990,3
track_639,Song 639,Artist 39,0.4206915386389293,0.9250308614526228,-9.626325455490598,0.011630721454153989,0.2014359253787965,0.25539136119367123,0.16195100950193547,0.698803897146888,129.27120969186228,1,9,186786,1989-01-01,57,3.1131,-1.0,-1.8369701987210297e-16,0.3891526563929981,0.6464151709642358,0.17882084843757923,1989,1980,2
track_640,Song 640,Artist 40,0.11706051811106742,0.5805618459496981,-21.35648594945615,0.013600060034847199,0.9286202081392084,0.08978816799690037,0.23074719349693845,0.7056238510027328,178.8785147183915,0,3,124758,1975-01-01,71,2.0793,1.0,6.123233995736766e-17,0.06796087048238937,0.4096582854842813,0.6153131693489736,1975,1970,3
track_641,Song 641,Artist 41,0.3737672907457016,0.849409631995015,-26.944417254725163,0.11953506411923293,0.8910769746262539,0.04779136970463946,0.752094178655101,0.05004754423906713,182.4582778057397,1,9,222667,2012-01-01,54,3.711116666666667,-1.0,-1.8369701987210297e-16,0.31748153688408015,0.04251086613436024,0.5119697326406489,2012,2010,0
track_642,Song 642,Artist 42,0.27973080594706295,0.5636525997721176,-7.32710796299687,0.031562079962883564,0.012348646584263852,0.06970258544615066,0.4401201672682968,0.9085287234620499,83.8784529209126,0,4,318771,2018-01-01,79,5.31285,0.8660254037844387,-0.4999999999999998,0.15767099600841175,0.5120945769470278,0.021438538933446372,2018,2010,3
track_643,Song 643,Artist 43,0.37837274935122744,0.6549912623224561,-11.319672577198439,0.031396014783062025,0.003329551898123358,0.09290499188029527,0.32361357223089265,0.7827878903491967,79.07271121640159,1,6,228119,1998-01-01,41,3.8019833333333333,1.2246467991473532e-16,-1.0,0.24783084472597874,0.5127192284305527,0.005057635682428939,1998,1990,1
track_644,Song 644,Artist 44,0.20179781204636354,0.1793207445832548,-28.60260564059441,0.07147588734519326,0.6207442231191338,0.0820731791753665,0.7050435934319146,0.8635835269303567,148.25612964503995,1,8,220157,2011-01-01,20,3.6692833333333335,-0.8660254037844385,-0.5000000000000004,0.036186533911425615,0.15485844105898483,0.7758663012523493,2011,2010,4
track_645,Song 645,Artist 45,0.8569481886289106,0.772190674242159,-19.558536488871628,0.008390894505614924,0.9728146287767724,0.06663203310473194,0.34624270291177434,0.06407896577669073,102.17160472871912,1,1,202673,1986-01-01,9,3.377883333333333,0.49999999999999994,0.8660254037844387,0.6617273995679553,0.04948117978784305,0.5574848796212162,1986,1980,0
track_646,Song 646,Artist 46,0.6045535855209413,0.21366500043535902,-2.2528053509557004,0.03339984135452396,0.6279324148910955,0.0703061776312208,0.3012564274682718,0.8904729162071654,62.59990062711384,1,4,217639,2000-01-01,56,3.6273166666666667,0.8660254037844387,-0.4999999999999998,0.12917194211352978,0.19026289602907942,0.7461188180202569,2000,2000,4
track_647,Song 647,Artist 47,0.6772369712728161,0.8352001909247503,-15.488366774404165,0.028104648917574457,0.495619066971731,0.019408476535595274,0.2054618919123017,0.7788096758192942,184.40997371081372,1,10,272904,2022-01-01,24,4.5484,-0.8660254037844386,0.5000000000000001,0.5656284477083556,0.6504619899383174,0.37241623279398794,2022,2020,2
track_648,Song 648,Artist 48,0.7707955528162375,0.7960049980266435,-17.450855055428566,0.045429856502045333,0.912646547948358,0.16752193619788797,0.33334761793205864,0.8034972286628287,91.76610741413316,1,9,252940,2003-01-01,55,4.2156666666666665,-1.0,-1.8369701987210297e-16,0.6135571124984347,0.6395878099161685,0.5341323197031719,2003,2000,2
track_649,Song 649,Artist 49,0.5236758690896987,0.730782780991249,-16.726711450380474,0.386176476103123,0.11308267900936332,0.07803629128454571,0.28751326701269453,0.13395864624977166,190.09929123601327,1,8,234869,2007-01-01,37,3.9144833333333335,-0.8660254037844385,-0.5000000000000004,0.38269330795137924,0.09789467204423109,0.1340054195414773,2007,2000,1
track_650,Song 650,Artist 0,0.17388224487431014,0.13218273866703828,-23.94240100385025,0.07336413617363867,0.3281842748081561,0.014050405863573357,0.5579779694736058,0.7149002260267379,160.44082312295552,1,11,301737,2006-01-01,85,5.02895,-0.5000000000000004,0.8660254037844384,0.022984231333058894,0.0944974697498989,0.7128737557824255,2006,2000,4
track_651,Song 651,Artist 1,0.5565405605457656,0.3697842367913424,-19.30749204492094,0.0253637386932173,0.466216811793297,0.14531057633824504,0.2671870285030453,0.9139250206778818,166.7714885876078,0,2,292934,1973-01-01,60,4.882233333333334,0.8660254037844386,0.5000000000000001,0.20579992642484185,0.3379550662558824,0.557674245634454,1973,1970,3
track_652,Song 652,Artist 2,0.5988149503177472,0.33417018722065017,-19.275415576371877,0.08788328196142539,0.8254668189954257,0.269479807535651,0.4828998098169211,0.6606926072763446,88.20460941104245,0,0,139728,1971-01-01,46,2.3288,0.0,1.0,0.20010610405820592,0.22078377226883558,0.7118314634141235,1971,1970,4
track_653,Song 653,Artist 3,0.7336235530566805,0.420521402649652,-28.4817044145633,0.009359169618058402,0.0013080467804834242,0.2943270747317352,0.09941912377397953,0.5635052641621459,92.78721958635381,0,1,223542,1981-01-01,53,3.7257,0.49999999999999994,0.8660254037844387,0.3085044055482167,0.23696602408592823,0.003100882788927418,1981,1980,1
track_654,Song 654,Artist 4,0.4669106142952275,0.1780020446198163,-7.740538772980372,0.0015468674449368607,0.5371614812081575,0.0460477518913723,0.1934668675223858,0.9010667099740972,132.97748553536923,1,5,213565,2004-01-01,45,3.5594166666666665,0.49999999999999994,-0.8660254037844387,0.08311104399924493,0.16039171671424032,0.7511019657836981,2004,2000,4
track_655,Song 655,Artist 5,0.2084432573762292,0.9338924624976459,-17.92137147478751,0.011435976691547313,0.25437989225012136,0.014562349233817613,0.35555395370851156,0.44864340956099236,84.0939793709807,1,4,290929,1975-01-01,67,4.848816666666667,0.8660254037844387,-0.4999999999999998,0.1946635869221173,0.41898469853825504,0.2140752304457068,1975,1970,3
track_656,Song 656,Artist 6,0.3412095199289158,0.5928839942340149,-6.156783282323726,0.02080696041661542,0.4853650400841097,0.07306406097242572,0.7527119404315217,0.5893642096794308,102.76043697562451,1,0,279255,2015-01-01,3,4.65425,0.0,1.0,0.2022976630461263,0.34942460669331443,0.45014145572557307,2015,2010,3
track_657,Song 657,Artist 7,0.4086199519388398,0.371916636485641,-5.3399079675230325,0.035726790505528024,0.7522600606826575,0.011946984053002083,0.3329389892867715,0.4787044641449295,105.00474691269262,0,0,339393,1977-01-01,93,5.65655,0.0,1.0,0.1519725581260176,0.1780381541754433,0.6691647259837411,1977,1970,0
track_658,Song 658,Artist 8,0.649029655131861,0.4533135501961123,-23.852172413738916,0.04774237154703567,0.6635895860955423,0.2717909926526325,0.5480555908998757,0.8895615992242693,82.34819065538697,0,10,270012,1990-01-01,65,4.5002,-0.8660254037844386,0.5000000000000001,0.2942139371503823,0.4032503266624847,0.5941329828885697,1990,1990,3
track_659,Song 659,Artist 9,0.5851615589685751,0.4980102610493038,-10.936749017066273,0.1207349274895966,0.3849869202222119,0.020282589411373512,0.24131541681604862,0.11847625408895653,88.7255966753225,0,3,245019,2022-01-01,92,4.08365,1.0,6.123233995736766e-17,0.2914164607379577,0.059002390226984884,0.4359996751837376,2022,2020,0
track_660,Song 660,Artist 10,0.4026822170131693,0.6345289566909493,-16.30382767927353,0.035652599627986885,0.0056233106923429975,0.029137670246777284,0.14527518197992378,0.5010077307428134,170.39725788115592,0,11,256352,2015-01-01,42,4.2725333333333335,-0.5000000000000004,0.8660254037844384,0.25551352703936475,0.3179039126823374,0.008784319285487665,2015,2010,1
track_661,Song 661,Artist 11,0.9385379614740327,0.558954690649883,-4.475454600276933,0.03478508649479763,0.898398043092207,0.05219481282693781,0.0939024500600376,0.6682571972468945,83.40741963661758,0,3,222548,2004-01-01,61,3.7091333333333334,1.0,6.123233995736766e-17,0.5246001959188897,0.37352549496169574,0.6164584632348414,2004,2000,0
track_662,Song 662,Artist 12,0.614908596453354,0.9182588561608315,-23.743520303882832,0.002577456346178432,0.8060453498293181,0.048315285229478824,0.27906012390706353,0.7627158845800132,63.98403485814915,1,5,253236,2017-01-01,99,4.2206,0.49999999999999994,-0.8660254037844387,0.5646452644227192,0.7003706157501396,0.4674609500853777,2017,2010,2
track_663,Song 663,Artist 13,0.3016427729755953,0.5422974997861889,-10.343417191008719,0.0017767763282357492,0.9987841707136985,0.1583102223106547,0.168245770097681,0.5747167826997227,148.10969196805138,0,5,241289,1984-01-01,84,4.021483333333333,0.49999999999999994,-0.8660254037844387,0.16358012161323832,0.31166747434322206,0.6481055103875244,1984,1980,0
track_664,Song 664,Artist 14,0.1865151017273432,0.9830206331927482,-12.375188454671047,0.040054435866823446,0.9238122748131494,0.06093885925002235,0.18050783601209314,0.8680259697093086,196.637636714943,1,9,343796,1976-01-01,84,5.729933333333333,-1.0,-1.8369701987210297e-16,0.18334819340002276,0.8532874383713938,0.4844744321644883,1976,1970,3
track_665,Song 665,Artist 15,0.22993026830668223,0.8577682123931352,-21.43625715041685,0.028828564838544908,0.9425163907419444,0.018725562129893857,0.6205694812902126,0.8977923021954844,106.369934047237,1,5,249068,1984-01-01,84,4.151133333333333,0.49999999999999994,-0.8660254037844387,0.19722687522049676,0.7700976981545381,0.5235371482728151,1984,1980,3
track_666,Song 666,Artist 16,0.30906406912683193,0.28557435777802886,-26.038573794115994,0.09137360039524067,0.18480267658304994,0.031089596937888597,0.061878553208655665,0.10788730087422516,76.61179844747532,1,0,199624,2014-01-01,3,3.3270666666666666,0.0,1.0,0.08826077305315935,0.03080984665956182,0.3928811787184537,2014,2010,1
track_667,Song 667,Artist 17,0.2365791672706223,0.9282297410330854,-11.102446946158981,0.008758137200227976,0.9491656584198089,0.07115421049175391,0.4683575943015758,0.4121334855872369,139.8542255514543,0,9,269477,1975-01-01,64,4.4912833333333335,-1.0,-1.8369701987210297e-16,0.21959981916943275,0.38255455859770376,0.505575518679173,1975,1970,3
track_668,Song 668,Artist 18,0.25858197044360987,0.20356609411807375,-8.580673714162408,0.0012644371955660195,0.034858253014333825,0.015952801548030724,0.3345960354450986,0.071113119549039,186.88958955339046,0,8,122821,2016-01-01,61,2.0470166666666665,-0.8660254037844385,-0.5000000000000004,0.05263852173256085,0.014476219987149503,0.1462019597898523,2016,2010,1
track_669,Song 669,Artist 19,0.3423308933897701,0.8275302405571605,-20.84680703086285,0.029804541576218885,0.04899683960274435,0.09458628989934953,0.4299124999314104,0.3464749916369986,169.76864917598704,1,10,175090,1986-01-01,89,2.9181666666666666,-0.8660254037844386,0.5000000000000001,0.2832891665569841,0.2867185331764056,0.05589876777684733,1986,1980,1
track_670,Song 670,Artist 20,0.2473675560005416,0.4387547311941563,-11.299854483352899,0.013556232430193663,0.6881751753903642,0.08341286713496943,0.47212267791095214,0.5331813961735419,147.15222157778024,0,6,273588,1973-01-01,1,4.5598,1.2246467991473532e-16,-1.0,0.10853368553917304,0.23393586015584733,0.610663148352255,1973,1970,4
track_671,Song 671,Artist 21,0.8622506109324614,0.8813971451961119,-18.541203679266406,0.002544372697534939,0.5699262574697568,0.12542221399062553,0.28502577084295866,0.869715437458954,104.10790952506392,0,6,261545,1991-01-01,8,4.359083333333333,1.2246467991473532e-16,-1.0,0.7599852269194748,0.7665647037093096,0.3926939121418247,1991,1990,2
track_672,Song 672,Artist 22,0.1681986838123959,0.8725704541956308,-9.317000384804086,0.06447622360550428,0.8561043692450226,0.27758679390689384,0.27133164513821395,0.8118988902188625,135.8632242586708,1,10,166454,2001-01-01,56,2.7742333333333336,-0.8660254037844386,0.5000000000000001,0.14676520192928957,0.7084389833992015,0.4952370812597376,2001,2000,3
track_673,Song 673,Artist 23,0.5458346811347164,0.8172736061046828,-24.222757028072458,0.005916265380557515,0.549675057408685,0.24333153963478318,0.6000513870011793,0.16474975400478714,72.77427778259575,1,6,293602,1991-01-01,44,4.893366666666667,1.2246467991473532e-16,-1.0,0.4460962781879694,0.13464562556035178,0.4021179945982039,1991,1990,0
track_674,Song 674,Artist 24,0.44883730294121227,0.8031270883132846,-4.183764923550942,0.046865441128329986,0.4087881435491168,0.2920172548410643,0.7034577410908679,0.13372733726680613,155.05235939929378,1,1,224273,1996-01-01,17,3.7378833333333334,0.49999999999999994,0.8660254037844387,0.36047339623756347,0.10740004700697861,0.33730726002482475,1996,1990,1
track_675,Song 675,Artist 25,0.9350218243723154,0.3711644337972563,-21.66512170249819,0.01649815586056245,0.8335218805159791,0.028066090798014937,0.1944362243438959,0.5803406048810004,161.51344264567112,1,1,328786,2015-01-01,47,5.4797666666666665,0.49999999999999994,0.8660254037844387,0.34704684603122804,0.21540179202021373,0.6918989439107283,2015,2010,0
track_676,Song 676,Artist 26,0.1952330668428445,0.17201816191561445,-19.334206355071565,0.009527529148633624,0.922288493167159,0.014106289087706942,0.12321407040136172,0.5289061752129044,195.10442720738862,1,5,224472,1984-01-01,41,3.7412,0.49999999999999994,-0.8660254037844387,0.0335836333034544,0.09098146808594174,0.842805484256068,1984,1980,4
track_677,Song 677,Artist 27,0.4381772591888804,0.45865235910099367,-28.315333389669856,0.02388175558723339,0.9868332733645568,0.035993267386392074,0.7233468547940195,0.28973987728702144,96.45563022431003,0,6,343626,2013-01-01,40,5.7271,1.2246467991473532e-16,-1.0,0.20097103363138755,0.1328898782433248,0.68269968825746,2013,2010,0
track_678,Song 678,Artist 28,0.9240498682840634,0.2544368183379927,-26.766145842682985,0.08083465242579142,0.029474574381217873,0.22546064272033714,0.31242159773554895,0.8595077760984516,62.58389866602317,1,2,333705,2020-01-01,74,5.56175,0.8660254037844386,0.5000000000000001,0.23511230847183834,0.21869042388725385,0.10381573730868535,2020,2020,1
track_679,Song 679,Artist 29,0.8356810570098832,0.7185064691231909,-15.040004821342485,0.02488671591218777,0.8343387764671464,0.35774624027971735,0.4634880429971106,0.8846297685153981,136.3851850198011,0,3,330704,1991-01-01,88,5.511733333333333,1.0,6.123233995736766e-17,0.6004422455853072,0.6356122114572644,0.5372964508472378,1991,1990,2
track_680,Song 680,Artist 30,0.7945112603068879,0.40802875661862914,-22.239812374888828,0.06946888532959782,0.27763728898563916,0.19613026658432425,0.3196573583900026,0.41235029450614635,158.95067061555403,0,11,356579,1997-01-01,89,5.942983333333333,-0.5000000000000004,0.8660254037844384,0.32418344166251944,0.16825077795866844,0.4049156084801502,1997,1990,0
track_681,Song 681,Artist 31,0.3192174029881989,0.9682930787653242,-5.771073453476362,0.006704365744556661,0.2947928645564683,0.011655372783344815,0.1443517522595385,0.8512723014021681,170.65704662361833,1,2,320153,2011-01-01,57,5.335883333333333,0.8660254037844386,0.5000000000000001,0.3090960019349143,0.8242810775923484,0.23339079397115178,2011,2010,3
track_682,Song 682,Artist 32,0.24525444928155596,0.6704651488373454,-29.573891729006338,0.07408994031594318,0.05770171437346349,0.2945571583456669,0.491998733710796,0.3955540048366753,87.12345062347349,1,6,275870,2007-01-01,99,4.597833333333333,1.2246467991473532e-16,-1.0,0.1644345608405796,0.26520517472602956,0.07924232486590595,2007,2000,1
track_683,Song 683,Artist 33,0.6683467369357663,0.8320077016345813,-19.006272588513852,0.013520493303605842,0.9693854181638972,0.05505337030708926,0.44385563882722223,0.7131351486467301,96.64540166518331,0,6,251935,1978-01-01,41,4.198916666666666,1.2246467991473532e-16,-1.0,0.556069632492899,0.5933339359804014,0.5381306664153773,1978,1970,2
track_684,Song 684,Artist 34,0.8899695907584478,0.2179469587402451,-20.216979143696314,0.05656604087255282,0.03940611786675967,0.0009353902421948293,0.20224516939339793,0.4783479957929517,131.76272953742148,1,3,136148,2003-01-01,34,2.2691333333333334,1.0,6.123233995736766e-17,0.19396616567710426,0.10425449090256537,0.15312023957924395,2003,2000,1
track_685,Song 685,Artist 35,0.5732484590618403,0.867192889222634,-29.43949870338957,0.04171037708251309,0.8031822704005555,0.058410219425484106,0.3889017834892084,0.1603248408564647,106.28411339580026,0,6,206545,2005-01-01,37,3.4424166666666665,1.2246467991473532e-16,-1.0,0.49711698745626015,0.13903256195647662,0.4808391605527588,2005,2000,0
track_686,Song 686,Artist 36,0.5858707860494149,0.9212538995569209,-26.3933164289852,0.13235578763142397,0.031594455717648524,0.004716411506336734,0.6477106280117344,0.8851407811133193,180.4716081222423,1,4,174459,1978-01-01,66,2.90765,0.8660254037844387,-0.4999999999999998,0.5397357462845019,0.8154393962575044,0.03315787069882037,1978,1970,2
track_687,Song 687,Artist 37,0.3379822296112416,0.5334851077488529,-18.004362427359577,0.024495830598328185,0.8433324675979137,0.07849947885455508,0.49281957733091847,0.4586869340397829,126.32642152342083,1,0,334417,1984-01-01,40,5.573616666666667,0.0,1.0,0.18030848618135076,0.24470264842920458,0.6125225811872209,1984,1980,0
track_688,Song 688,Artist 38,0.7540689932131464,0.63956511459837,-15.706927051024048,0.0034227859051140087,0.5983878785023651,0.041332697289272524,0.12268799530024614,0.7110383362901632,171.94101017428042,0,9,204224,2014-01-01,98,3.4037333333333333,-1.0,-1.8369701987210297e-16,0.4822762220594434,0.45475531503325256,0.48336843035948995,2014,2010,2
track_689,Song 689,Artist 39,0.25898718627389483,0.780680722803666,-18.275597329608797,0.0009670664486445758,0.4959208594051881,0.06413803721265603,0.4610161229218513,0.3804564329881629,141.28676646752953,0,3,186189,1989-01-01,49,3.10315,1.0,6.123233995736766e-17,0.2021863037771919,0.2970150031005035,0.3884692592013375,1989,1980,3
track_690,Song 690,Artist 40,0.37512735094360716,0.2556063782617672,-14.602807326049279,0.08768232259392128,0.8480852887117118,0.09497708915111679,0.5770537244671902,0.0669927907186112,168.23261982639568,1,6,259201,1977-01-01,85,4.320016666666667,1.2246467991473532e-16,-1.0,0.09588494356162634,0.01712378460523274,0.7684071065157224,1977,1970,4
track_691,Song 691,Artist 41,0.4616209728239543,0.5472838080524638,-12.741181427735235,0.037194203873678035,0.007277728806955871,0.20310407547770004,0.6445275543355635,0.1404773228226523,106.57421811424534,1,1,211954,1997-01-01,71,3.532566666666667,0.49999999999999994,0.8660254037844387,0.2526376838839766,0.07688096417939642,0.013123369003919494,1997,1990,1
track_692,Song 692,Artist 42,0.5314688218817868,0.45481009471735867,-29.712209187292768,0.07463700701425875,0.05297616264267982,0.10844182320177909,0.5218381839757001,0.4965975315409319,176.39832707024357,1,1,143118,2020-01-01,78,2.3853,0.49999999999999994,0.8660254037844387,0.24171738521937847,0.22585757035653775,0.10432747548274515,2020,2020,1
track_693,Song 693,Artist 43,0.3060482725528182,0.23027285302440173,-16.54124037584839,0.01335644386220155,0.08514317899189135,0.05692475445739294,0.16449362340558782,0.6709679214137262,98.44012417714302,0,0,251515,1988-01-01,44,4.191916666666667,0.0,1.0,0.07047460888392715,0.1545056975517913,0.2699384318202995,1988,1980,1
track_694,Song 694,Artist 44,0.19761130102832303,0.42710563583946304,-2.058522014259939,0.021162395363326137,0.018448019279874495,0.1711624878411772,0.5826299499426205,0.3512617939213511,136.45383312046073,1,1,278113,1985-01-01,70,4.6352166666666665,0.49999999999999994,0.8660254037844387,0.08440090037476544,0.1500258918388891,0.04140461572538923,1985,1980,1
track_695,Song 695,Artist 45,0.6190270360753877,0.1606733553530893,-14.948063876243086,0.0015283148986313605,0.8496834426216084,0.2360025003107047,0.5580063845611374,0.6759396132598853,89.96099584434239,1,9,209379,1980-01-01,18,3.48965,-1.0,-1.8369701987210297e-16,0.09946115094051039,0.1086054856785353,0.8409728160903323,1980,1980,4
track_696,Song 696,Artist 46,0.3453359702542174,0.12297259718504341,-10.351274243690359,0.16284488479234657,0.6824862497298598,0.012756064328565051,0.06832016220547492,0.6787720304887604,126.57371302766707,1,7,141053,2011-01-01,16,2.3508833333333334,-0.4999999999999997,-0.8660254037844388,0.042466861163578014,0.08347035948576835,0.8473249813059451,2011,2010,4
track_697,Song 697,Artist 47,0.5940524882092204,0.22029799734779226,-20.955948120410387,0.05511112589061934,0.6654837423325292,0.07591437829608315,0.35881075069268237,0.6835423165950477,104.54452933121844,1,10,216384,1977-01-01,64,3.6064,-0.8660254037844386,0.5000000000000001,0.13086857347196423,0.1505830034483596,0.7512945472077068,1977,1970,4
track_698,Song 698,Artist 48,0.23120830798307196,0.9571724493143647,-7.554250033569886,0.13530641827008183,0.9666341092183243,0.033479039534887414,0.29971268522177996,0.4932696686184575,97.33848028921,0,7,354482,2002-01-01,92,5.908033333333333,-0.4999999999999997,-0.8660254037844388,0.22130622245398698,0.472144136884014,0.5024588373878662,2002,2000,3
track_699,Song 699,Artist 49,0.5089690865765949,0.5890812869465651,-7.585277025592664,0.015428019610061598,0.9338647690618653,0.004820459342024752,0.5520590481902325,0.8733975351093536,195.37790252392526,0,7,288276,1979-01-01,76,4.8046,-0.4999999999999997,-0.8660254037844388,0.29982416453655825,0.5145021439981758,0.6131958201550874,1979,1970,3
track_700,Song 700,Artist 0,0.5527010176688479,0.9595817234263657,-14.882414618029971,0.04726842243809473,0.07945441773316654,0.11042683393502856,0.21210185923319053,0.49027686618255395,82.41037476814229,0,0,237545,1987-01-01,55,3.9590833333333335,0.0,1.0,0.5303617950741794,0.4704607202075328,0.07646927581866607,1987,1980,2
track_701,Song 701,Artist 1,0.14405000629906287,0.4849231117138175,-1.695599124902806,0.056737881834062864,0.4353822443111454,0.19861025940902907,0.49315394223069386,0.45523867414697433,170.22561724403533,1,0,293312,2004-01-01,92,4.888533333333333,0.0,1.0,0.06985317729693657,0.2207557544398234,0.47308403496382656,2004,2000,4
track_702,Song 702,Artist 2,0.38611363646483254,0.37751635844588105,-26.35904377188305,0.019103278773241576,0.11330028481081773,0.01778149123609272,0.7349044713606293,0.22944273710956425,197.78309432765008,1,11,352415,2012-01-01,40,5.873583333333333,-0.5000000000000004,0.8660254037844384,0.14576421398450032,0.08661838658545831,0.2308398778394391,2012,2010,1
track_703,Song 703,Artist 3,0.2142524753981281,0.5504662579278172,-29.50851771820215,0.09422968339540977,0.005582636202853016,0.16735160468933533,0.6483517791564558,0.32688957862070284,62.78620772361089,1,9,246675,2019-01-01,41,4.11125,-1.0,-1.8369701987210297e-16,0.1179387583841793,0.1799416830989393,0.010039811646005117,2019,2010,1
track_704,Song 704,Artist 4,0.15386872490185258,0.49116540288329,-7.665411859044216,0.14702572425907542,0.9484643566413059,0.1920018387203688,0.7410933021623978,0.088101043266473,157.8638379658933,0,3,213749,1972-01-01,5,3.5624833333333332,1.0,6.123233995736766e-17,0.07557499425755654,0.04327218441041538,0.6588247370836352,1972,1970,0
track_705,Song 705,Artist 5,0.9414661975314534,0.1940415689929521,-6.592489416418406,0.10807820487186962,0.9245951036246289,0.2457374474523459,0.7838794751995175,0.6201817642545532,95.4076527778802,0,5,312174,2009-01-01,68,5.2029,0.49999999999999994,-0.8660254037844387,0.1826835781228318,0.12034104259677064,0.8265367118032974,2009,2000,0
track_706,Song 706,Artist 6,0.37400076822851447,0.6703354200742835,-26.51399035550329,0.06717457586923357,0.7215581652368188,0.030827273132032706,0.05800259525462208,0.27368216953438357,65.66829540596262,0,7,259363,1996-01-01,97,4.3227166666666665,-0.4999999999999997,-0.8660254037844388,0.250705962078566,0.18345885208167229,0.5184000087733249,1996,1990,0
track_707,Song 707,Artist 7,0.7883932789764396,0.29227398243354363,-22.298097844200424,0.01624944869983028,0.9685245541402328,0.2342918302717068,0.5170559572831082,0.32373972903691856,116.40454105392831,0,1,359654,1997-01-01,74,5.994233333333334,0.49999999999999994,0.8660254037844387,0.23042684337028377,0.09462069987757651,0.7681828284710501,1997,1990,0
track_708,Song 708,Artist 8,0.3164445565491993,0.6514332798590683,-29.490981462367763,0.016537554628434193,0.00034563200958115825,0.0386637595400004,0.3596295483191798,0.7437330694978891,190.9304934239225,1,2,136285,2015-01-01,72,2.2714166666666666,0.8660254037844386,0.5000000000000001,0.2061425153663933,0.4844924728026623,0.0005302894478447995,2015,2010,1
track_709,Song 709,Artist 9,0.6792773138903399,0.6786789722343565,-21.494050287363624,0.16533117425062152,0.09764061176231204,0.08037168256615597,0.6948908677513413,0.34449906484530846,61.647113211379676,0,5,343494,1975-01-01,39,5.7249,0.49999999999999994,-0.8660254037844387,0.4610112292532102,0.23380427126491088,0.12577357057781047,1975,1970,1
track_710,Song 710,Artist 10,0.7461936809062335,0.23530211928449682,-7.578885656358526,0.0005168873392039226,0.13795509584433466,0.0051827616935876735,0.23886102650684876,0.26797630281182794,142.30399687016944,0,9,181589,2016-01-01,40,3.026483333333333,-1.0,-1.8369701987210297e-16,0.17558095451393632,0.06305539196964718,0.36959694456214165,2016,2010,1
track_711,Song 711,Artist 11,0.6062929295166676,0.15460116812849467,-14.979144696335212,0.06294785092121541,0.28571722662055926,0.0044872989114329255,0.7857721168363072,0.20215197422033515,130.19550700334543,1,3,133944,1983-01-01,8,2.2324,1.0,6.123233995736766e-17,0.0937335951313239,0.031252931353945156,0.6488863085020244,1983,1980,4
track_712,Song 712,Artist 12,0.5008397602676347,0.7948778116009114,-19.905227798119647,0.06125065749837182,0.018922471882992502,0.12742994675327363,0.5102809771578105,0.7473725619637602,182.27378301194665,0,11,221041,1976-01-01,7,3.6840166666666665,-0.5000000000000004,0.8660254037844384,0.39810641260426255,0.5940698665043203,0.02325195630312221,1976,1970,2
track_713,Song 713,Artist 13,0.4500647770251782,0.509222377154695,-19.21956044771642,0.04873434658081642,0.9719820122867798,0.05878506273076939,0.6451530516716233,0.1667356321910242,71.7602400328876,1,1,208876,1979-01-01,43,3.4812666666666665,0.49999999999999994,0.8660254037844387,0.229183055630359,0.08490551498070423,0.6562101510130811,1979,1970,0
track_714,Song 714,Artist 14,0.396538026561546,0.15176577799987345,-29.960744854251423,0.23080572327089857,0.8993730224067383,0.02961072990317938,0.11419966461707624,0.4583783842253181,155.41364418413104,1,6,215561,1984-01-01,57,3.5926833333333335,1.2246467991473532e-16,-1.0,0.06018090210764752,0.06956615210028033,0.8556169427309617,1984,1980,4
track_715,Song 715,Artist 15,0.8900997726106519,0.9854310222810927,-21.305784700608157,0.018689560884289396,0.09982291198067968,0.021123165057912466,0.18759341356914877,0.5062371044694749,155.21535778065882,1,3,174391,2000-01-01,66,2.9065166666666666,1.0,6.123233995736766e-17,0.8771319288558829,0.498861747373975,0.09198107175488923,2000,2000,2
track_716,Song 716,Artist 16,0.8060264966195697,0.15142469928676633,-11.252696492500014,0.020773640712701706,0.9482298033561802,0.11085216976620192,0.6188027547756525,0.6686509214171431,153.67120236071966,1,7,121607,1998-01-01,12,2.0267833333333334,-0.4999999999999997,-0.8660254037844388,0.12205231986778411,0.10125026470341011,0.8622971476768634,1998,1990,4
track_717,Song 717,Artist 17,0.9202728740665357,0.7185813536841124,-1.7483611293256445,0.004111472502245692,0.6959934019989878,4.016246657298496e-05,0.06648989152949271,0.6199551340996959,191.92682929090518,1,7,122953,2011-01-01,18,2.0492166666666667,-0.4999999999999997,-0.8660254037844388,0.6612909276054999,0.4454881994847749,0.4920156444098619,2011,2010,2
track_718,Song 718,Artist 18,0.20565263996271302,0.9754742434844381,-5.435236017466913,0.029241384637999975,0.8947847313179842,0.16393362936898717,0.6626584894203371,0.7796486056506573,175.23225406096327,0,6,164941,1986-01-01,97,2.749016666666667,1.2246467991473532e-16,-1.0,0.200608853388205,0.760527133780772,0.4784279957723583,1986,1980,3
track_719,Song 719,Artist 19,0.7212373539230976,0.3128702927521738,-29.315746025279655,0.015126151245955823,0.6049256068676849,0.008256629588613756,0.06046176401893359,0.09027629053361433,65.87618167409084,0,9,322541,2020-01-01,95,5.375683333333333,-1.0,-1.8369701987210297e-16,0.22565374206572275,0.02824476944783221,0.6591061781950215,2020,2020,0
track_720,Song 720,Artist 20,0.8975893882978822,0.2266019381316046,-3.941742464429659,0.02103300107863658,0.04119271527939293,0.02125617551595538,0.542839129295955,0.3167966523014574,125.95159909863185,1,8,327994,1998-01-01,48,5.466566666666667,-0.8660254037844385,-0.5000000000000004,0.2033954950346615,0.07178673540511431,0.15382144838688888,1998,1990,1
track_721,Song 721,Artist 21,0.2540481062408111,0.20803259608596172,-7.287246014339846,0.08996089781267633,0.7813712258515381,0.048814543360028544,0.3238204401738544,0.30212070689784176,115.71342786818668,0,3,181683,2018-01-01,79,3.02805,1.0,6.123233995736766e-17,0.052850287071998146,0.06285095498728395,0.7897386474440458,2018,2010,4
track_722,Song 722,Artist 22,0.15652182726176087,0.36991488133516004,-7.369092416441568,0.13704249918254915,0.1882748124823439,0.0663314124116132,0.5086211395393994,0.18141521503289737,103.42061095271228,1,6,321290,2013-01-01,99,5.354833333333334,1.2246467991473532e-16,-1.0,0.05789975315789669,0.06710818774128677,0.33729478933932006,2013,2010,1
track_723,Song 723,Artist 23,0.7299525518965502,0.18993077179947557,-16.718122988896425,0.010273352268225353,0.9878438878773265,0.04384973898335494,0.5720235552418353,0.31026042847079877,123.18714152157362,0,9,229588,1984-01-01,81,3.8264666666666667,-1.0,-1.8369701987210297e-16,0.13864045155870852,0.05892800263829479,0.8387368848736478,1984,1980,4
track_724,Song 724,Artist 24,0.5883021462029251,0.7160235941077774,-18.45784650431942,0.023301292081441806,0.3136656511324541,0.038671033106284516,0.30685641438972816,0.32878878272861306,113.78718588963685,0,9,242080,1995-01-01,77,4.034666666666666,-1.0,-1.8369701987210297e-16,0.42123821714553755,0.23542052591166265,0.3046213680107987,1995,1990,1
track_725,Song 725,Artist 25,0.8155544602445312,0.1554397003357558,-21.215443863837415,0.13199427710520376,0.7810516046705838,0.3321906059773447,0.13097183608312668,0.5196960157347305,120.52674598301314,0,11,131154,1981-01-01,29,2.1859,-0.5000000000000004,0.8660254037844384,0.126769540907899,0.08078139295149273,0.8340181766526062,1981,1980,4
track_726,Song 726,Artist 26,0.21880652013234608,0.5533856940533128,-28.094849090323393,0.0031900575565085667,0.6414500255565788,0.10260489065290673,0.10223440081119924,0.6473340310336304,197.09666118520994,0,0,245542,1994-01-01,65,4.092366666666667,0.0,1.0,0.1210843980068285,0.3582253920478743,0.5368516174879604,1994,1990,3
track_727,Song 727,Artist 27,0.7759772150809067,0.9870601999291493,-23.381174458682725,0.004845401831019401,0.8231549748239477,0.002371187292435002,0.4917020169219109,0.3929904622506326,72.4086164649413,0,3,260119,2010-01-01,76,4.3353166666666665,1.0,6.123233995736766e-17,0.7659362250582242,0.38790524423935824,0.45472744432648843,2010,2010,2
track_728,Song 728,Artist 28,0.27138322204058285,0.8244335398603567,-22.848494585637287,0.008884076272803241,0.4791763553450767,0.05624275770896227,0.44049151530058367,0.697523208182043,189.11232177742218,0,1,208529,1974-01-01,90,3.4754833333333335,0.49999999999999994,0.8660254037844387,0.2237374304056269,0.5750615276562743,0.3675762124322874,1974,1970,3
track_729,Song 729,Artist 29,0.23910755143584883,0.6475453000255996,-15.961764978404155,0.045219693318518564,0.8932190589774561,0.20795111420536477,0.6066507568408495,0.3525488047216219,127.23313988594374,0,8,326946,1973-01-01,58,5.4491,-0.8660254037844385,-0.5000000000000004,0.15483297113291322,0.2282913215271292,0.5797242609058975,1973,1970,0
track_730,Song 730,Artist 30,0.239625928241344,0.37256572250008435,-8.324112208695876,0.008153734842803942,0.9692247516677127,0.03587573769991073,0.43230163250295284,0.3112553095832843,147.32391436993578,1,4,134323,2013-01-01,52,2.2387166666666665,0.8660254037844387,-0.4999999999999998,0.08927640708498968,0.11596305929688373,0.7223363468372336,2013,2010,4
track_731,Song 731,Artist 31,0.7923885121966747,0.6552672942995582,-16.25951497645955,0.1722204574876689,0.9317196833087809,0.009933022863546512,0.36683434252315933,0.5370692502713219,176.22561532647714,1,2,157693,2017-01-01,51,2.628216666666667,0.8660254037844386,0.5000000000000001,0.5192262764211675,0.3519239144767814,0.5870993961232923,2017,2010,0
track_732,Song 732,Artist 32,0.6654176375917701,0.56906690288137,-28.322510966032343,0.029594059254304434,0.07627687169269635,0.1420408783409194,0.3485653836771731,0.07134472427521155,110.46482408089577,1,3,309802,2010-01-01,80,5.163366666666667,1.0,6.123233995736766e-17,0.3786671541469865,0.04059992128021993,0.11819553624345965,2010,2010,1
track_733,Song 733,Artist 33,0.5446056110537514,0.4792142116624306,-2.224095771342089,0.03480938595079946,0.285670093295634,0.0931439476737203,0.0698351769482506,0.12181021127060032,120.25906713231537,0,5,209170,2000-01-01,30,3.4861666666666666,0.49999999999999994,-0.8660254037844387,0.26098274856805975,0.05837318436647485,0.373480953868366,2000,2000,1
track_734,Song 734,Artist 34,0.4050059115049771,0.21633223529877754,-2.6609947462707453,0.014161839422852346,0.02787255051761679,0.08446970969015555,0.3016679012724928,0.4261725892278743,117.33258723901996,0,9,277364,1972-01-01,14,4.622733333333334,-1.0,-1.8369701987210297e-16,0.08761583414509058,0.09219486885073377,0.11413550430198535,1972,1970,1
track_735,Song 735,Artist 35,0.845620459691142,0.8890777515640154,-7.229503248696158,0.03183458563860385,0.22160687961603348,0.005506519866970182,0.7820151181433708,0.8986214402525808,112.46234315500638,1,0,355159,2022-01-01,19,5.919316666666667,0.0,1.0,0.7518223369787296,0.7989443296069817,0.199522595228487,2022,2020,2
track_736,Song 736,Artist 36,0.4335783413092401,0.500308337450977,-1.251490854637602,0.05422269456987178,0.9964241391186547,0.015140330208952713,0.7051666821703166,0.6993606018590812,189.5741050305653,1,6,165111,1972-01-01,4,2.75185,1.2246467991473532e-16,-1.0,0.2169228590951782,0.3498959399948316,0.665732513314503,1972,1970,4
track_737,Song 737,Artist 37,0.7941095235508405,0.2732140355204809,-14.210012348792375,0.06955070145337543,0.0011579606323361478,0.09743155697504487,0.29703355027566325,0.12931391255050195,176.05018476702168,0,7,326525,1995-01-01,6,5.442083333333334,-0.4999999999999997,-0.8660254037844388,0.2169618675745715,0.035330375896865204,0.004220388480545661,1995,1990,1
track_738,Song 738,Artist 38,0.4732646722846856,0.42730582228078773,-2.0797178426570255,0.07009438188166359,0.43593414671068415,0.023297148949944623,0.4908465537997791,0.8116862115027863,75.25999858081666,1,6,326753,2019-01-01,17,5.445883333333334,1.2246467991473532e-16,-1.0,0.20222874994705511,0.3468382440401755,0.5049970545535946,2019,2010,3
track_739,Song 739,Artist 39,0.42040276501117146,0.4685754797507451,-27.807453822114226,0.043124598571902636,0.00031165267223250235,0.07013206520549274,0.6854725591516205,0.7090706935473629,75.13726934679345,1,6,346325,1986-01-01,55,5.772083333333334,1.2246467991473532e-16,-1.0,0.19699042730364943,0.3322531404061491,0.0006646631694899984,1986,1980,1
track_740,Song 740,Artist 40,0.49327781781916546,0.8365087270545181,-19.39525830042023,0.11735808918792034,0.7245955248679447,0.0787197863128681,0.3809557525625515,0.5998518731323879,119.90173207941876,1,8,159491,1979-01-01,74,2.658183333333333,-0.8660254037844385,-0.5000000000000004,0.4126311994681406,0.501781326815242,0.46415545907338607,1979,1970,3
track_741,Song 741,Artist 41,0.3561711930395207,0.7529167986996478,-23.46394322780379,0.08502501435670823,0.9080387847671201,0.033338706703424245,0.06346839781261322,0.7882636645482596,73.81203274259326,1,3,169336,1971-01-01,95,2.8222666666666667,1.0,6.123233995736766e-17,0.2681672744523502,0.5934969548429286,0.5466962796052448,1971,1970,3
track_742,Song 742,Artist 42,0.7354679731498134,0.7846813553407924,-24.32084056010617,0.07074459290608738,0.4421870930062522,0.29647212358605446,0.10588284636398006,0.4136988629686614,146.67303333795675,0,6,136905,1993-01-01,90,2.28175,1.2246467991473532e-16,-1.0,0.5771080059809411,0.324621784497194,0.3604190271442563,1993,1990,2
track_743,Song 743,Artist 43,0.5273123315786072,0.10981782534149603,-25.916714482112393,0.0028605660274103415,0.7213832739568107,0.18481019535726798,0.43279454101153,0.24935094576846745,80.11682501664275,1,8,150273,1980-01-01,89,2.50455,-0.8660254037844385,-0.5000000000000004,0.057908293529716534,0.02738317861113841,0.8678795139783644,1980,1980,4
track_744,Song 744,Artist 44,0.29738079087479474,0.4703770583799878,-11.950004394586095,0.0003450862210747384,0.45753909937613463,0.1281478621303555,0.7770795317569088,0.5108210501978834,133.13225695535215,1,4,245191,1993-01-01,44,4.086516666666666,0.8660254037844387,-0.4999999999999998,0.13988110163040027,0.24027850295065645,0.493081839851469,1993,1990,4
track_745,Song 745,Artist 45,0.8646383872833832,0.528396294955438,-7.3416661833281545,0.011941248046516136,0.09599744475742017,0.008120340296329898,0.5699071566641509,0.5439575800341264,61.01079258052049,1,1,235936,2004-01-01,27,3.9322666666666666,0.49999999999999994,0.8660254037844387,0.4568717203167848,0.2874251699029586,0.1537448006073317,2004,2000,2
track_746,Song 746,Artist 46,0.42630753816722966,0.11708112637252045,-13.229346416809541,0.05446136239986657,0.494097842318728,0.011219494985408803,0.10318714357892715,0.5344937348089208,104.32348877777054,1,4,277306,1992-01-01,49,4.621766666666667,0.8660254037844387,-0.4999999999999998,0.0499125667497155,0.0625791285104837,0.8084326509861989,1992,1990,4
track_747,Song 747,Artist 47,0.5620199319468903,0.33123375578308045,-25.73808142194192,0.026483222338555296,0.7591008496896111,0.06788130978780174,0.19202065684389708,0.5585664123320947,154.80670131417176,0,3,329957,2001-01-01,1,5.4992833333333335,1.0,6.123233995736766e-17,0.18615997288371974,0.18501605061104048,0.6962084388324816,2001,2000,0
track_748,Song 748,Artist 48,0.8705012943198649,0.7766579425787001,-6.477410671929345,0.025742205964007475,0.60047456128308,0.017520297316816424,0.6284923574126375,0.9038344264152627,127.76545163189878,1,7,186538,1992-01-01,83,3.108966666666667,-0.4999999999999997,-0.8660254037844388,0.6760817442585618,0.7019701860514774,0.43603220718922275,1992,1990,2
track_749,Song 749,Artist 49,0.6306022965268933,0.22202763809880915,-11.557313492251875,0.10796186555842174,0.8676308358431768,0.3828852741176618,0.6810798199671836,0.8620210607866082,196.95772803985832,1,4,224570,2003-01-01,67,3.7428333333333335,0.8660254037844387,-0.4999999999999998,0.140011138477551,0.19139250011788062,0.796240345347899,2003,2000,4
track_750,Song 750,Artist 0,0.19936333460210948,0.5764260169928066,-18.74319452231713,0.11295849030154477,0.7807952511224031,0.01725933108303956,0.5132709396414432,0.8381453329030454,182.3745314492695,1,8,283645,2010-01-01,76,4.727416666666667,-0.8660254037844385,-0.5000000000000004,0.11491821289909815,0.4831287759064124,0.5752891545219802,2010,2010,3
track_751,Song 751,Artist 1,0.8988573050714538,0.29152966609534137,-10.450221429454174,0.11994118040788866,0.881510727853731,0.066839180986861,0.5333173772223625,0.7712751298177644,110.26990906604118,1,8,213339,1988-01-01,23,3.55565,-0.8660254037844385,-0.5000000000000004,0.2620435700148393,0.2248495810634139,0.7514745280097097,1988,1980,4
track_752,Song 752,Artist 2,0.6335518451107052,0.11078748943306502,-22.46275560195785,0.01883499680104414,0.5750137549038538,0.0452747074704915,0.07125308778753849,0.8990852965387568,66.36811580611844,1,2,241132,1971-01-01,47,4.018866666666667,0.8660254037844386,0.5000000000000001,0.0701896183455011,0.09960740278971164,0.8384541748763406,1971,1970,4
track_753,Song 753,Artist 3,0.3846697724585232,0.31466929726359194,-19.989425953667897,0.05872973210752411,0.10595800240097344,0.10199483134978467,0.6713976946861314,0.13864517751146294,178.38768201610264,0,9,315392,2020-01-01,44,5.2565333333333335,-1.0,-1.8369701987210297e-16,0.1210437669780693,0.043627380576518,0.25190412172806925,2020,2020,1
track_754,Song 754,Artist 4,0.21838126176387918,0.9685276418699479,-3.392910549172285,0.01584752429051964,0.02470447288618766,0.013815510425410578,0.6412064061281223,0.28861093530116555,187.572803444054,1,5,248993,1971-01-01,92,4.149883333333333,0.49999999999999994,-0.8660254037844387,0.21150828848475373,0.27952766858511796,0.024872784162309414,1971,1970,1
track_755,Song 755,Artist 5,0.7749214108797515,0.8133680295758607,-21.57536933552881,0.01057370976056068,0.24808344553259276,0.05626742092155651,0.24427635807751036,0.4955503510891263,174.88783507866515,1,5,131330,1984-01-01,57,2.188833333333333,0.49999999999999994,-0.8660254037844387,0.6302963010434095,0.40306481262098864,0.2337207282947312,1984,1980,2
track_756,Song 756,Artist 6,0.6270618425392365,0.9540232134457197,-16.370340223419838,0.010205814740946558,0.6421949204949345,0.03211768555685195,0.5815075399741303,0.8118810438110646,77.91299172876708,0,3,343112,1990-01-01,35,5.718533333333333,1.0,6.123233995736766e-17,0.5982315540484763,0.774553362352297,0.4023225300585895,1990,1990,2
track_757,Song 757,Artist 7,0.5534419281798733,0.5341900990944626,-4.185907015515575,0.020935695928863476,0.7419905990698072,0.2187040335273295,0.21114095481874856,0.5046491403704592,199.70811881772028,1,10,331588,2004-01-01,1,5.526466666666667,-0.8660254037844386,0.5000000000000001,0.2956431984574369,0.26957857430243093,0.5814145431932831,2004,2000,0
track_758,Song 758,Artist 8,0.859808695593314,0.1976652168229781,-9.476080842241704,0.02810222848269944,0.974179818247708,0.004143229752422672,0.08024762078863475,0.7232312654074298,96.20179101738833,0,9,192553,1974-01-01,17,3.209216666666667,-1.0,-1.8369701987210297e-16,0.1699542722407344,0.14295766488991643,0.8313206591077004,1974,1970,4
track_759,Song 759,Artist 9,0.7703076295408511,0.5876839451865867,-28.19610644122362,0.08887779231457116,0.19182833531221988,0.24502443180537972,0.20085240694278295,0.1750639147240246,161.3886877931718,1,2,292425,2012-01-01,48,4.87375,0.8660254037844386,0.5000000000000001,0.4526974267358951,0.10288225206482297,0.24608732155207141,2012,2010,1
track_760,Song 760,Artist 10,0.2289236477728385,0.5043958277583652,-25.72821171590986,0.006385481087491485,0.012686333334161805,0.1789726368696292,0.18397165756572464,0.27717243167890415,187.12488268700102,0,0,267083,1996-01-01,7,4.451383333333333,0.0,1.0,0.11546813281184531,0.1398046181084798,0.02453441590972967,1996,1990,1
track_761,Song 761,Artist 11,0.364963757626216,0.8514778036382582,-29.77259386761441,0.06638728354936045,0.06781411968189391,0.0353210546813885,0.3033109975511354,0.7085984855339051,92.99619600629933,0,11,203537,1993-01-01,57,3.3922833333333333,-0.5000000000000004,0.8660254037844384,0.310758538751136,0.6033558821238056,0.07376769467230743,1993,1990,3
track_762,Song 762,Artist 12,0.31121576884229585,0.1872934968979777,-11.70326808335426,0.03790614737730349,0.10475303312437184,0.15572756054636328,0.3638371228815936,0.19826060799895162,187.15619765478925,1,6,180985,1976-01-01,14,3.0164166666666667,1.2246467991473532e-16,-1.0,0.05828868963626628,0.03713292256924282,0.35868487953435324,1976,1970,1
track_763,Song 763,Artist 13,0.7323543486867754,0.5345346119493826,-17.017470663097868,0.01698003023060038,0.05343879151524066,0.0031711083887815657,0.43140416862328096,0.36622034118943403,103.32742108728138,0,4,137044,1975-01-01,16,2.2840666666666665,0.8660254037844387,-0.4999999999999998,0.3914687475847283,0.1957574479656646,0.09088625491238059,1975,1970,1
track_764,Song 764,Artist 14,0.12850256952541247,0.233543311577646,-26.106029323834008,0.03394442448212634,0.2202736003422574,0.3407181761196985,0.40756540663124613,0.2883796320322143,196.69785113376787,1,9,289364,2015-01-01,22,4.822733333333334,-1.0,-1.8369701987210297e-16,0.03001091563320152,0.06734913425634632,0.48537881506346237,2015,2010,4
track_765,Song 765,Artist 15,0.584406232140619,0.38896157493215333,-2.2199104893536585,0.0178296094950773,0.9124638230912749,0.074780389879453,0.253005954473967,0.3648755248002306,99.37640285326644,0,6,242304,2002-01-01,65,4.0384,1.2246467991473532e-16,-1.0,0.22731156845358078,0.14192255878049367,0.7011259526294386,2002,2000,0
track_766,Song 766,Artist 16,0.7480898828795869,0.7562477988751417,-14.639868005577023,0.0453271640550258,0.4192565703211701,0.036137314330720746,0.07187800143055585,0.6874916441701733,193.48101546609692,0,0,256322,2018-01-01,69,4.272033333333333,0.0,1.0,0.5657413272884502,0.5199140426487457,0.3566607021181146,2018,2010,2
track_767,Song 767,Artist 17,0.845250791247487,0.5236561351382022,-22.985094470726214,0.02844427420597862,0.7548015622317381,0.04503315400295581,0.5038262166778631,0.38106246302852087,67.49625112497449,1,7,356888,1986-01-01,92,5.948133333333334,-0.4999999999999997,-0.8660254037844388,0.4426207625671664,0.1995456966357593,0.5903996459052798,1986,1980,0
track_768,Song 768,Artist 18,0.3907694864085214,0.43454057377973476,-15.48249643651348,0.008980593310915677,0.000499123207513349,0.006871293223841803,0.34680862238551574,0.5497369903471462,159.29808163377382,0,2,143289,2015-01-01,26,2.38815,0.8660254037844386,0.5000000000000001,0.16980519683957115,0.2388830272133934,0.0011473023350916049,2015,2010,1
track_769,Song 769,Artist 19,0.7980687089712108,0.45108388792733145,-10.291010350681873,0.006197901028445115,0.999561278469044,0.45421497580122383,0.27400411804066227,0.1399386893489687,134.49555873718052,1,6,153087,2011-01-01,36,2.55145,1.2246467991473532e-16,-1.0,0.35999593607587976,0.06312408806298785,0.6890455450980892,2011,2010,0
track_770,Song 770,Artist 20,0.19403697641192613,0.5089076238813282,-27.78906267876663,0.03955957977697022,0.45744226366613466,0.004008470924715581,0.7002057821228843,0.774515923911165,126.90279079718229,0,11,195952,1999-01-01,48,3.2658666666666667,-0.5000000000000004,0.8660254037844384,0.09874689661091064,0.3941570584958825,0.47337076993543625,1999,1990,3
track_771,Song 771,Artist 21,0.8194844479743404,0.7986647240149806,-22.03358936361113,0.11635056661237526,0.005165778443167629,0.10639416899137455,0.6100574808486199,0.3828997630833123,91.2892039958176,0,2,341767,1977-01-01,63,5.696116666666667,0.8660254037844386,0.5000000000000001,0.6544933204759953,0.30580853360833504,0.006426444382150333,1977,1970,2
track_772,Song 772,Artist 22,0.20836536298218505,0.8939553731568086,-6.598000764364187,0.021076499495978767,0.4124241300960605,0.05847160539286126,0.6933241612793317,0.6336807431300082,158.78341056870886,1,2,156368,2009-01-01,33,2.606133333333333,0.8660254037844386,0.5000000000000001,0.18626933581769312,0.5664823051870703,0.31569985090035424,2009,2000,3
track_773,Song 773,Artist 23,0.4376941969763122,0.9502478709884962,-16.669718758322823,0.06602535110824133,0.2171147945720896,0.29742882135324655,0.4212370960343457,0.7028506414956494,86.71332880248299,1,9,240648,2015-01-01,17,4.0108,-1.0,-1.8369701987210297e-16,0.41591797882076015,0.6678823257041395,0.18598728140799875,2015,2010,2
track_774,Song 774,Artist 24,0.7777010609126206,0.8003440137672126,-14.149262881063448,0.053744010023598715,0.9908116460555433,0.028236256655354425,0.14819843909508312,0.23869482990053037,137.39785143786756,0,8,190815,1976-01-01,63,3.18025,-0.8660254037844385,-0.5000000000000004,0.6224283886018263,0.19103797822807256,0.5531686134888889,1976,1970,0
track_775,Song 775,Artist 25,0.22742981324645772,0.3807121372157314,-17.448335935925392,0.13408617619868696,0.9394402635304523,0.07594725215107503,0.5721660770909544,0.8462074864580149,95.45435082563512,1,1,210693,1975-01-01,73,3.51155,0.49999999999999994,0.8660254037844387,0.08658529026763358,0.32216146069738294,0.7116144707118561,1975,1970,4
track_776,Song 776,Artist 26,0.29486368594774526,0.7124398884170225,-28.72690166335285,0.08601317150779933,0.08441772052413545,0.065846793462684,0.20455533495288142,0.6046018264462576,193.78699316938986,1,3,312112,1973-01-01,43,5.201866666666667,1.0,6.123233995736766e-17,0.2100726515148436,0.4307424577700998,0.10593814207053269,1973,1970,1
track_777,Song 777,Artist 27,0.7139146831341063,0.4894667804092988,-25.193256385215477,0.041805316201120046,0.09960544438847144,0.12135735579236946,0.3809222518187876,0.43585262757633325,64.0083671369914,0,5,178900,1970-01-01,16,2.9816666666666665,0.49999999999999994,-0.8660254037844387,0.34943752144057577,0.213335382352721,0.16908839206308543,1970,1970,1
track_778,Song 778,Artist 28,0.7120310560641632,0.32665685362098557,-17.079292476485165,0.05350568759519473,0.4657200627086236,0.00704334428465315,0.09875059171166638,0.21410166522039759,87.96195921557312,0,2,135494,1984-01-01,58,2.2582333333333335,0.8660254037844386,0.5000000000000001,0.23258982445434712,0.06993777631590867,0.587749927289614,1984,1980,0
track_779,Song 779,Artist 29,0.6449754879525027,0.8483757056890711,-23.933621503170095,0.11432892748977166,0.9993086511411091,0.021540994541223712,0.6689813018172368,0.8980708441110861,93.92348489424268,1,11,236486,2000-01-01,12,3.9414333333333333,-0.5000000000000004,0.8660254037844384,0.5471815347438574,0.7619014861315223,0.5408435194049953,2000,2000,3
track_780,Song 780,Artist 30,0.689856177797035,0.13419945057646926,-28.550608168869317,0.025501195976414405,0.997849059531339,0.024151734549715517,0.14445548078562542,0.7295613837184626,117.96949560749431,0,9,296238,1994-01-01,51,4.9373,-1.0,-1.8369701987210297e-16,0.0925783200371452,0.09790673685682634,0.8814535500627628,1994,1990,4
track_781,Song 781,Artist 31,0.5613157768454567,0.9025681730005269,-5.534159742497113,0.01978524762758463,0.9904948228648182,0.13399863409863624,0.7273231302869823,0.23722210645992398,92.5822338618075,1,9,342182,2016-01-01,59,5.703033333333333,-1.0,-1.8369701987210297e-16,0.5066257551837754,0.2141091232228701,0.5232231055200274,2016,2010,0
track_782,Song 782,Artist 32,0.31402920007090984,0.5107149435160134,-1.5454166542406398,0.0005434974021507358,0.0006000550448494083,0.02096582583906932,0.6981729516961679,0.353939697251802,128.78887263762994,1,6,276405,2002-01-01,41,4.60675,1.2246467991473532e-16,-1.0,0.1603794051765936,0.18076229249002895,0.0011735503026275495,2002,2000,1
track_783,Song 783,Artist 33,0.39384159447833156,0.6671093143593696,-6.998856654094556,0.08759360493377887,0.458959608573299,0.08521236013130037,0.3984370733294345,0.7787068322792658,182.14517325619545,1,6,153050,2021-01-01,90,2.5508333333333333,1.2246467991473532e-16,-1.0,0.26273539605864066,0.5194825809687776,0.4075764739173677,2021,2020,3
track_784,Song 784,Artist 34,0.2543580592812118,0.6868249907631466,-5.240237270564656,0.0807176738031259,0.011009315736666263,0.024238220880997377,0.608276153227993,0.6761098968938051,159.6888789972839,1,4,217799,2004-01-01,63,3.629983333333333,0.8660254037844387,-0.4999999999999998,0.1746994717163502,0.4643691736889597,0.015776381094683427,2004,2000,1
track_785,Song 785,Artist 35,0.8721829771335841,0.8966547892288174,-22.982663220805684,0.005516113468993783,0.3019384205416854,0.19777875272233447,0.514583805363615,0.7392058634441518,141.19467727491553,1,2,251016,1974-01-01,65,4.1836,0.8660254037844386,0.5000000000000001,0.7820470435306762,0.6628124776832219,0.25191046150598223,1974,1970,2
track_786,Song 786,Artist 36,0.5958830255512024,0.6666360171288145,-2.1418177101172056,0.04300229981594398,0.9134484867257587,0.2850514882534567,0.6523067317533087,0.4470809919916391,72.46044491757515,1,1,349147,1974-01-01,33,5.819116666666667,0.49999999999999994,0.8660254037844387,0.3972370868281212,0.29804029183530567,0.5781006689178703,1974,1970,0
track_787,Song 787,Artist 37,0.4407237042490939,0.646400890436455,-24.289154570850577,0.03117934866416193,0.9339553624711415,0.07308344579069631,0.37385382558943403,0.6948286363779502,157.15889517449858,0,3,330638,2005-01-01,94,5.510633333333334,1.0,6.123233995736766e-17,0.28488419486306715,0.4491378492554548,0.5909773633479505,2005,2000,3
track_788,Song 788,Artist 38,0.49270493309751273,0.15932031609901406,-2.408535499506865,0.006318375474465349,0.025991652843789206,0.04343413694369421,0.6393563631832626,0.39784435057752227,83.29799980353158,1,3,208257,1986-01-01,86,3.47095,1.0,6.123233995736766e-17,0.07849790568463931,0.06338468769221782,0.14025814270889758,1986,1980,1
track_789,Song 789,Artist 39,0.905190838670043,0.5613831395312316,-1.1502404749874202,0.19704228861187512,0.9806063656987543,0.026664853639093086,0.39684261279886096,0.2401366252443768,170.0914340346377,0,10,168070,2022-01-01,70,2.8011666666666666,-0.8660254037844386,0.5000000000000001,0.5081588748874973,0.13480865259612307,0.6359354109982007,2022,2020,0
track_790,Song 790,Artist 40,0.23034869264866817,0.23365041072716708,-9.360038633364585,0.012084211585809954,0.8597251777367105,0.00510627962417038,0.7557243408820954,0.619409331357224,95.00794619142144,1,7,125166,2021-01-01,63,2.0861,-0.4999999999999997,-0.8660254037844388,0.05382106664782729,0.1447252446798553,0.7863028958252783,2021,2020,4
track_791,Song 791,Artist 41,0.5982953572142776,0.7563160541621221,-1.5468317780371663,0.0034800553260706394,0.26717794830118047,0.031265816268805424,0.4147790756188607,0.9284125330389147,118.38682196492613,0,7,258193,1983-01-01,32,4.303216666666667,-0.4999999999999997,-0.8660254037844388,0.4525003837918198,0.7021733036226527,0.26104470237582833,1983,1980,2
track_792,Song 792,Artist 42,0.5300053770517961,0.5558775095232803,-13.483346392553994,0.04517457210631046,0.05541651839673349,0.10619981811422069,0.39696445395029717,0.3295408742557966,109.06582832450991,0,4,265749,1998-01-01,11,4.42915,0.8660254037844387,-0.4999999999999998,0.29461806902949955,0.1831843604674367,0.09065429271573364,1998,1990,1
track_793,Song 793,Artist 43,0.6197361001194506,0.7054027234954344,-22.473288287893382,0.06713620932495303,0.9738718934190123,0.0762747946725742,0.6388038961726346,0.4648726329912856,180.23394805447995,0,5,307633,1977-01-01,75,5.1272166666666665,0.49999999999999994,-0.8660254037844387,0.43716353287269966,0.3279224213905464,0.579935707759775,1977,1970,0
track_794,Song 794,Artist 44,0.11539365624771444,0.137088881536122,-17.327119315696997,0.0016490701044276522,0.19351972049844796,0.2883140972207147,0.6661832688206285,0.6566012339628682,77.71622421987715,1,7,347849,2003-01-01,18,5.797483333333333,-0.4999999999999997,-0.8660254037844388,0.01581918727136291,0.09001272877920716,0.5853421053336881,2003,2000,4
track_795,Song 795,Artist 45,0.8413053226025288,0.17546489428076487,-12.786732874015208,0.05375225527050154,0.9867427447356666,0.0504640230300641,0.46586683574087806,0.5373556539102391,139.1902835338704,0,0,332981,2009-01-01,8,5.549683333333333,0.0,1.0,0.1476195494882975,0.09428705300453137,0.8490237566731045,2009,2000,0
track_796,Song 796,Artist 46,0.8923005401110705,0.7375278153757872,-27.880634701216565,0.03799554220941582,0.10655573073353078,0.11837236830249842,0.18484836012130657,0.8090850161381443,79.88862532202872,0,4,207409,1970-01-01,73,3.4568166666666666,0.8660254037844387,-0.4999999999999998,0.6580964680067528,0.5967227044056491,0.12623822012224198,1970,1970,2
track_797,Song 797,Artist 47,0.5803632060508276,0.1641550590388193,-11.952045326099864,0.005449744983834416,0.9787474979262943,0.06720174880772027,0.4008186732181846,0.7355684358225643,158.67141705850614,1,3,157664,1998-01-01,16,2.6277333333333335,1.0,6.123233995736766e-17,0.09526955635323206,0.120747280009545,0.8563692815212491,1998,1990,4
track_798,Song 798,Artist 48,0.6921532002953584,0.16341848771108014,-1.5458427338934584,0.009468751323152913,0.9806396062535068,0.071862134112402,0.7760543771822588,0.10246748347612133,186.71093789122736,0,3,249926,2005-01-01,49,4.1654333333333335,1.0,6.123233995736766e-17,0.11311062925665183,0.01674508118922784,0.8571581760302509,2005,2000,0
track_799,Song 799,Artist 49,0.8841244740007013,0.11077654295904983,-24.4868781562719,0.04196350977771915,0.7538581131271191,0.031166649915727637,0.6147396447793889,0.9485791105313965,120.84507154141548,0,10,121293,2020-01-01,38,2.02155,-0.8660254037844386,0.5000000000000001,0.09794025277528602,0.10508031458783852,0.8718795111220699,2020,2020,4
track_800,Song 800,Artist 0,0.7011528391663888,0.9512862444865373,-7.014741627636884,0.017574251281346515,0.9193330710756377,0.06068791706761914,0.6583719529093492,0.7271622083475204,128.33291643709663,1,1,273515,2006-01-01,40,4.558583333333333,0.49999999999999994,0.8660254037844387,0.6669970511816671,0.6917394063114497,0.4914589366037927,2006,2000,2
track_801,Song 801,Artist 1,0.22965818647712213,0.7563824399185162,-3.6709349803910385,0.13928631509919767,0.8803205410530643,0.06363604968270752,0.0746191241144301,0.8275129846647019,189.83919710758673,0,9,356333,1998-01-01,9,5.938883333333333,-1.0,-1.8369701987210297e-16,0.1737094194348272,0.6259162904049409,0.5378617949780317,1998,1990,3
track_802,Song 802,Artist 2,0.5898451061417912,0.41439375356683716,-2.632653808213597,0.08539120402026765,0.020961272997759763,0.1226363351345916,0.4008945969756199,0.6360779408858117,132.93879441091,0,0,169212,1974-01-01,11,2.8202,0.0,1.0,0.24442812755712634,0.2635867254847363,0.048147428124897196,1974,1970,1
track_803,Song 803,Artist 3,0.6157077894254275,0.36391666734601313,-2.1560674722420323,0.20542381689356004,0.9561531231149376,0.2824134666411992,0.5349658502431666,0.820656615242086,128.26378132693853,1,5,335203,2022-01-01,78,5.586716666666667,0.49999999999999994,-0.8660254037844387,0.2240663267866824,0.2986506204543593,0.7243195819680717,2022,2020,4
track_804,Song 804,Artist 4,0.4605110706070281,0.41123587447380616,-14.877670477077313,0.01503301897271921,0.8759942824068041,0.03994650606714626,0.6725245127210561,0.15114467743583848,140.96607437860257,0,6,195276,2001-01-01,94,3.2546,1.2246467991473532e-16,-1.0,0.1893786728259499,0.062156113597388395,0.6805260094306838,2001,2000,0
track_805,Song 805,Artist 5,0.7259776002810143,0.7894416427512518,-1.658070668246392,0.17486939155616993,0.04186290417107845,0.004311678030041138,0.0869552401870786,0.362964052003384,156.49216309081328,0,4,132559,2021-01-01,14,2.2093166666666666,0.8660254037844387,-0.4999999999999998,0.5731169493664556,0.28653893747320225,0.05035802338389755,2021,2020,1
track_806,Song 806,Artist 6,0.8942119625536625,0.6886198438526688,-8.038003993101274,0.028214297415654246,0.6487248539542623,0.06857647488912942,0.6893291642314049,0.8387788492440434,74.96367251218439,0,7,185231,1993-01-01,27,3.0871833333333334,-0.4999999999999997,-0.8660254037844388,0.6157721020248916,0.5775997601933545,0.48508389043916217,1993,1990,2
track_807,Song 807,Artist 7,0.8867332359707598,0.26482405540204645,-25.311528349128103,0.0213486472639357,0.747494154129898,0.07862746748844336,0.4613007025564338,0.23148969014020299,174.95547388381226,0,8,228277,1988-01-01,3,3.8046166666666665,-0.8660254037844385,-0.5000000000000004,0.23482829160955643,0.06130403852669168,0.7383976784116437,1988,1980,0
track_808,Song 808,Artist 8,0.4832134656935123,0.2549573084473351,-16.169896912428868,0.0025830642606752448,0.48087408531459985,0.01844524869721133,0.19798547793204496,0.12041788872202046,120.97070384345629,1,10,290116,1981-01-01,35,4.835266666666667,-0.8660254037844386,0.5000000000000001,0.12319880461872659,0.030701420797477046,0.6535103501710986,1981,1980,4
track_809,Song 809,Artist 9,0.19625233896464195,0.1875721282449236,-9.168395914211885,0.002710416837253274,0.5944438525932904,0.14290540913214886,0.287941412337275,0.7593070459506971,70.12879138564797,1,10,141747,2021-01-01,64,2.36245,-0.8660254037844386,0.5000000000000001,0.03681146889264204,0.14242483860033825,0.7601418730781636,2021,2020,4
track_810,Song 810,Artist 10,0.9371150191179843,0.6876694205341909,-22.827130841246582,0.0588846020978852,0.42450361694735694,0.41949901069451523,0.26144716381367056,0.8019375400789666,170.06557368774983,1,1,357528,1970-01-01,97,5.9588,0.49999999999999994,0.8660254037844387,0.6444253421707515,0.5514679234907174,0.3816881195218513,1970,1970,2
track_811,Song 811,Artist 11,0.813063373479044,0.780291669377345,-11.422159677082266,0.030617913977190953,0.08266467341014325,0.29146080034439226,0.44814427571635684,0.19638699637091056,112.7729960360781,1,10,324581,1976-01-01,46,5.409683333333334,-0.8660254037844386,0.5000000000000001,0.6344265770015389,0.15323913724226038,0.09579230549580044,1976,1970,2
track_812,Song 812,Artist 12,0.20596327902277684,0.3358913212092536,-10.668586107648043,0.012842878401807568,0.6795812878911379,0.02195326270847633,0.08876425993334887,0.8189113845044439,74.05144931330756,0,3,331941,1986-01-01,80,5.53235,1.0,6.123233995736766e-17,0.06918127791155065,0.27506522689449675,0.6692259471845649,1986,1980,4
track_813,Song 813,Artist 13,0.8827156002247665,0.11864101531751241,-25.281707429551588,0.047592049292871925,0.16668276428958193,0.2082351691266555,0.16890211887494266,0.6680910160374526,148.7290655360551,1,10,281201,2003-01-01,38,4.686683333333334,-0.8660254037844386,0.5000000000000001,0.10472627504727368,0.07926299646719184,0.5841860791730461,2003,2000,4
track_814,Song 814,Artist 14,0.839411907752809,0.17313278405402033,-13.612525938870068,0.014575008823830735,0.9063730700610255,0.12190649073820202,0.6595197825318369,0.5180744148949255,183.21838948070985,1,8,120037,2012-01-01,37,2.0006166666666667,-0.8660254037844385,-0.5000000000000004,0.1453297205573403,0.08969566579791606,0.8396177074800036,2012,2010,4
track_815,Song 815,Artist 15,0.5410123485571613,0.9613954310120771,-7.6228195816203765,0.04309388627103656,0.11844439171428499,0.060485532404692205,0.14945299306010829,0.7972251735032465,184.28549131795808,0,4,224294,1976-01-01,43,3.7382333333333335,0.8660254037844387,-0.4999999999999998,0.5201268000239682,0.7664486392938317,0.10968689942211926,1976,1970,2
track_816,Song 816,Artist 16,0.6025841203831899,0.36294585195490403,-15.532025728457684,0.022252576670949122,0.9870610727768849,0.07778579209349946,0.22504720209359524,0.4273243243870692,194.07288647325623,0,2,217847,1986-01-01,50,3.6307833333333335,0.8660254037844386,0.5000000000000001,0.2187054069469733,0.1550955909757186,0.7311520582169827,1986,1980,0
track_817,Song 817,Artist 17,0.43915229828961067,0.7846086015759389,-29.649009613492886,0.08673651739398308,0.2607461218650921,0.18944580309142692,0.390027954203118,0.22459456060105748,181.47876436733634,0,5,223742,1972-01-01,96,3.729033333333333,0.49999999999999994,-0.8660254037844387,0.344562670639871,0.17621882411475817,0.24943291170472168,1972,1970,1
track_818,Song 818,Artist 18,0.14654739299872663,0.6559505762802947,-29.737884396700526,0.08593367431283086,0.7053809165436796,0.06541860003869984,0.43784066608499783,0.3063674089495522,60.29972870836653,1,2,168503,1998-01-01,84,2.8083833333333335,0.8660254037844386,0.5000000000000001,0.09612784688988957,0.20096187845395952,0.5181547639992224,1998,1990,4
track_819,Song 819,Artist 19,0.3849176553990158,0.4399262792910774,-19.646149024869647,0.03244220083708896,0.6810630749506692,0.04671395252782634,0.622707859710619,0.5046476164639833,113.23376329787463,0,4,148207,1991-01-01,25,2.4701166666666667,0.8660254037844387,-0.4999999999999998,0.1693353919731341,0.22200774826411082,0.607554803994143,1991,1990,4
track_820,Song 820,Artist 20,0.7824254313083097,0.28306166335404404,-3.1403720154783237,0.021602193948990833,0.22050136871210005,0.06797325465009146,0.3854993199996408,0.5281977134058581,174.5959611867704,0,2,153241,2007-01-01,35,2.5540166666666666,0.8660254037844386,0.5000000000000001,0.22147464403663544,0.14951252333646484,0.43788149008056393,2007,2000,1
track_821,Song 821,Artist 21,0.10393721955391244,0.20803391216187173,-23.368373391495346,0.02251474024364912,0.9314855549882413,0.08654308159647343,0.6423984657766542,0.7750227437971102,111.27542083978639,0,5,251130,2012-01-01,68,4.1855,0.49999999999999994,-0.8660254037844387,0.0216224664030278,0.16123101340654084,0.8174364408897743,2012,2010,4
track_822,Song 822,Artist 22,0.3834742959374725,0.6473615415545912,-11.603453022721073,0.08192133421825597,0.9991116740580082,0.020958298010258863,0.5137597302840932,0.7622174512871009,144.21679089315887,1,11,319244,1998-01-01,96,5.320733333333333,-0.5000000000000004,0.8660254037844384,0.24824651136464373,0.49343026426502923,0.6068189010091916,1998,1990,3
track_823,Song 823,Artist 23,0.4384433895523018,0.7894240647676313,-23.559799749893703,0.019888203081482578,0.22573799002554654,0.23117038454010383,0.13482480456786683,0.5732299014841173,144.88437263243446,1,9,216171,2019-01-01,0,3.60285,-1.0,-1.8369701987210297e-16,0.3461177627508761,0.45252147887594074,0.22236623856601717,2019,2010,2
track_824,Song 824,Artist 24,0.5567862624972344,0.6730747856516063,-20.67157029987309,0.011726618780401755,0.2652705847135454,0.1121431524775562,0.16724857879462895,0.7527069350289287,111.10354256543522,1,4,265906,2019-01-01,52,4.431766666666666,0.8660254037844387,-0.4999999999999998,0.37475879428408504,0.5066280589530737,0.28270007013542026,2019,2010,2
track_825,Song 825,Artist 25,0.8818772739508464,0.5719688985917509,-5.406779401556964,0.004424533086434075,0.07090508690226571,0.10031264443050403,0.3777752940873281,0.22259611246430389,186.62634981938027,1,8,332185,2011-01-01,5,5.536416666666667,-0.8660254037844385,-0.5000000000000004,0.5044063730747614,0.12731805327701343,0.11029374062171476,2011,2010,1
track_826,Song 826,Artist 26,0.39439409521106705,0.13733658885415628,-8.86301817417154,0.03143291311554214,0.0037462263542337158,0.010480092357050805,0.3476670448167797,0.09505807438396491,130.45196835405648,1,2,237302,1974-01-01,36,3.955033333333333,0.8660254037844386,0.5000000000000001,0.054164739700509286,0.013054951678938394,0.0265531971098194,1974,1970,1
track_827,Song 827,Artist 27,0.39491022161179357,0.9619550120590016,-27.23342095791689,0.03290175432324232,0.048866860160176634,0.09267804020304152,0.607658202227971,0.8362704403712301,125.06978883125011,1,5,278262,1999-01-01,1,4.6377,0.49999999999999994,-0.8660254037844387,0.37988586699279586,0.8044545415518932,0.0483436430884211,1999,1990,3
track_828,Song 828,Artist 28,0.726876060893286,0.8108556305725714,-17.567641391393423,0.09191385465563266,0.19221586988630016,0.012892562944110645,0.48555285484801386,0.11799904438649261,199.65192439266542,1,7,192832,1992-01-01,68,3.2138666666666666,-0.4999999999999997,-0.8660254037844388,0.5893915467037323,0.0956801895429703,0.19162709554729887,1992,1990,1
track_829,Song 829,Artist 29,0.4843852497563361,0.36061161266385866,-29.15407685428733,0.012502534699439356,0.11045622954661392,0.008196703947457973,0.341099810751687,0.27201958676959753,129.09005097016632,0,6,141383,1990-01-01,89,2.3563833333333335,1.2246467991473532e-16,-1.0,0.17467494606521833,0.09809342186114099,0.23448001576224461,1990,1990,1
track_830,Song 830,Artist 30,0.29091409949898467,0.972173593129377,-16.054185748512737,0.023981795446533664,0.3347570017346543,0.07493173912526872,0.1780702125877892,0.6757870546619461,84.97575527000134,0,5,244291,1995-01-01,40,4.071516666666667,0.49999999999999994,-0.8660254037844387,0.282819005401925,0.6569823291210228,0.25613965034603153,1995,1990,3
track_831,Song 831,Artist 31,0.48457358871278944,0.6356746147763267,-10.789413660669027,0.08261876831831261,0.9731220722046179,0.05154789906474706,0.22012782674412135,0.41850314386457815,131.82971920088133,0,1,275732,2016-01-01,50,4.595533333333333,0.49999999999999994,0.8660254037844387,0.3080311293357846,0.26603182475879733,0.604875355104948,2016,2010,0
track_832,Song 832,Artist 32,0.21972846732282988,0.6183561658044493,-26.563423915653605,0.08675674960755783,0.0413390375723771,0.08887005412139429,0.48162576385179423,0.8386825729239579,173.96234297279022,1,6,359101,1990-01-01,46,5.985016666666667,1.2246467991473532e-16,-1.0,0.1358704525718333,0.518604540120269,0.06266374940582119,1990,1990,3
track_833,Song 833,Artist 33,0.2499289385302898,0.7657851296922835,-21.622336771634195,0.02427504071358549,0.1285246241965101,0.009345628419419756,0.3675791036748443,0.31818181519604255,168.7604457657594,1,7,122674,1989-01-01,12,2.044566666666667,-0.4999999999999997,-0.8660254037844388,0.19139186460627272,0.24365890261562764,0.14371360697345698,1989,1980,1
track_834,Song 834,Artist 34,0.5236126068285578,0.8224751114002224,-18.46273786043745,0.03072826373182093,0.13460083312946036,0.05638450787737912,0.43619563164550407,0.06068421200242337,170.40144711518593,0,0,234100,1992-01-01,75,3.901666666666667,0.0,1.0,0.43065833713187895,0.04991125402692788,0.140637420950104,1992,1990,1
track_835,Song 835,Artist 35,0.4560866320788657,0.6842659605250373,-3.3336002849745583,0.01806900628753184,0.17324859752391017,0.019211339884186843,0.17800807647667527,0.3205900765046697,159.12332975970764,0,8,229369,1973-01-01,68,3.8228166666666668,-0.8660254037844385,-0.5000000000000004,0.3120845573820743,0.219368876634263,0.20203551515507434,1973,1970,1
track_836,Song 836,Artist 36,0.877619015907885,0.214005214265918,-1.1956045527340429,0.13482205126989522,1.5370000465693094e-05,0.4350534628420925,0.5471796892584244,0.5702675442663485,95.59049606933635,1,3,142820,1990-01-01,65,2.380333333333333,1.0,6.123233995736766e-17,0.18781504554321105,0.12204022799961879,7.181518872677205e-05,1990,1990,1
track_837,Song 837,Artist 37,0.4080348142491381,0.4010580803351036,-28.69757232912714,0.006314669130403347,0.7426398676346272,0.08235980940165315,0.6894040556419754,0.38834453786296397,180.6917720176324,1,7,336112,1990-01-01,58,5.601866666666667,-0.4999999999999997,-0.8660254037844388,0.1636456593126499,0.1557487148639433,0.6493315998523433,1990,1990,4
track_838,Song 838,Artist 38,0.5935000977363369,0.9259944398901843,-7.930770218633629,0.13571555523709794,0.220176613718182,0.11629487852247962,0.24345463009017543,0.5313854801828797,185.0820851526771,1,9,276738,1970-01-01,67,4.6123,-1.0,-1.8369701987210297e-16,0.5495777905781289,0.49206000008772227,0.1920973496300354,1970,1970,2
track_839,Song 839,Artist 39,0.6374246447316008,0.29990789454102823,-19.220002074332044,0.05757952669500004,0.1981530979659526,0.03936624552729126,0.4186356693738699,0.8389383069515168,87.18137752659686,1,6,163794,1984-01-01,58,2.7299,1.2246467991473532e-16,-1.0,0.1911686831300173,0.25160422128764426,0.3978482617566433,1984,1980,4
track_840,Song 840,Artist 40,0.1111302881000836,0.4312286512153869,-18.61871259934508,0.03791865985166567,0.9798017040295736,0.009953188493148787,0.7816454967656764,0.8712365488073316,78.26378911719515,1,9,253148,1986-01-01,90,4.219133333333334,-1.0,-1.8369701987210297e-16,0.04792256424657641,0.3757021618317342,0.6943869109552682,1986,1980,4
track_841,Song 841,Artist 41,0.664006766214204,0.4845484258203344,-8.12631577293634,0.0016602135752814145,0.030105359682172116,0.37243351556221005,0.29993130541304575,0.2893766581887009,196.58469560247568,1,6,315926,2020-01-01,9,5.265433333333333,1.2246467991473532e-16,-1.0,0.32174343330314337,0.140217004194484,0.05849622024358985,2020,2020,1
track_842,Song 842,Artist 42,0.25133057183928875,0.4910704408280625,-3.365633467783148,0.03227466325735994,0.6244631213213226,0.03372351771227728,0.4962847586928209,0.46592642594291056,181.5653549110515,1,1,248544,1983-01-01,12,4.1424,0.49999999999999994,0.8660254037844387,0.12342101470668856,0.22880269538122872,0.5597882329330274,1983,1980,4
track_843,Song 843,Artist 43,0.9169097698490368,0.6455162284201277,-2.4230707594260963,0.026191161814533487,0.015084082825030123,0.055131466187095184,0.11764677515018328,0.544229613717306,185.05306060939256,1,0,303414,1988-01-01,1,5.0569,0.0,1.0,0.5918801364345175,0.35130904764133836,0.02283386752078701,1988,1980,2
track_844,Song 844,Artist 44,0.22636331859014602,0.9393374955927898,-13.263445004888698,0.008790270372663538,0.9559483350490203,0.1049433404924422,0.5045112518595825,0.9042012111994223,184.09269384741532,0,3,157555,2019-01-01,89,2.6259166666666665,1.0,6.123233995736766e-17,0.21263155277854057,0.8493501012400325,0.5043818801428083,2019,2010,3
track_845,Song 845,Artist 45,0.4524305051679701,0.3142165135309294,-19.643486380285417,0.05341525194576521,0.5248794142285561,0.0025007392256556713,0.11722382997846344,0.9487555872479462,135.83615536472198,1,11,306280,2003-01-01,14,5.104666666666667,-0.5000000000000004,0.8660254037844384,0.1421611359489167,0.29811467281803916,0.6255289429196967,2003,2000,4
track_846,Song 846,Artist 46,0.1725472178668473,0.20813622490781708,-7.161076510095402,0.1772838368881519,0.5352725895855764,0.16620959825323167,0.7694265764928666,0.261866523957374,150.49624313321198,1,1,152406,1975-01-01,45,2.5401,0.49999999999999994,0.8660254037844387,0.03591332654515224,0.05450390972622026,0.7200235713196026,1975,1970,4
track_847,Song 847,Artist 47,0.9473431140690552,0.2757487359753442,-22.72095988539329,0.04129837685176118,0.39021507970114644,0.07691176029826713,0.5867469890542336,0.7042818842112338,136.35079929870983,1,7,312644,2014-01-01,56,5.210733333333334,-0.4999999999999997,-0.8660254037844388,0.2612286662394883,0.19420483934158148,0.5859394828610636,2014,2010,4
track_848,Song 848,Artist 48,0.5268657587815562,0.8893631611862498,-13.641853163827985,0.06272003882624176,0.9708365551831415,0.03260309984573633,0.6411198411017799,0.3902279560098756,67.16888888664607,0,9,160262,2018-01-01,9,2.6710333333333334,-1.0,-1.8369701987210297e-16,0.4685749967507569,0.3470543685401918,0.5218988180361267,2018,2010,0
track_849,Song 849,Artist 49,0.6060772647220372,0.6747716232631333,-19.601224615778676,0.003545294966815855,0.025798309310305297,0.006358749115528053,0.5780782705787277,0.057297377197591905,164.37043194938818,0,6,211320,1975-01-01,21,3.522,1.2246467991473532e-16,-1.0,0.4089637397393688,0.03866264422033913,0.03682469270533279,1975,1970,1
track_850,Song 850,Artist 0,0.15701500578016336,0.3544570424228525,-10.957698862471592,0.02703564113715076,0.20894451135044673,0.017733212331388915,0.4922967770573493,0.058327270192312125,130.74648466702325,1,7,337733,2022-01-01,88,5.6288833333333335,-0.4999999999999997,-0.8660254037844388,0.05565507456484379,0.020674511684965556,0.37086184638510067,2022,2020,1
track_851,Song 851,Artist 1,0.7374663998393011,0.8261927756820694,-23.028431526088298,0.006185191239833109,0.30901722853175334,0.22541174460985466,0.387434585814129,0.4645094068060301,150.67927047063216,0,10,274288,1974-01-01,78,4.571466666666667,-0.8660254037844386,0.5000000000000001,0.609289411855495,0.3837743161395055,0.27221126943335056,1974,1970,2
track_852,Song 852,Artist 2,0.27841975413124787,0.8666192967634581,-24.443804573690052,0.04744015841541465,0.2133858131172487,0.11584394423424585,0.6937800348207969,0.4895014217039011,130.36957269657495,0,5,319189,1976-01-01,76,5.319816666666667,0.49999999999999994,-0.8660254037844387,0.2412839315302769,0.42421137784174767,0.19757833883071133,1976,1970,3
track_853,Song 853,Artist 3,0.8633461460246067,0.8533977614343474,-3.3710664864123245,0.13942140179522913,0.13398947796757454,0.028755104321900562,0.7676267506572974,0.07031272691609838,128.85358512514384,0,0,332208,2002-01-01,7,5.5368,0.0,1.0,0.7367776683603706,0.06000472375054295,0.1357009052981371,2002,2000,2
track_854,Song 854,Artist 4,0.2743686944097061,0.9178446149392034,-27.04769319446343,0.05420260016915132,0.007074278899738121,0.0067851485556871625,0.42427712967806097,0.6682346750968722,84.05047532688735,1,11,150284,1982-01-01,20,2.5047333333333333,-0.5000000000000004,0.8660254037844384,0.2518278286718487,0.6133355980533124,0.007648531453222241,1982,1980,3
track_855,Song 855,Artist 5,0.2620845625641166,0.3244945079542918,-15.327220675686982,0.003995634256706159,0.004228935275700397,0.11731698326516984,0.7486512868664466,0.3146030497354578,99.01992011976085,1,8,271243,2020-01-01,84,4.520716666666667,-0.8660254037844385,-0.5000000000000004,0.08504500117165882,0.10208696182482696,0.012864681537361738,2020,2020,1
track_856,Song 856,Artist 6,0.13106721767088064,0.7719873165841876,-23.595269294072743,0.021899379219915145,0.4854989375663949,0.08495851682072132,0.48749968249138814,0.5539037913823545,82.23937687215381,1,5,210627,1970-01-01,21,3.51045,0.49999999999999994,-0.8660254037844387,0.10118222966189877,0.42760670155507147,0.3860865674494201,1970,1970,3
track_857,Song 857,Artist 7,0.5012569033434994,0.5098801525739847,-28.871031063555645,0.03999914802101498,0.915321457907101,0.05183866773879795,0.4537881401723249,0.3208271658488769,87.39328138754794,1,11,265405,1982-01-01,96,4.423416666666666,-0.5000000000000004,0.8660254037844384,0.25558094635554657,0.16358340427290444,0.6422395322431587,1982,1980,0
track_858,Song 858,Artist 8,0.580114963273224,0.8493787120721548,-28.955454269548635,0.025809311318943373,0.2777132317031112,0.04519459732366915,0.3908620497165175,0.20042088338237646,196.21683325884268,1,9,281607,2012-01-01,44,4.69345,-1.0,-1.8369701987210297e-16,0.49273730035879637,0.17023323179968644,0.2463978088381016,2012,2010,1
track_859,Song 859,Artist 9,0.15585234351409952,0.7483567026738357,-24.918568608931007,0.08968126358031535,0.8886203966812342,0.02443854156248999,0.20696582114758988,0.4164563647389877,81.43588240810777,1,0,209023,1996-01-01,90,3.4837166666666666,0.0,1.0,0.11663314589620148,0.3116579119236011,0.5428419580147892,1996,1990,3
track_860,Song 860,Artist 10,0.7591984741907589,0.7910382273847549,-4.863659719325991,0.08428113401910903,0.014175803897194606,0.11074853073391695,0.052789745613544395,0.2590460283114507,97.69785940272908,1,0,327012,1976-01-01,39,5.4502,0.0,1.0,0.6005550152570686,0.204915311046551,0.01760499164381705,1976,1970,2
track_861,Song 861,Artist 11,0.48529550953582345,0.6839840355361536,-21.808116424666228,0.04731572594850991,0.0007493725849195869,0.3529077156312417,0.23112967014204594,0.5313208792272512,142.6825520834019,0,7,284772,2021-01-01,21,4.7462,-0.4999999999999997,-0.8660254037844388,0.33193438103988643,0.3634149991384726,0.0010943989027452005,2021,2020,1
track_862,Song 862,Artist 12,0.545731728928443,0.2579116048280391,-2.436684053316423,0.02337696901076391,0.8754662445015533,0.019323923332935977,0.43229237870267384,0.22894567725783194,145.42500067312986,1,5,334655,1972-01-01,29,5.577583333333333,0.49999999999999994,-0.8660254037844387,0.14075054601351514,0.05904774704000973,0.7724391936724446,1972,1970,0
track_863,Song 863,Artist 13,0.4746483348974939,0.5850739578182751,-13.132953503313388,0.014741133548511469,0.4644828069226224,0.09091081386049116,0.3349699641948144,0.5075653789801643,81.55637816413608,1,7,161516,1994-01-01,61,2.6919333333333335,-0.4999999999999997,-0.8660254037844388,0.27770437987033086,0.2969632851314575,0.4425509700624134,1994,1990,4
track_864,Song 864,Artist 14,0.4406486017440271,0.9763560681768123,-17.338188496705783,0.00559544650176805,0.5406901054991889,0.055196894724363024,0.3863639210019753,0.19164066338198077,171.12043960992972,1,7,135577,2002-01-01,72,2.2596166666666666,-0.4999999999999997,-0.8660254037844388,0.4302299362464083,0.18710952460242675,0.3564095532962413,2002,2000,1
track_865,Song 865,Artist 15,0.5756942816119852,0.9342753791824359,-13.177423794585817,0.02191731722567041,0.9517154397731824,0.059183454566872754,0.7854861646730372,0.6538772385372065,169.9284015077955,1,10,340906,2009-01-01,44,5.681766666666666,-0.8660254037844386,0.5000000000000001,0.5378569932461975,0.6109014049731126,0.5046233128944333,2009,2000,2
track_866,Song 866,Artist 16,0.23195420904110564,0.1384246248593404,-15.015746828438235,0.026651219939284987,0.07711138360827306,0.029322712471433362,0.3127042780019957,0.7285439159972816,93.22447858854476,1,7,135015,1986-01-01,34,2.25025,-0.4999999999999997,-0.8660254037844388,0.032108174371060075,0.10084841826547851,0.3577640060818595,1986,1980,4
track_867,Song 867,Artist 17,0.25463891092098045,0.24668518599919906,-7.995488641037571,0.05632326925124914,0.8928134275527881,0.17437403202797352,0.3891372045200809,0.1493548108249404,100.41328237456446,1,9,211104,2014-01-01,81,3.5184,-1.0,-1.8369701987210297e-16,0.06281564710317554,0.03684361928822561,0.7835135852040862,2014,2010,4
track_868,Song 868,Artist 18,0.8325177778614896,0.2172386083745601,-21.807614086787282,0.05367059868281257,0.7532439996313606,0.06640848202578184,0.1501366635146147,0.4710221708336052,191.31830116432957,1,6,234412,1983-01-01,41,3.9068666666666667,1.2246467991473532e-16,-1.0,0.18085500350971118,0.10232420090545671,0.7761532429992009,1983,1980,4
track_869,Song 869,Artist 19,0.9041981428135878,0.746122119886913,-19.76153864359123,0.0036343489389965566,0.009017783406051557,0.07839603618723551,0.08596829932774074,0.11378453058938622,175.59400243712693,1,6,211740,2006-01-01,4,3.529,1.2246467991473532e-16,-1.0,0.6746422351138839,0.08489715517369015,0.011941855310349962,2006,2000,1
track_870,Song 870,Artist 20,0.41731291883779,0.8278289435726811,-4.071265226535729,0.02514777666913536,0.37023888102325025,0.03634994822117831,0.631557135944371,0.5883642009878022,157.69158462875333,0,9,348356,1992-01-01,26,5.805933333333333,-1.0,-1.8369701987210297e-16,0.3454637127407197,0.4870649149397169,0.3090297263582662,1992,1990,3
track_871,Song 871,Artist 21,0.3301329721720207,0.29002511601649805,-2.552761118638241,0.01003113227188961,0.9840429912085761,0.020065882023671162,0.478012381303984,0.2879638681366808,71.51265101148408,0,3,342875,1993-01-01,69,5.714583333333334,1.0,6.123233995736766e-17,0.09574685355506163,0.08351675426490039,0.7723623354716012,1993,1990,0
track_872,Song 872,Artist 22,0.6473996117531634,0.5502088967271278,-4.115811402892238,0.008528308464195054,0.9418975322985171,0.008982666879216906,0.6205286045329212,0.524862011154837,118.55697132636061,1,8,272308,1998-01-01,61,4.538466666666666,-0.8660254037844385,-0.5000000000000004,0.3562050261242789,0.2887837480914843,0.6312531617871389,1998,1990,0
track_873,Song 873,Artist 23,0.447424045433382,0.848225694929968,-17.836008175237907,0.08781058708598181,0.5665666572090963,0.12521801316149914,0.16239709916491374,0.515714908445862,138.3022620907558,1,11,349223,2007-01-01,31,5.820383333333333,-0.5000000000000004,0.8660254037844384,0.37951657186610804,0.4374426366022361,0.4004589478403251,2007,2000,3
track_874,Song 874,Artist 24,0.12157840231129313,0.752193374841963,-7.369400412800431,0.002140950231550728,0.14905772781971793,0.021844744740113095,0.47887157838701816,0.8819189115744204,86.23758031772877,0,1,186640,1996-01-01,7,3.1106666666666665,0.49999999999999994,0.8660254037844387,0.0914504687424255,0.663373562434114,0.1653896033967672,1996,1990,3
track_875,Song 875,Artist 25,0.2327297077612618,0.582591112887745,-16.186263734268135,0.027165966613329325,0.8587638823596456,0.11714260890795775,0.24023185575603168,0.5441749003118506,122.75172149515143,1,10,203190,2007-01-01,84,3.3865,-0.8660254037844386,0.5000000000000001,0.13558625944667319,0.3170314607782587,0.5958027615601305,2007,2000,4
track_876,Song 876,Artist 26,0.7085763945202879,0.6254094445083078,-15.571344287763036,0.009208382334480894,0.2122953537564492,0.049491363698172385,0.22104636267501493,0.5746986317464841,144.1436228484166,1,8,249516,2022-01-01,17,4.1586,-0.8660254037844385,-0.5000000000000004,0.44315036928863283,0.3594219520402532,0.25342471568921054,2022,2020,2
track_877,Song 877,Artist 27,0.6600853506236286,0.5524408867554892,-24.064276837338767,0.10573487596197598,0.02758415152765015,0.05374687557404199,0.058644510539738945,0.4114878131879422,105.8327352161559,0,9,296776,2009-01-01,77,4.946266666666666,-1.0,-1.8369701987210297e-16,0.3646581364328254,0.22732269240662387,0.04755674695104802,2009,2000,1
track_878,Song 878,Artist 28,0.12303159362796097,0.3648181216737503,-12.857221205503023,0.040713848260355706,0.01492823666699416,0.06333275812147372,0.1477555426768039,0.9041716428645351,169.33227465306823,1,2,293441,2014-01-01,14,4.8906833333333335,0.8660254037844386,0.5000000000000001,0.04488415489388086,0.3298582004205087,0.03931096909329694,2014,2010,1
track_879,Song 879,Artist 29,0.28867633764300704,0.6028695736445243,-24.60205896515291,0.01315797039000406,0.8000840168427271,0.04584047698479597,0.2819510836247715,0.7494673184956486,177.66294142943275,1,1,254718,2019-01-01,25,4.2453,0.49999999999999994,0.8660254037844387,0.1740341805961024,0.4518310427619766,0.5702850414886593,2019,2010,3
track_880,Song 880,Artist 30,0.2964135770998607,0.7131079188245807,-20.38462372705138,0.03490067883069042,0.9097721149664061,0.010604961661401749,0.1376590704432043,0.30686476127255735,105.3053257207699,1,3,207007,1992-01-01,52,3.4501166666666667,1.0,6.123233995736766e-17,0.21137486907703107,0.21882769127167517,0.5605907617523965,1992,1990,0
track_881,Song 881,Artist 31,0.6711088320589191,0.8772573951161188,-5.20412415302188,0.06574267822364975,0.1678738588011074,0.0370530215017796,0.7893938303082032,0.8097886271986088,177.41200162894398,0,4,276978,2000-01-01,43,4.6163,0.8660254037844387,-0.4999999999999998,0.5887351858514283,0.7103930616909093,0.16062451251686555,2000,2000,2
track_882,Song 882,Artist 32,0.11675395709120953,0.6662993050415308,-23.994801532885198,0.15864496757970015,0.4949718004029943,0.10898538382002938,0.281474486392963,0.4391567241665809,74.50071925442211,0,1,337715,2005-01-01,31,5.628583333333333,0.49999999999999994,0.8660254037844387,0.07779308047072162,0.2926098201165081,0.42623240331216206,2005,2000,3
track_883,Song 883,Artist 33,0.18849229468688777,0.7773981679684105,-27.93640972997045,0.012451666157664187,0.989478111906258,0.109596898966969,0.14774296002674614,0.7958004291802345,177.28207380717188,1,0,167728,1986-01-01,27,2.7954666666666665,0.0,1.0,0.14653356456574831,0.6186537957131891,0.560015187911888,1986,1980,3
track_884,Song 884,Artist 34,0.7799286725672109,0.24246375510956997,-27.998779814228328,0.1086576297753083,0.3506199420073634,0.033718652179813444,0.1993117346209683,0.7905992614641518,81.38506043346632,0,9,134878,2006-01-01,38,2.2479666666666667,-1.0,-1.8369701987210297e-16,0.1891044346682682,0.191691665721451,0.5911802204841491,2006,2000,4
track_885,Song 885,Artist 35,0.2517629627461836,0.510786152233613,-2.717248905409871,0.13613594879810317,0.6088333598877076,0.061637620666635466,0.49077742125610735,0.21998316808656893,71.60980135136165,0,10,248925,1972-01-01,31,4.14875,-0.8660254037844386,0.5000000000000001,0.12859703501605757,0.11236435598309867,0.5437854641785406,1972,1970,0
track_886,Song 886,Artist 36,0.6548341916740935,0.10830514164611305,-15.299307299106797,0.12409787685418448,0.04191369241456504,0.02149859502183439,0.09803264289859139,0.6810270182452192,149.84855662174158,0,4,129145,2005-01-01,76,2.152416666666667,0.8660254037844387,-0.4999999999999998,0.07092190988398064,0.07375872767587847,0.2790157017324017,2005,2000,1
track_887,Song 887,Artist 37,0.30245536388971755,0.3195441894242445,-18.12704991730647,0.05044968972670079,0.9858941873863427,0.02361934337496321,0.6968255976058677,0.31157867237587794,126.0712312057412,1,8,208578,1974-01-01,78,3.4763,-0.8660254037844385,-0.5000000000000004,0.09664785409115471,0.09956315430623217,0.7552202001099827,1974,1970,4
track_888,Song 888,Artist 38,0.1845251838454434,0.7465509264505743,-6.484521150770366,0.049688383651876576,0.8766517763518354,0.0023316825037002554,0.7711247594278605,0.31774340299340137,187.1046840577966,0,11,138226,2015-01-01,17,2.3037666666666667,-0.5000000000000004,0.8660254037844384,0.13775744695327832,0.23721163187828198,0.5400750225238669,2015,2010,0
track_889,Song 889,Artist 39,0.306696362349536,0.9827108567009335,-5.761048090595036,0.025809552362416634,0.9971376945423098,0.22705686327621633,0.23506056550053567,0.31671326919252263,110.84648745271889,0,11,122802,1984-01-01,69,2.0467,-0.5000000000000004,0.8660254037844384,0.30139384499157246,0.3112375680967373,0.5036431651668476,1984,1980,0
track_890,Song 890,Artist 40,0.7139268920773102,0.18826850863262218,-20.366460039647464,0.06979660926578272,0.34642041687323866,0.023661724658939093,0.3875714514431445,0.7030114228039533,100.20131688126801,0,4,144119,2021-01-01,10,2.4019833333333334,0.8660254037844387,-0.4999999999999998,0.1344099512441182,0.1323549121229981,0.6478903011787557,2021,2020,4
track_891,Song 891,Artist 41,0.8273419978903428,0.45732994111654657,-9.885076333259939,0.03788898059611326,0.4658192512148609,0.02581671248112702,0.0666008382721228,0.25684343761328243,130.10288686018777,1,11,183560,2018-01-01,31,3.0593333333333335,-0.5000000000000004,0.8660254037844384,0.37836826717843647,0.11746219419985386,0.5045974697123103,2018,2010,0
track_892,Song 892,Artist 42,0.8056868848819428,0.8120631621422519,-7.63743834029529,0.056573006699104283,0.9377530138892648,0.032795065436239654,0.5305326685454161,0.05081525172148121,123.83246600761258,0,10,177353,1975-01-01,19,2.9558833333333334,-0.8660254037844386,0.5000000000000001,0.654268639433771,0.04126519399800054,0.5359148525539302,1975,1970,0
track_893,Song 893,Artist 43,0.4376060001756866,0.28159171481972,-11.015130080887317,0.027970856970137056,0.01962581503987315,0.01362872685020726,0.3604445435394416,0.6937131681343698,108.21992647040636,0,9,343793,1979-01-01,96,5.729883333333333,-1.0,-1.8369701987210297e-16,0.1232262240048703,0.19534388060797794,0.06515474014504129,1979,1970,1
track_894,Song 894,Artist 44,0.6678723660850492,0.5940256048790348,-25.603742830797117,0.06574455979103182,0.025164621466728918,0.1019605794180303,0.25254384957616677,0.20406626945161271,157.123781817766,1,8,243001,2001-01-01,39,4.050016666666667,-0.8660254037844385,-0.5000000000000004,0.3967332862456635,0.12122058914640234,0.040641114402155135,2001,2000,1
track_895,Song 895,Artist 45,0.27423665110344786,0.7524334534664106,-4.599390578005348,0.08699769781963523,0.7388728748068141,0.0078116097388631865,0.20512783296245635,0.1440341557770512,166.33865674794717,0,11,313198,1992-01-01,7,5.219966666666667,-0.5000000000000004,0.8660254037844384,0.2063448304568304,0.10837611724844558,0.49545312411382725,1992,1990,0
track_896,Song 896,Artist 46,0.3491755707218613,0.6482270507315593,-14.366257970655747,0.007916752741484376,0.9902513442117198,0.01441041463879206,0.5405173082440704,0.2637645085346541,179.41775566421913,0,9,191641,2017-01-01,34,3.1940166666666667,-1.0,-1.8369701987210297e-16,0.22634505039654115,0.17097928945507804,0.6043721680405999,2017,2010,0
track_897,Song 897,Artist 47,0.8618854457429518,0.2673420138077204,-21.808299635269893,0.08946703451395797,0.18399974325723775,0.10349524469909284,0.3621627732742358,0.39191047009043356,196.199924659448,0,5,171712,1986-01-01,68,2.861866666666667,0.49999999999999994,-0.8660254037844387,0.23041819073648545,0.10477413430630687,0.40767186440250364,1986,1980,1
track_898,Song 898,Artist 48,0.11105163498412564,0.4162922661303081,-17.668382622306876,0.03885868158458977,0.12444864563940593,0.04150013647312861,0.184744466772434,0.4783156947258806,97.33186689855063,1,2,303261,2015-01-01,98,5.05435,0.8660254037844386,0.5000000000000001,0.04622993678501747,0.1991191244831295,0.23014425723376314,2015,2010,1
track_899,Song 899,Artist 49,0.17268225122629788,0.7975746881920035,-28.910438378431685,0.09310885282174669,0.014067093724207997,0.12308228169935942,0.566831811115118,0.09011303664136774,160.2530875485946,1,3,308856,1989-01-01,77,5.1476,1.0,6.123233995736766e-17,0.13772699267810776,0.07187187710127346,0.017331631645878653,1989,1980,1
track_900,Song 900,Artist 0,0.2767033168741232,0.5932615975774949,-26.29186276454989,0.02822026125488418,0.45037838930039376,0.08151447604521161,0.47380421227752023,0.9235159993646244,115.19615296940432,0,3,250085,2013-01-01,20,4.168083333333334,1.0,6.123233995736766e-17,0.16415745182373412,0.5478865771714337,0.43154532541667073,2013,2010,3
track_901,Song 901,Artist 1,0.12255237329274676,0.10465435605319234,-7.7991442350400355,0.023824469651369425,0.32967132067818145,0.029574270297000577,0.6940040411971222,0.6944567480776023,154.79147607315514,0,0,188285,2010-01-01,23,3.1380833333333333,0.0,1.0,0.01282563970974286,0.07267792377685549,0.7590399999355313,2010,2010,4
track_902,Song 902,Artist 2,0.25422011982632775,0.7772817764250035,-29.99966259209438,0.12329093890356796,0.9493162076060695,0.10521904997131025,0.1381069241573697,0.3408746587919025,126.63743664889084,0,2,235278,1984-01-01,16,3.9213,0.8660254037844386,0.5000000000000001,0.1976006663415853,0.2649556603240369,0.5498185834615231,1984,1980,0
track_903,Song 903,Artist 3,0.5955853268242384,0.13142710589681278,-17.919590974013527,0.014462115619560123,0.11745763635865053,0.012360785736982231,0.6392499514583422,0.3368275315568576,199.12823438751042,0,2,294021,2013-01-01,17,4.90035,0.8660254037844386,0.5000000000000001,0.07827605581911702,0.04426826765888517,0.47193396975745083,2013,2010,1
track_904,Song 904,Artist 4,0.4582108680036232,0.7637030666307966,-14.847204748517935,0.09296306291709906,0.8012867740624572,0.07687555644024446,0.5551375901129443,0.4536882944316134,162.04629901070498,0,0,285201,2015-01-01,97,4.75335,0.0,1.0,0.34993704505792617,0.3464831417519189,0.5120073250444751,2015,2010,0
track_905,Song 905,Artist 5,0.8587709544154286,0.2802076985470613,-28.415601819971805,0.033084419174982185,0.11850090516185563,0.05747387494730084,0.13625820262107335,0.6136203404867296,193.34878206080543,0,8,144512,1991-01-01,11,2.408533333333333,-0.8660254037844385,-0.5000000000000004,0.24063423271581053,0.17194114338945066,0.2972110630381724,1991,1990,1
track_906,Song 906,Artist 6,0.7948270274776748,0.9526853973062483,-1.7807332738023476,0.03608715291089026,0.9464980927063347,0.031180207886286844,0.5711155474037906,0.18173575993007096,176.895736927366,1,10,222077,2019-01-01,15,3.7012833333333335,-0.8660254037844386,0.5000000000000001,0.757220102462313,0.17313700465373263,0.4983707995109331,2019,2010,2
track_907,Song 907,Artist 7,0.3905447489431946,0.4274672686588552,-23.442365393759513,0.018442312989449157,0.843993317693105,0.09263536883615897,0.3811604666598728,0.22003683238845706,186.40614156287194,0,0,330103,2021-01-01,3,5.501716666666667,0.0,1.0,0.1669450971198057,0.09405854374544007,0.6637977322733483,2021,2020,0
track_908,Song 908,Artist 8,0.3205099184165986,0.39096913854089044,-21.178237130547856,0.04255350505635326,0.7577695163157702,0.2050532211194819,0.7587385891668823,0.8234911245501958,174.01868761005449,0,8,314626,1975-01-01,88,5.243766666666667,-0.8660254037844385,-0.5000000000000004,0.12530948669714861,0.3219596155614592,0.6596529623679827,1975,1970,4
track_909,Song 909,Artist 9,0.42273854694217683,0.23251036479587578,-21.18566714460421,0.019667776021999345,0.2801288222594056,0.6816726764325568,0.15620851296342447,0.2806294315001653,124.28227825262759,0,0,122064,1973-01-01,33,2.0344,0.0,1.0,0.098291093762804,0.06524925149056267,0.5464433521463222,1973,1970,4
track_910,Song 910,Artist 10,0.6017507011375866,0.3719877517862913,-23.317916798596855,0.002003062856136337,0.42678712372479477,0.09358884404633398,0.5321250431118035,0.39217549817765973,95.25038346856381,1,1,215614,1992-01-01,91,3.593566666666667,0.49999999999999994,0.8660254037844387,0.2238438904519953,0.14588448187277642,0.5343014690468972,1992,1990,4
track_911,Song 911,Artist 11,0.3278540946994448,0.8802191780270985,-29.957259159496967,0.015872615752575574,0.5119009161282282,0.051869966671823,0.3364850340972095,0.8341446658551053,111.8448245630731,0,1,302639,2013-01-01,45,5.043983333333333,0.49999999999999994,0.8660254037844387,0.2885834617491638,0.7342301321346695,0.36771292258797755,2013,2010,3
track_912,Song 912,Artist 12,0.6305265716717638,0.9867375604882501,-8.849000971448106,0.0003199738222914366,0.29719255735418654,0.0255159511425464,0.7676110029431584,0.6468330464598403,62.833072569593064,1,5,237639,2014-01-01,74,3.96065,0.49999999999999994,-0.8660254037844387,0.6221642511544161,0.6382544623069658,0.23147079560903505,2014,2010,2
track_913,Song 913,Artist 13,0.4479999043625543,0.4277954821510951,-1.9614805058207239,0.19164854800767622,0.3225784524549247,0.029718856886611075,0.29748117146770736,0.3575406914075195,133.3590434450534,0,6,150011,1988-01-01,76,2.500183333333333,1.2246467991473532e-16,-1.0,0.19165233509042343,0.1529542924693157,0.4298896959082098,1988,1980,1
track_914,Song 914,Artist 14,0.5692401037241832,0.49926346154954293,-23.495488984733694,0.16869936262375718,0.8610499518099599,0.06528788973570614,0.7716394321188502,0.6653295911521587,130.70809203785723,0,10,191152,2014-01-01,30,3.1858666666666666,-0.8660254037844386,0.5000000000000001,0.28420078463815657,0.33217475474996894,0.6329786285829807,2014,2010,0
track_915,Song 915,Artist 15,0.47070754976501916,0.742643135000436,-10.771631437700751,0.025139177196934488,0.08121967209929504,0.04577236597024536,0.7261143883255619,0.06771489384327234,133.53506507626835,0,0,324583,2000-01-01,24,5.409716666666666,0.0,1.0,0.3495677304258676,0.05028800104998949,0.09858385742810422,2000,2000,1
track_916,Song 916,Artist 16,0.35029589561063,0.8887142446139163,-8.485006518197263,0.06516587890408428,0.6111063704256653,0.24512535914335803,0.25278742648299224,0.7120783940102287,196.36437149608895,0,2,130960,2013-01-01,73,2.1826666666666665,0.8660254037844386,0.5000000000000001,0.31131295225895633,0.6328342120386911,0.4074527025732575,2013,2010,3
track_917,Song 917,Artist 17,0.9061853109178332,0.6278094574262378,-5.395664006374783,0.021217574292857033,0.9979579973236479,0.04593335062666051,0.6526563326198208,0.4883144364646155,187.60356048367748,0,1,344600,2021-01-01,23,5.743333333333333,0.49999999999999994,0.8660254037844387,0.5689117083749515,0.3065684214102493,0.6138377174240212,2021,2020,0
track_918,Song 918,Artist 18,0.7490649250357967,0.4484578713782681,-17.743753286605333,0.0555990360274469,0.5954195244749306,0.04675180666500419,0.7967031513526295,0.781863932556015,82.63978896621512,0,7,241789,1972-01-01,64,4.029816666666667,-0.4999999999999997,-0.8660254037844388,0.33592406180567536,0.35063303490151226,0.5703916537024154,1972,1970,0
track_919,Song 919,Artist 19,0.21909619940148467,0.4672334383552751,-21.21500373642755,0.08184817523676713,0.6974778545981254,0.04837529391839626,0.23949725162846175,0.9091738868058215,111.64355301782449,1,8,178920,1997-01-01,24,2.982,-0.8660254037844385,-0.5000000000000004,0.10236907057692865,0.4247964411951136,0.598841326581612,1997,1990,3
track_920,Song 920,Artist 20,0.8381977795132258,0.7191001503821581,-20.566441113332097,0.1466437376242599,0.15080166465768427,0.18116777906666115,0.37758287699248977,0.8832096945451114,119.35386512485667,0,1,141387,1972-01-01,27,2.35645,0.49999999999999994,0.8660254037844387,0.6027481492979517,0.6351162241663696,0.17335461163069968,1972,1970,2
track_921,Song 921,Artist 21,0.5143165185120866,0.10286425460780803,-9.33398134014313,0.025558973972415768,0.987403984314238,0.10520770101203691,0.44013555242506974,0.8683385391098066,110.47460849923068,0,1,266396,1983-01-01,35,4.439933333333333,0.49999999999999994,0.8660254037844387,0.05290478530922869,0.08932099657276321,0.9056515116307313,1983,1980,4
track_922,Song 922,Artist 22,0.8603693928599777,0.6514345103392581,-6.313395471336555,0.07646160312407585,0.0027361958507525048,0.0952355441279677,0.27119835185289826,0.5109529603404984,171.78943490454782,0,9,183960,1987-01-01,81,3.066,-1.0,-1.8369701987210297e-16,0.5604743141486244,0.332852391525807,0.004182687549555605,1987,1980,2
track_923,Song 923,Artist 23,0.7798769675552178,0.41638877929280804,-24.733194935058524,0.015457438820776305,0.5280526519192934,0.04066803798275884,0.06144862973452232,0.3741279027250442,133.36527378146218,1,8,242994,1996-01-01,5,4.0499,-0.8660254037844385,-0.5000000000000004,0.32473201851889405,0.15578266071505958,0.5591157644638947,1996,1990,0
track_924,Song 924,Artist 24,0.4614314787988484,0.806835624836605,-19.24271076342481,0.2319482619614794,0.09630674875753074,0.1703222229537659,0.215096933148145,0.46853179225760544,140.09397437602752,0,3,322851,2020-01-01,65,5.38085,1.0,6.123233995736766e-17,0.3722993555159475,0.3780281413619795,0.10663506102499525,2020,2020,1
track_925,Song 925,Artist 25,0.1190989120720998,0.18276166944258765,-3.843734294274647,0.0013053725868436596,0.439641109146693,0.003911913412253491,0.26145266325631883,0.6709064029820246,179.42189825830957,1,4,152628,1979-01-01,66,2.5438,0.8660254037844387,-0.4999999999999998,0.021766715999092915,0.12261597424871629,0.7063599616042958,1979,1970,4
track_926,Song 926,Artist 26,0.32837575547720416,0.6235000175840676,-6.605887928852564,0.04625759462519728,0.7214382919206933,0.20463718019452123,0.38269977598864036,0.8455979991840681,172.8299414781502,0,10,241269,2018-01-01,71,4.02115,-0.8660254037844386,0.5000000000000001,0.20474228931421828,0.5272303673603188,0.5364095515851525,2018,2010,3
track_927,Song 927,Artist 27,0.5603890824617369,0.5280658719986502,-1.4391063198882001,0.05386788604024059,0.1282282920218671,0.07189777349381096,0.1783268588100514,0.2362876727001076,78.50961319484196,0,8,326168,1984-01-01,94,5.436133333333333,-0.8660254037844385,-0.5000000000000004,0.29592234948868057,0.12477545592691396,0.19538204614571622,1984,1980,1
track_928,Song 928,Artist 28,0.6384564868522251,0.6716697180556523,-8.12680046921966,0.05824490590486503,0.9702959917560687,0.05079135926196764,0.7049407675187545,0.8763738426155326,159.9480417717088,1,5,167452,1988-01-01,47,2.7908666666666666,0.49999999999999994,-0.8660254037844387,0.42883188851483633,0.5886337717809235,0.5909352400130752,1988,1980,3
track_929,Song 929,Artist 29,0.3192045326182219,0.15771969908984185,-18.597339170190253,0.00641369494850031,0.4137606834994436,0.06874977302338833,0.5786833495485021,0.7836622087729002,120.96105804628498,1,9,161098,1978-01-01,82,2.6849666666666665,-1.0,-1.8369701987210297e-16,0.05034484283265957,0.12359896775574264,0.7240142830633676,1978,1970,4
track_930,Song 930,Artist 30,0.21845266296190052,0.6161855708110369,-12.871502814155505,0.13946012527945165,0.00020156145438433854,0.1100861407642541,0.11390035816974649,0.9309704136604111,101.25084642875007,0,11,321531,1973-01-01,69,5.35885,-0.5000000000000004,0.8660254037844384,0.13460737882236973,0.5736505357495275,0.00032700411288506885,1973,1970,3
track_931,Song 931,Artist 31,0.8096907012794042,0.5997212832839761,-10.83058662682771,0.009994750205818288,0.004327793774224764,0.001284760468362241,0.5375693383549486,0.8422265959535183,67.00263492630609,1,8,290307,1984-01-01,77,4.83845,-0.8660254037844385,-0.5000000000000004,0.4855887464343869,0.5051012149411389,0.007164627468142473,1984,1980,2
track_932,Song 932,Artist 32,0.9367418535980193,0.5989874840303921,-27.724781326803406,0.04874281012770189,0.5818935990887154,0.20522300083002293,0.5402423573042153,0.301943596722716,128.21493844836314,1,8,206861,2020-01-01,66,3.4476833333333334,-0.8660254037844385,-0.5000000000000004,0.5610966460726435,0.180860435320027,0.4927618154318494,2020,2020,2
track_933,Song 933,Artist 33,0.546836654957283,0.6371040232708448,-14.209588185987913,0.012594906445104132,0.019048772115444115,0.059192636721871465,0.7671658802327208,0.1453603202096429,109.7611353014344,0,6,147949,2017-01-01,47,2.4658166666666665,1.2246467991473532e-16,-1.0,0.3483918329452557,0.09260964482950178,0.029030956232189098,2017,2010,1
track_934,Song 934,Artist 34,0.24592739297105798,0.7020564641314624,-9.429695974294322,0.01835188093194587,0.20729406864659367,0.042002030243529914,0.05226565351712094,0.15101696479242976,95.2118255546961,0,11,273893,1977-01-01,64,4.564883333333333,-0.5000000000000004,0.8660254037844384,0.17265491594232962,0.10602243632603879,0.22795812309604102,1977,1970,1
track_935,Song 935,Artist 35,0.3314612275414636,0.816440209715885,-25.14768218396925,0.03953342975723864,0.3797055558740401,0.014878492782997363,0.23594933735435542,0.31210098672044845,157.25404214357405,0,9,322684,2018-01-01,43,5.378066666666666,-1.0,-1.8369701987210297e-16,0.27061827412663725,0.2548117950505776,0.31744060745486685,2018,2010,1
track_936,Song 936,Artist 36,0.11563207506534673,0.3401404409141108,-7.361680194658842,0.02699499559696459,0.8250807870907855,0.057886426203267165,0.7458436095314867,0.6027653515860854,167.72795422418218,1,8,273104,2022-01-01,93,4.551733333333333,-0.8660254037844385,-0.5000000000000004,0.03933114499654059,0.20502487245624007,0.708088781058954,2022,2020,4
track_937,Song 937,Artist 37,0.8771539855764241,0.8342939750602553,-13.070589365090761,0.00873109979039669,0.2690788067751466,0.06858196352817866,0.7491004365487124,0.7738882934874552,94.27053266411947,0,4,193537,1970-01-01,62,3.225616666666667,0.8660254037844387,-0.4999999999999998,0.7318042853665007,0.6456503406262465,0.24386913229671703,1970,1970,2
track_938,Song 938,Artist 38,0.20008842045661995,0.5434475572144737,-2.385568214769755,0.009372920538554411,0.7938570916173014,0.051692199307599475,0.5904398145279781,0.8593252762834082,66.92264113510862,0,4,266375,1976-01-01,45,4.439583333333333,0.8660254037844387,-0.4999999999999998,0.10873756332405264,0.4669982222488709,0.5936242715424018,1976,1970,3
track_939,Song 939,Artist 39,0.5900390041871155,0.16858186842955475,-28.76975335200014,0.02707668195564177,0.9657618123751756,0.11352558183533512,0.624322490785655,0.6113780459323095,178.82537807913292,1,11,236003,2022-01-01,18,3.9333833333333335,-0.5000000000000004,0.8660254037844384,0.0994698777721778,0.10306725330007888,0.8513830308527052,2022,2020,4
track_940,Song 940,Artist 40,0.3329469375841251,0.1521103270271415,-22.305542010891457,0.07079295169368648,0.5621000913704968,0.05462741105691282,0.11861221844723534,0.05506818147324836,61.39436376860247,1,7,333065,2000-01-01,63,5.551083333333334,-0.4999999999999997,-0.8660254037844388,0.05064466755860653,0.008376439092685782,0.7870219894153899,2000,2000,4
track_941,Song 941,Artist 41,0.5710513021384244,0.39747210363949415,-12.554937500305101,0.11412179631090616,0.01258021726913249,0.32549584908566725,0.4354068760836752,0.21768509886668014,191.19574914900608,0,9,358051,1987-01-01,82,5.967516666666667,-1.0,-1.8369701987210297e-16,0.2269769623470319,0.08652375417751061,0.030679466858740005,1987,1980,1
track_942,Song 942,Artist 42,0.6537073300990845,0.7985583096292062,-21.399762546028008,0.0043939146649804705,0.34843915010586485,0.09144861556606643,0.22368724346674956,0.13975358346803113,147.8667823575788,1,3,263375,1981-01-01,72,4.389583333333333,1.0,6.123233995736766e-17,0.5220234205161465,0.11160138537885511,0.3037834507522756,1981,1980,1
track_943,Song 943,Artist 43,0.8052805331511214,0.729836031919415,-9.281699241933975,0.02496988423583337,0.36022735769339453,0.1647544511832584,0.18591353271021294,0.376992028012109,105.05852892818484,1,8,170701,2017-01-01,70,2.8450166666666665,-0.8660254037844385,-0.5000000000000004,0.5877227488969654,0.2751423657896106,0.3304642928674582,2017,2010,2
track_944,Song 944,Artist 44,0.2754580809965127,0.8018673185584417,-7.988846806864,0.005281670073437333,0.1969337302095279,0.011581037363231031,0.6577274743424995,0.5012158942703713,94.50690734074307,1,6,170511,1999-01-01,49,2.84185,1.2246467991473532e-16,-1.0,0.2208808327839277,0.40190864515745406,0.19716993017029474,1999,1990,1
track_945,Song 945,Artist 45,0.10934645435970841,0.5603694602330324,-27.02703704207224,0.0008365838868808264,0.043429662665836345,0.05063212718510272,0.1512786025104106,0.08905746072070475,61.260792997026535,0,6,200664,2002-01-01,62,3.3444,1.2246467991473532e-16,-1.0,0.06127441360794571,0.049905081193785804,0.071927217333658,2002,2000,1
track_946,Song 946,Artist 46,0.2163527855584862,0.49177710818038656,-15.098220538003735,0.05419387148993198,0.6956403955945462,0.0410750603934765,0.4014887277472889,0.36363017821608973,92.96599838152281,0,2,269352,2016-01-01,40,4.4892,0.8660254037844386,0.5000000000000001,0.10639734722872364,0.1788249974902272,0.5858426438387389,2016,2010,0
track_947,Song 947,Artist 47,0.8650158455708893,0.23123274876859273,-15.24217388785938,0.04612165814772763,0.20908155848519056,0.08427670456993339,0.7539336796895248,0.2112617071627903,79.28196221239975,0,3,159427,1976-01-01,6,2.6571166666666666,1.0,6.123233995736766e-17,0.20001999169974524,0.048850625256797495,0.4748450826958937,1976,1970,0
track_948,Song 948,Artist 48,0.842806565928138,0.3920915507122873,-19.290857663749307,0.008897702242621857,0.05150209646266822,0.19740983706146908,0.1893740416740069,0.6323631496329866,145.7032709012404,1,6,217180,1997-01-01,8,3.619666666666667,1.2246467991473532e-16,-1.0,0.33045733338526123,0.24794424795290387,0.1161017085996432,1997,1990,1
track_949,Song 949,Artist 49,0.607801136844762,0.486277235894749,-2.945178985479508,0.013316439793397285,0.004502796927110553,0.008157695326880186,0.7834950678036761,0.46784513239190595,83.31638240313218,0,10,223550,2018-01-01,3,3.7258333333333336,-0.8660254037844386,0.5000000000000001,0.29555985679855695,0.22750243780634893,0.00917475742943992,2018,2010,1
track_950,Song 950,Artist 0,0.6104393313686053,0.17885438241485935,-6.002316723676586,0.0011996652324404327,0.5224944544560826,0.007534313254465394,0.7957159893207943,0.49578588224051784,134.0081772551267,0,10,258039,1972-01-01,88,4.30065,-0.8660254037844386,0.5000000000000001,0.10917974961367158,0.088673477778134,0.7449840678471973,1972,1970,4
track_951,Song 951,Artist 1,0.6652811733643171,0.29634463791297805,-9.780927924620535,0.09007449453855673,0.018069362052657974,0.18992402855194068,0.4667128660118022,0.43492260923011494,142.61629912822593,1,4,257733,2012-01-01,48,4.29555,0.8660254037844387,-0.4999999999999998,0.19715250843096974,0.12888698315246605,0.05746978374006605,2012,2010,1
track_952,Song 952,Artist 2,0.24906558682993216,0.6324205117167275,-9.28452756368507,0.18382896273127106,0.8238675032912592,0.023933656082514146,0.17760705513286845,0.9104177394379103,101.72583776856803,1,11,197952,1975-01-01,75,3.2992,-0.5000000000000004,0.8660254037844384,0.15751418587401272,0.5757668526513096,0.5657307682752389,1975,1970,3
track_953,Song 953,Artist 3,0.8772501540362158,0.754740171672879,-16.610231829419547,0.0072778584813495435,0.1801954805311145,0.11048917264841229,0.2870786659556717,0.24326161260940687,64.90909286262062,0,2,186046,2000-01-01,5,3.1007666666666664,0.8660254037844386,0.5000000000000001,0.662095931857353,0.18359931126224513,0.19273549721933214,2000,2000,2
track_954,Song 954,Artist 4,0.45595494615826215,0.9885292851397252,-3.2911588881992984,0.013164123188918736,0.15066397068219362,0.07828052548429985,0.36836962450740135,0.5149978338594868,65.21554328598745,1,0,226918,2007-01-01,81,3.7819666666666665,0.0,1.0,0.45072481698174877,0.5090904405536255,0.13225485461519543,2007,2000,2
track_955,Song 955,Artist 5,0.4256677490120728,0.9304708648957664,-9.856732609654724,0.10140303165636087,0.6946917731353955,0.1789124513099422,0.2819931682686672,0.7124156315288023,63.68862650714846,0,6,155200,1984-01-01,20,2.5866666666666664,1.2246467991473532e-16,-1.0,0.3960714385814974,0.6628819888338683,0.42745958430191944,1984,1980,3
track_956,Song 956,Artist 6,0.5410800494904119,0.6718830275863205,-8.859549211981324,0.13049887246049577,0.046989056333508056,0.013363300902889862,0.26047668490738685,0.5511599718211063,163.47745339911648,0,5,187442,1976-01-01,14,3.124033333333333,0.49999999999999994,-0.8660254037844387,0.36354250181817405,0.37031503055155596,0.06536488482402056,1976,1970,1
track_957,Song 957,Artist 7,0.13992107175879678,0.4749107674317241,-5.010963790166986,0.027204246914178967,0.8853761814669378,0.013901263375799493,0.7791722819122682,0.886118797145121,104.52135867400173,0,9,312743,2012-01-01,66,5.212383333333333,-1.0,-1.8369701987210297e-16,0.06645002356883951,0.4208273579878657,0.6508740904334044,2012,2010,3
track_958,Song 958,Artist 8,0.2413408634426675,0.6661978545903271,-22.05192390907646,0.0025974371557295007,0.17095779546691917,0.08137755710278993,0.16502362056180925,0.3901715200771557,171.4820260354729,1,6,211070,1999-01-01,65,3.5178333333333334,1.2246467991473532e-16,-1.0,0.1607807654504822,0.25993142959764787,0.20421243199254138,1999,1990,1
track_959,Song 959,Artist 9,0.7273285739624148,0.7992299400914065,-6.594943787865613,0.0020094344265427083,0.6550496681655239,0.2925808031949795,0.5999959315376467,0.4673082251958602,120.44259533799888,1,1,178168,1996-01-01,55,2.9694666666666665,0.49999999999999994,0.8660254037844387,0.5813027725947488,0.37348672482750883,0.45042866173582036,1996,1990,2
track_960,Song 960,Artist 10,0.17037886773635752,0.20531920992181474,-24.33802251426173,0.04265991271765617,0.9586824783672356,0.05361395999127575,0.050307717079381156,0.12967008369325556,123.41973411619495,0,11,168322,1986-01-01,67,2.8053666666666666,-0.5000000000000004,0.8660254037844384,0.034982054511002295,0.026623759134394822,0.8236084744584123,1986,1980,4
track_961,Song 961,Artist 11,0.61267929304643,0.4648153518296966,-19.985083384898253,0.024952685018443055,0.05369497022370765,0.039592392072697324,0.49713700205178263,0.5980991999467357,131.80356435134033,0,3,333056,1987-01-01,31,5.550933333333333,1.0,6.123233995736766e-17,0.2847827411561461,0.27800569005230197,0.10355602267480925,1987,1980,1
track_962,Song 962,Artist 12,0.3085467432291228,0.8474240342156993,-20.26729682617456,0.001453546083980355,0.9939150714516015,0.0933155453200115,0.7369572529655393,0.3093907716032954,159.82440389251454,0,1,288768,1991-01-01,65,4.8128,0.49999999999999994,0.8660254037844387,0.2614699258913388,0.2621851758211726,0.5397781042147057,1991,1990,0
track_963,Song 963,Artist 13,0.43090127193568006,0.4416113272204092,-1.6227614167149227,0.04376372488848829,0.9979841941605208,0.26656892392483506,0.2659505705699143,0.19427813556401197,98.29040121615898,0,7,190246,2022-01-01,28,3.1707666666666667,-0.4999999999999997,-0.8660254037844388,0.19029088260047813,0.0857954252963299,0.6932388202794534,2022,2020,0
track_964,Song 964,Artist 14,0.34538967625509487,0.608966321392196,-5.160420511310122,0.0005683447831209117,0.5493149140644992,0.18135624328727462,0.18914448144328938,0.5400781636140572,77.02222893469377,1,6,289964,1995-01-01,65,4.8327333333333335,1.2246467991473532e-16,-1.0,0.21033068059590662,0.328889412560305,0.47424962349345856,1995,1990,3
track_965,Song 965,Artist 15,0.40232180899520675,0.6231147311673564,-9.666074013882469,0.07741054610960924,0.013116343453356109,0.5400042439159688,0.5387598461588202,0.5290792370419195,137.8480269268046,0,0,357213,2020-01-01,33,5.95355,0.0,1.0,0.25069264585481277,0.3296770665556057,0.020615658934163873,2020,2020,1
track_966,Song 966,Artist 16,0.7111890194066086,0.264183865288939,-8.915353913153687,0.018295358843611612,0.6435160329439665,0.002282715142793755,0.584451055473795,0.11828447710164279,105.7768672539835,0,1,135583,1996-01-01,26,2.259716666666667,0.49999999999999994,0.8660254037844387,0.18788466409788812,0.03124885036439299,0.7089516317508896,1996,1990,0
track_967,Song 967,Artist 17,0.35255345827969875,0.42238954307053667,-13.699888962325439,0.002054539188773371,0.9574029605806277,0.011975038241641473,0.566022889213986,0.6783939081450255,121.94878391352523,1,1,202720,2009-01-01,59,3.3786666666666667,0.49999999999999994,0.8660254037844387,0.14891489415069947,0.28654649288321293,0.6938740891641969,2009,2000,4
track_968,Song 968,Artist 18,0.5814439442523626,0.39771504698031956,-2.534370653852946,0.04437936002857341,0.6970606597125255,0.09402447609114906,0.28948766001603055,0.6113949715857676,150.57253916722277,0,3,306287,1993-01-01,38,5.104783333333334,1.0,6.123233995736766e-17,0.23124900560475067,0.24316097984776472,0.6367149167963579,1993,1990,0
track_969,Song 969,Artist 19,0.5046428418692347,0.12331507059353768,-15.608496166411514,0.025348687125828058,0.013800502775988436,0.17180060076229353,0.23915180161949817,0.2201155544718475,129.17760375977787,0,2,275925,2021-01-01,43,4.59875,0.8660254037844386,0.5000000000000001,0.062230067669628145,0.027143565138431563,0.10064795550860497,2021,2020,1
track_970,Song 970,Artist 20,0.6641204905582508,0.12153066986330617,-18.964986413773058,0.18210058226649917,0.1300137281681352,0.03358145321856739,0.7669390999715332,0.4724913759386394,146.83903439411802,0,0,257181,1977-01-01,81,4.28635,0.0,1.0,0.08071100808749172,0.057422193422458065,0.5168598956117036,1977,1970,4
track_971,Song 971,Artist 21,0.8963052784260442,0.8402103688714384,-25.271975228983862,0.03928491138909639,0.9260849803440344,0.02733993420346303,0.7424746312024472,0.6982906248307039,136.1880002959079,0,11,359285,1990-01-01,35,5.988083333333333,-0.5000000000000004,0.8660254037844384,0.753084988607764,0.5867110234684729,0.5243089477908783,1990,1990,2
track_972,Song 972,Artist 22,0.7226862826287127,0.34303302087580306,-7.200036084429318,0.016095679171834024,0.9953673223844597,0.15463495017981055,0.3929874574196152,0.5264921664871488,163.57149207105388,0,1,179757,1998-01-01,18,2.99595,0.49999999999999994,0.8660254037844387,0.2479052586756317,0.18060419833753288,0.7436986875400219,1998,1990,0
track_973,Song 973,Artist 23,0.28269932180214324,0.5610901019525457,-8.701125969807848,0.06179706380335598,0.9831020689661254,0.0058033700871795825,0.6846453996157801,0.40594016856521314,158.8311264796268,1,10,126659,2012-01-01,90,2.1109833333333334,-0.8660254037844386,0.5000000000000001,0.15861979129188009,0.22776901056688903,0.6366444868948997,2012,2010,4
track_974,Song 974,Artist 24,0.12650566480209197,0.365865760494008,-18.85370388280009,0.01583783377143509,0.9512535033720335,0.04610560149370293,0.38924260822572204,0.3401046122728492,134.7865848532067,1,8,121238,1990-01-01,44,2.0206333333333335,-0.8660254037844385,-0.5000000000000004,0.04628409125961744,0.1244326326167257,0.7222222066342618,1990,1990,4
track_975,Song 975,Artist 25,0.32292443765485135,0.9372045281526531,-29.26939099518235,0.11729722948735802,0.9454475185594999,0.07048336472616727,0.3682917635543828,0.5993544799796482,155.04642292035896,1,0,241270,1972-01-01,83,4.021166666666667,0.0,1.0,0.3026462452212758,0.561717732605505,0.5021889297184207,1972,1970,3
track_976,Song 976,Artist 26,0.6058162410952166,0.33077411539053864,-5.669077496177689,0.02347794404863573,0.6012668999046312,0.08217733079230125,0.16757221069947098,0.8951978284792165,182.2983443181658,1,8,239211,2000-01-01,20,3.98685,-0.8660254037844385,-0.5000000000000004,0.20038833123749156,0.296108269814744,0.6451070767600696,2000,2000,4
track_977,Song 977,Artist 27,0.1437119414616128,0.4823945633376522,-29.668878479831864,0.03991078280730405,0.9997396400559714,0.13042173798349463,0.3698045423689796,0.654570356429735,120.5179802903436,0,6,135064,1996-01-01,22,2.2510666666666665,1.2246467991473532e-16,-1.0,0.06932585924778094,0.3157611812636934,0.6745266138790051,1996,1990,4
track_978,Song 978,Artist 28,0.5219113101210509,0.8767299229312956,-9.592706390757524,0.0025948371804906177,0.1358880093815977,0.043826580230776874,0.4530627039498552,0.11727131327268395,117.7868301848311,1,1,282187,2015-01-01,93,4.703116666666666,0.49999999999999994,0.8660254037844387,0.4575752626994004,0.10281526944761202,0.13419461659799298,2015,2010,1
track_979,Song 979,Artist 29,0.6073164215793558,0.8493208744447097,-1.8625438179443456,0.02776685604582263,0.2606690957692049,0.0948515271575828,0.06687824557151485,0.4646164761339203,166.99438691933324,1,1,283024,1996-01-01,88,4.717066666666667,0.49999999999999994,0.8660254037844387,0.5158065142404105,0.3946084717914808,0.2348389336167027,1996,1990,2
track_980,Song 980,Artist 30,0.38410730719441666,0.26563026188318684,-17.3078214837021,0.08929787854022803,0.8031451713979549,0.08803818014102402,0.3830847538815548,0.8517417183595648,141.55753718587917,1,4,256692,1978-01-01,94,4.2782,0.8660254037844387,-0.4999999999999998,0.10203052460129859,0.22624837570468675,0.7514622762894395,1978,1970,4
track_981,Song 981,Artist 31,0.7552753731839486,0.8143525457181823,-23.18577125511737,0.08190442374357615,0.7807527942588066,0.07932241247937977,0.6360171637964003,0.1350161832209782,69.94094923116239,1,4,219790,2002-01-01,26,3.6631666666666667,0.8660254037844387,-0.4999999999999998,0.6150604228705986,0.10995077251915612,0.4894675512794149,2002,2000,0
track_982,Song 982,Artist 32,0.19060851516370603,0.5077863291967245,-9.55874070874193,0.012700667853467752,0.9820414504026543,0.10229946304174327,0.5600345422807025,0.9399881409237889,184.89568219675138,1,3,222985,2002-01-01,97,3.7164166666666665,1.0,6.123233995736766e-17,0.09678839822861648,0.47731312756814415,0.6591639682693802,2002,2000,3
track_983,Song 983,Artist 33,0.16386711447543745,0.5298422961559661,-6.30328388154803,0.012814278476968212,0.9951943331235464,0.030036100626345326,0.5263677416479513,0.9041624542808792,64.30963431326961,1,11,164258,1995-01-01,71,2.737633333333333,-0.5000000000000004,0.8660254037844384,0.08682372819811833,0.47906351087419474,0.652570345817444,1995,1990,3
track_984,Song 984,Artist 34,0.7189604427730628,0.21879717545018998,-14.153520833742428,0.08499694460871768,0.07471448969898405,0.008844741150431103,0.732166571327902,0.12044703265688828,164.77548986936404,1,9,255542,1997-01-01,18,4.259033333333333,-1.0,-1.8369701987210297e-16,0.1573065141391641,0.026353470536683948,0.25455286456211823,1997,1990,1
track_985,Song 985,Artist 35,0.5211676187752687,0.17173534724384093,-1.9559770175717617,0.13324840065913937,0.863269484263025,0.012700606841010332,0.06352400736892251,0.8900719884045994,166.2311799786038,1,9,273075,2013-01-01,40,4.55125,-1.0,-1.8369701987210297e-16,0.08950290198261648,0.15285682200067985,0.8340720969718501,2013,2010,4
track_986,Song 986,Artist 36,0.6851420369635756,0.747865983206651,-28.50160707191913,0.005010961143187671,0.9995586885260102,0.02543535336705521,0.4677856896441756,0.37681933123351596,193.43555193947026,0,11,278643,2012-01-01,25,4.64405,-0.5000000000000004,0.8660254037844384,0.5123944231099721,0.2818103596442261,0.5720178572945521,2012,2010,0
track_987,Song 987,Artist 37,0.46960323781318425,0.5418504255962168,-15.360927649168683,0.029897181178911148,0.010895984673269295,0.06935431299831439,0.6405116363072804,0.8102382503682762,67.5788171763249,1,2,144668,2000-01-01,27,2.4111333333333334,0.8660254037844386,0.5000000000000001,0.25445471427043526,0.4390279407963845,0.019712411982096986,2000,2000,1
track_988,Song 988,Artist 38,0.3094417282532408,0.48879712532750985,-9.164835527646048,0.020583285530942835,0.004448943125202086,0.18353524904115132,0.4560015370259504,0.42654500394194433,143.55996050982873,0,3,197259,2022-01-01,63,3.28765,1.0,6.123233995736766e-17,0.1512542272265606,0.20849397174963374,0.00901970515335888,2022,2020,1
track_989,Song 989,Artist 39,0.7962369700230697,0.749262323500633,-4.9834263366738085,0.10227653561256954,0.8265848050389749,0.12082932643813793,0.2929216644352844,0.44676960143226424,119.8976798877874,1,9,232192,1970-01-01,67,3.869866666666667,-1.0,-1.8369701987210297e-16,0.5965903622165891,0.33474762963859006,0.5245332910380135,1970,1970,2
track_990,Song 990,Artist 40,0.7795034971236323,0.7813064801020877,-24.80158725467409,0.004361019833273402,0.9754189412568823,0.1556089601000968,0.15218792381898338,0.6208187818797883,106.28861368033589,1,3,216576,1989-01-01,94,3.6096,1.0,6.123233995736766e-17,0.609031133564933,0.48504973725176315,0.5552480621896247,1989,1980,2
track_991,Song 991,Artist 41,0.6904920002262627,0.2414282692257247,-6.79989902885324,0.011857429694568055,0.5316655892105949,0.04322850035474704,0.7156723038621435,0.747029677348385,72.64459844187023,1,1,225481,1981-01-01,79,3.758016666666667,0.49999999999999994,0.8660254037844387,0.1667042885288353,0.18035408206247214,0.6877106779444305,1981,1980,4
track_992,Song 992,Artist 42,0.3313233666454683,0.6431003830351008,-13.971494804162187,0.06981083881060722,0.9473129527172197,0.05186120958927265,0.4030717942907022,0.08041023585342377,138.77157675398328,0,4,231505,1986-01-01,50,3.858416666666667,0.8660254037844387,-0.4999999999999998,0.2130741839981798,0.05171185347727962,0.5956390931732317,1986,1980,0
track_993,Song 993,Artist 43,0.601696066838724,0.22046513322714012,-18.499943222291066,0.002632808448768751,0.0008820555345417757,0.05003504900363956,0.7085863977392761,0.5838403959744208,127.06570159444591,0,4,283118,1984-01-01,73,4.718633333333333,0.8660254037844387,-0.4999999999999998,0.13265300353784548,0.12871645068188692,0.003984923208436348,1984,1980,1
track_994,Song 994,Artist 44,0.40682781239902277,0.7687238265658507,-26.180264171206286,0.03391641430948137,0.15857854676035124,0.021303628278197467,0.4893890918248762,0.21805969468763386,74.63762414114339,1,4,322049,2003-01-01,47,5.367483333333333,0.8660254037844387,-0.4999999999999998,0.3127382327007908,0.167627682920059,0.17101042800214997,2003,2000,1
track_995,Song 995,Artist 45,0.17784476232763902,0.6846900890777542,-4.906422991641541,0.029179407671138496,0.9999035140026415,0.006317055924404737,0.5556440874612506,0.3613545660768826,145.74853099359166,0,10,328327,2019-01-01,9,5.4721166666666665,-0.8660254037844386,0.5000000000000001,0.12176854616012318,0.24741589003583397,0.5935573533087724,2019,2010,0
track_996,Song 996,Artist 46,0.8797165391429064,0.9513870127642776,-25.439076962788256,0.020353408039696878,0.08318397372611155,0.08938349919684613,0.6531958657838376,0.3631717995396948,163.31343683541138,1,10,125397,1985-01-01,72,2.08995,-0.8660254037844386,0.5000000000000001,0.8369508902544984,0.3455169334842973,0.08040423944620727,1985,1980,2
track_997,Song 997,Artist 47,0.2162958362811172,0.16137263455721484,-21.016152082936124,0.025091007693553886,0.3647588074765374,0.4529755100391046,0.5443666584501008,0.4721543061990382,167.41896214751074,0,9,219925,1973-01-01,38,3.6654166666666668,-1.0,-1.8369701987210297e-16,0.0349042289444399,0.0761927843088727,0.6932832464513518,1973,1970,4
track_998,Song 998,Artist 48,0.907701750747682,0.15077870182461633,-21.58867957308933,0.03774480907402323,0.051985365114197817,0.018251722187543364,0.34854113050920327,0.350722770688556,186.75224635673982,0,0,203481,1977-01-01,99,3.39135,0.0,1.0,0.13686209162166696,0.05288152406475308,0.2563822550848208,1977,1970,1
track_999,Song 999,Artist 49,0.47910490701426234,0.3511464964769482,-4.728993008465224,0.008799126053415917,0.9706028362341378,0.004780970587003191,0.4352250379464882,0.14662500660560096,117.32590386442881,0,5,273305,2003-01-01,99,4.555083333333333,0.49999999999999994,-0.8660254037844387,0.16823600954297224,0.05148685736546616,0.7343314483933605,2003,2000,0
