bucket,rows,coverage_80,coverage_90
B0_VERY_LOW,17110,0.16312098188194038,0.34108708357685563
B1_LOW,14771,0.9817886399025116,0.9977658926274456
B2_MEDIUM,37832,0.8317297525903996,0.9885810953689997
B3_HIGH,15405,0.05660499837715027,0.4175916910094125
B4_VERY_HIGH,758,0.0,0.0
