,rows,proportion,actual_mean,actual_median,predicted_mean,predicted_median,MAE,RMSE,R2,mean_residual,median_residual,residual_std,within_5,within_10,within_15,severe_rate,very_severe_rate,underprediction_rate,overprediction_rate
0,17110,0.19924076575527505,4.18188194038574,2.0,31.985000610351562,33.986629486083984,28.029067993164062,29.59363759713342,-32.15937042236328,-27.80312036700266,-30.268728256225586,10.137846278033207,0.0380479251899474,0.0706019871420222,0.10835768556399766,0.8916423144360024,0.7081239041496201,0.022910578609000583,0.9770894213909994
1,14771,0.17200381946061763,32.44810777875567,34.0,35.95378494262695,36.31108856201172,5.868582248687744,7.725628587153953,-1.1699674129486084,-3.505675933201419,-2.923809051513672,6.884677428220981,0.5419402884029517,0.8066481619389344,0.9381219958025862,0.06187800419741385,0.0037912125110012864,0.3118272290298558,0.6881727709701442
2,37832,0.44054217709255206,49.39789067456122,49.0,36.842918395996094,36.88262176513672,12.676852226257324,14.166150670845681,-5.4333577156066895,12.554972684088456,12.585155487060547,6.561526069841509,0.1265859589765278,0.3625237893846479,0.6305772890674561,0.36942271093254386,0.022229858320998098,0.9800169168957497,0.01998308310425037
3,15405,0.17938655736177744,66.49237260629666,65.0,38.174407958984375,37.812171936035156,28.317962646484375,29.01703748413109,-31.62081527709961,28.317963004677143,27.827239990234375,6.331192753923071,0.0,0.0024667315806556314,0.01707237909769555,0.9829276209023045,0.6865952612788055,1.0,0.0
4,758,0.00882668032977782,83.38126649076517,82.0,39.402915954589844,38.681495666503906,43.978355407714844,44.341675702453585,-168.1136932373047,43.97835139674687,43.91444206237793,5.668442037240458,0.0,0.0,0.0,1.0,1.0,1.0,0.0
