actual_bucket,0,1,2
0,0.09842197545295149,0.8319696084161309,0.06960841613091759
1,0.014149346692844086,0.8691354681470449,0.11671518516011103
2,0.003198350602664411,0.8516335377458236,0.14516811165151194
3,0.0007789678675754625,0.7567672833495618,0.24245374878286272
4,0.0,0.6530343007915568,0.3469656992084433
