{
  "0": {
    "rows": 17110,
    "proportion": 0.19924076575527505,
    "actual_mean": 4.18188194038574,
    "actual_median": 2.0,
    "predicted_mean": 31.985000610351562,
    "predicted_median": 33.986629486083984,
    "MAE": 28.029067993164062,
    "RMSE": 29.59363759713342,
    "R2": -32.15937042236328,
    "mean_residual": -27.80312036700266,
    "median_residual": -30.268728256225586,
    "residual_std": 10.137846278033207,
    "within_5": 0.0380479251899474,
    "within_10": 0.0706019871420222,
    "within_15": 0.10835768556399766,
    "severe_rate": 0.8916423144360024,
    "very_severe_rate": 0.7081239041496201,
    "underprediction_rate": 0.022910578609000583,
    "overprediction_rate": 0.9770894213909994
  },
  "1": {
    "rows": 14771,
    "proportion": 0.17200381946061763,
    "actual_mean": 32.44810777875567,
    "actual_median": 34.0,
    "predicted_mean": 35.95378494262695,
    "predicted_median": 36.31108856201172,
    "MAE": 5.868582248687744,
    "RMSE": 7.725628587153953,
    "R2": -1.1699674129486084,
    "mean_residual": -3.505675933201419,
    "median_residual": -2.923809051513672,
    "residual_std": 6.884677428220981,
    "within_5": 0.5419402884029517,
    "within_10": 0.8066481619389344,
    "within_15": 0.9381219958025862,
    "severe_rate": 0.06187800419741385,
    "very_severe_rate": 0.0037912125110012864,
    "underprediction_rate": 0.3118272290298558,
    "overprediction_rate": 0.6881727709701442
  },
  "2": {
    "rows": 37832,
    "proportion": 0.44054217709255206,
    "actual_mean": 49.39789067456122,
    "actual_median": 49.0,
    "predicted_mean": 36.842918395996094,
    "predicted_median": 36.88262176513672,
    "MAE": 12.676852226257324,
    "RMSE": 14.166150670845681,
    "R2": -5.4333577156066895,
    "mean_residual": 12.554972684088456,
    "median_residual": 12.585155487060547,
    "residual_std": 6.561526069841509,
    "within_5": 0.1265859589765278,
    "within_10": 0.3625237893846479,
    "within_15": 0.6305772890674561,
    "severe_rate": 0.36942271093254386,
    "very_severe_rate": 0.022229858320998098,
    "underprediction_rate": 0.9800169168957497,
    "overprediction_rate": 0.01998308310425037
  },
  "3": {
    "rows": 15405,
    "proportion": 0.17938655736177744,
    "actual_mean": 66.49237260629666,
    "actual_median": 65.0,
    "predicted_mean": 38.174407958984375,
    "predicted_median": 37.812171936035156,
    "MAE": 28.317962646484375,
    "RMSE": 29.01703748413109,
    "R2": -31.62081527709961,
    "mean_residual": 28.317963004677143,
    "median_residual": 27.827239990234375,
    "residual_std": 6.331192753923071,
    "within_5": 0.0,
    "within_10": 0.0024667315806556314,
    "within_15": 0.01707237909769555,
    "severe_rate": 0.9829276209023045,
    "very_severe_rate": 0.6865952612788055,
    "underprediction_rate": 1.0,
    "overprediction_rate": 0.0
  },
  "4": {
    "rows": 758,
    "proportion": 0.00882668032977782,
    "actual_mean": 83.38126649076517,
    "actual_median": 82.0,
    "predicted_mean": 39.402915954589844,
    "predicted_median": 38.681495666503906,
    "MAE": 43.978355407714844,
    "RMSE": 44.341675702453585,
    "R2": -168.1136932373047,
    "mean_residual": 43.97835139674687,
    "median_residual": 43.91444206237793,
    "residual_std": 5.668442037240458,
    "within_5": 0.0,
    "within_10": 0.0,
    "within_15": 0.0,
    "severe_rate": 1.0,
    "very_severe_rate": 1.0,
    "underprediction_rate": 1.0,
    "overprediction_rate": 0.0
  }
}