{
  "2010_2019": {
    "rows": 65658,
    "proportion": 0.7645675159532349,
    "actual_mean": 40.56383075938957,
    "actual_median": 45.0,
    "predicted_mean": 35.71158981323242,
    "predicted_median": 36.39689636230469,
    "MAE": 16.225444793701172,
    "RMSE": 19.566871422774533,
    "R2": 0.09015411138534546,
    "mean_residual": 4.852239081162793,
    "median_residual": 8.11440658569336,
    "residual_std": 18.95583624063835,
    "within_5": 0.17780011575131743,
    "within_10": 0.353300435590484,
    "within_15": 0.5159158061470042,
    "severe_rate": 0.48408419385299584,
    "very_severe_rate": 0.23936154010173932,
    "underprediction_rate": 0.6796886898778519,
    "overprediction_rate": 0.3203113101221481
  },
  "2020_PLUS": {
    "rows": 20218,
    "proportion": 0.23543248404676512,
    "actual_mean": 41.73716490256207,
    "actual_median": 49.0,
    "predicted_mean": 36.866676330566406,
    "predicted_median": 37.265602111816406,
    "MAE": 22.26215934753418,
    "RMSE": 25.143371849241277,
    "R2": 0.0248451828956604,
    "mean_residual": 4.870486435379352,
    "median_residual": 12.438669204711914,
    "residual_std": 24.667744451448737,
    "within_5": 0.08759521218715996,
    "within_10": 0.18196656444752202,
    "within_15": 0.2945889801167277,
    "severe_rate": 0.7054110198832724,
    "very_severe_rate": 0.42694628548817887,
    "underprediction_rate": 0.6731625284400039,
    "overprediction_rate": 0.32683747155999604
  }
}