{"experiment_id": "EXP24-DUMMY-MEAN-001", "stage": "BASELINE", "feature_count": 31, "train_rows": 415524, "val_rows": 85272, "fit_time": 3.807910442352295, "pred_time": 2.1035778522491455, "train_metrics": {"MAE": 12.984920467474314, "RMSE": 15.77177336493024, "R2": 0.0}, "val_metrics": {"MAE": 18.37780582732116, "RMSE": 21.40675380446291, "R2": -0.7819123900409652}, "test_used": false, "timestamp": "2026-07-20T11:46:26.227402+00:00", "artifact_path": "E:\\D\u1ef1 \u00e1n 1 hitrada\\hitradar\\7.ML\\7.7.model_training\\models\\EXP24-DUMMY-MEAN-001.joblib", "artifact_sha256": "d6c2150e8e791f7916b725aadd9d7c794466831af9d4922cf4632e82f9538653"}