{"FS18": {"MAE": 12.36092684291078, "RMSE": 16.136922590077948, "R2": -0.01257255091256626}, "FS31": {"MAE": 12.307357254895232, "RMSE": 16.027957971381614, "R2": 0.0010560779662504016}, "RMSE_improvement": 0.10896461869633356}