{"experiment_id": "EXP24-LINEAR-FS31-001", "stage": "BASELINE", "feature_count": 31, "train_rows": 415524, "val_rows": 85272, "fit_time": 5.481400489807129, "pred_time": 2.6040101051330566, "train_metrics": {"MAE": 9.593097828786293, "RMSE": 12.336725188957699, "R2": 0.38815878939837123}, "val_metrics": {"MAE": 12.307352093375185, "RMSE": 16.02795144916333, "R2": 0.0010568909617674205}, "test_used": false, "timestamp": "2026-07-20T11:46:34.359757+00:00", "artifact_path": "E:\\D\u1ef1 \u00e1n 1 hitrada\\hitradar\\7.ML\\7.7.model_training\\models\\EXP24-LINEAR-FS31-001.joblib", "artifact_sha256": "854fdba2f108854724009a76dcd44b2e5179d53b962b1917102ae6573ce414fc"}