{"median_ms_10000": 367.375699999684, "runs_ms": [458.25200000035693, 423.394699999335, 277.3665000022447, 328.97379999849363, 367.375699999684]}