{"experiment_id": "EXP24-RF-FINAL-001", "stage": "FINAL", "feature_count": 31, "train_rows": 415524, "val_rows": 85272, "fit_time": 447.6938316822052, "pred_time": 12.522422790527344, "train_metrics": {"MAE": 5.571561090235456, "RMSE": 7.651434689892809, "R2": 0.7646443136261982}, "val_metrics": {"MAE": 11.94456197992147, "RMSE": 15.322515648358241, "R2": 0.08705447112851983}, "estimators_count": 400, "test_used": false, "timestamp": "2026-07-20T13:43:24.223497+00:00", "artifact_path": "E:\\D\u1ef1 \u00e1n 1 hitrada\\hitradar\\7.ML\\7.7.model_training\\models\\EXP24-RF-FINAL-001.joblib", "artifact_sha256": "11d3ad33cef0d24b4d1b0c1c164d5c51dff690394892efbd8edf92a1bef31be0"}