{"experiment_id": "EXP24-RIDGE-FINAL-001", "stage": "FINAL", "feature_count": 31, "train_rows": 415524, "val_rows": 85272, "fit_time": 4.293425798416138, "pred_time": 2.0525102615356445, "train_metrics": {"MAE": 9.593097828857259, "RMSE": 12.3367251889577, "R2": 0.38815878939837123}, "val_metrics": {"MAE": 12.307352093891312, "RMSE": 16.027951449815642, "R2": 0.0010568908804564625}, "test_used": false, "timestamp": "2026-07-20T11:48:23.088423+00:00", "artifact_path": "E:\\D\u1ef1 \u00e1n 1 hitrada\\hitradar\\7.ML\\7.7.model_training\\models\\EXP24-RIDGE-FINAL-001.joblib", "artifact_sha256": "2ad4889312750f5fe530c0eaa72ced1a279fa97536f5a16081e1cea0365b22f9"}