{
  "gain": {
    "f0": 4773.65380859375,
    "f1": 102725.53125,
    "f2": 2254.674072265625,
    "f3": 2395.46240234375,
    "f4": 3771.419189453125,
    "f5": 3417.55126953125,
    "f6": 7877.07470703125,
    "f7": 2219.363037109375,
    "f8": 1530.9093017578125,
    "f9": 2036.0850830078125,
    "f10": 1789.2708740234375,
    "f11": 4319.67822265625,
    "f12": 85551.6796875,
    "f13": 3640.999755859375,
    "f14": 3100.31298828125,
    "f15": 2323.415283203125,
    "f16": 4108.9072265625,
    "f17": 4940.6513671875,
    "f18": 2128.08984375,
    "f19": 2080.57958984375,
    "f20": 1446.0382080078125,
    "f21": 2080.623291015625,
    "f22": 1413.064697265625,
    "f23": 16770.052734375,
    "f24": 1281.6849365234375,
    "f25": 2146.652587890625,
    "f26": 2806.208740234375,
    "f27": 9028.138671875,
    "f28": 7090.23779296875,
    "f29": 1661.7269287109375,
    "f30": 4299.08984375,
    "f31": 1127.4244384765625,
    "f32": 1399.535400390625,
    "f33": 1528.81396484375,
    "f34": 1510.2281494140625,
    "f35": 1319.20458984375,
    "f36": 1356.8135986328125,
    "f37": 2621.909912109375,
    "f38": 1129.306884765625,
    "f39": 2494.87060546875,
    "f40": 1228.261474609375,
    "f41": 573.512939453125,
    "f42": 1466.71875,
    "f43": 2067.65576171875,
    "f44": 563.4817504882812,
    "f45": 43742.35546875,
    "f46": 104.2724609375,
    "f47": 4601.59765625,
    "f48": 4191.41357421875
  },
  "weight": {
    "f0": 4126.0,
    "f1": 5765.0,
    "f2": 2276.0,
    "f3": 1862.0,
    "f4": 2960.0,
    "f5": 3539.0,
    "f6": 3781.0,
    "f7": 1998.0,
    "f8": 2143.0,
    "f9": 2055.0,
    "f10": 2229.0,
    "f11": 1556.0,
    "f12": 307.0,
    "f13": 1421.0,
    "f14": 1275.0,
    "f15": 1647.0,
    "f16": 432.0,
    "f17": 35.0,
    "f18": 1629.0,
    "f19": 1533.0,
    "f20": 1392.0,
    "f21": 1443.0,
    "f22": 1448.0,
    "f23": 362.0,
    "f24": 1649.0,
    "f25": 2306.0,
    "f26": 351.0,
    "f27": 195.0,
    "f28": 141.0,
    "f29": 90.0,
    "f30": 110.0,
    "f31": 70.0,
    "f32": 69.0,
    "f33": 103.0,
    "f34": 56.0,
    "f35": 88.0,
    "f36": 57.0,
    "f37": 73.0,
    "f38": 116.0,
    "f39": 84.0,
    "f40": 110.0,
    "f41": 12.0,
    "f42": 95.0,
    "f43": 143.0,
    "f44": 10.0,
    "f45": 17.0,
    "f46": 1.0,
    "f47": 429.0,
    "f48": 35.0
  },
  "feature_names_aligned": true,
  "mapped_features_count": 49
}