{
  "device": "cpu",
  "median_ms_10000": 104.92909999811673,
  "runs_ms": [
    68.33499999993364,
    107.79799999727402,
    104.95490000175778,
    104.91439999896102,
    104.92909999811673
  ]
}