{
  "raw": {
    "MAE": 17.646684646606445,
    "RMSE": 21.01337842313573,
    "R2": 0.06962639093399048
  },
  "clipped": {
    "MAE": 17.64667320251465,
    "RMSE": 21.013374792403425,
    "R2": 0.06962668895721436
  }
}