{
  "below_zero_count": 4,
  "above_100_count": 0,
  "changed_rows": 4,
  "changed_rate": 4.657878801993572e-05,
  "mean_clipping_adjustment": 9.458151907892898e-06,
  "max_clipping_adjustment": 0.4802478551864624
}