rows,proportion,actual_mean,predicted_mean,MAE,RMSE,R2,mean_residual,median_residual,within_5_rate,within_10_rate,within_15_rate,severe_error_rate,very_severe_error_rate,underprediction_rate,overprediction_rate,decade
65658,0.7645675159532349,40.56383075938957,35.71158981323242,16.225445556830646,19.566871978562247,0.09015411138534546,4.852239081162793,8.11440658569336,0.17780011575131743,0.353300435590484,0.5159158061470042,0.48408419385299584,0.23936154010173932,0.6796886898778519,0.3203113101221481,2010s
20218,0.23543248404676512,41.73716490256207,36.866676330566406,22.26216027840201,25.143372041430222,0.0248451828956604,4.870486435379352,12.438669204711914,0.08759521218715996,0.18196656444752202,0.2945889801167277,0.7054110198832724,0.42694628548817887,0.6731625284400039,0.32683747155999604,2020s
