rows,proportion,actual_mean,predicted_mean,MAE,RMSE,R2,mean_residual,median_residual,within_5_rate,within_10_rate,within_15_rate,severe_error_rate,very_severe_error_rate,underprediction_rate,overprediction_rate,period
21843,0.254355116679864,37.294098795952934,35.35401916503906,14.295333311195716,17.788510520974718,0.1549733281135559,1.9400785168475876,4.587242126464844,0.2257931602801813,0.4361580368996933,0.6009247813944971,0.3990752186055029,0.19342581147278304,0.6167650963695464,0.3832349036304537,2014-2015
20972,0.244212585588523,40.67413694449743,35.730369567871094,16.1465070282267,19.471629822559763,0.07162004709243774,4.943766140634268,8.235519409179688,0.17757009345794392,0.35504482166698453,0.5187392714094984,0.4812607285905016,0.236791913026893,0.686963570474919,0.31303642952508104,2016-2017
22843,0.26599981368484793,43.5891520378234,36.03627014160156,18.14353602670263,21.20847122105172,0.015993356704711914,7.55288337985829,11.86929702758789,0.13211924878518583,0.2724685899400254,0.43203607231974783,0.5679639276802522,0.2856454931488859,0.7331786542923434,0.2668213457076566,2018-2019
20218,0.23543248404676512,41.73716490256207,36.866676330566406,22.26216027840201,25.143372041430222,0.0248451828956604,4.870486435379352,12.438669204711914,0.08759521218715996,0.18196656444752202,0.2945889801167277,0.7054110198832724,0.42694628548817887,0.6731625284400039,0.32683747155999604,2020-2021
