{
  "EXP23-A0": {
    "experiment_id": "EXP23-A0",
    "feature_count": 18,
    "train_rows": 415524,
    "validation_rows": 85272,
    "fit_split": "train",
    "evaluation_split": "validation",
    "model": "Ridge",
    "model_parameters": {
      "alpha": 1.0,
      "random_state": 1512
    },
    "train": {
      "MAE": 9.353929961893435,
      "RMSE": 12.175149498393953,
      "R2": 0.40408056478449983
    },
    "validation": {
      "MAE": 12.2800652001153,
      "RMSE": 16.0892657597094,
      "R2": -0.0066005644549420595
    },
    "runtime_seconds": 2.0709216594696045,
    "random_state": 1512,
    "test_used": false
  },
  "EXP23-A1": {
    "experiment_id": "EXP23-A1",
    "feature_count": 19,
    "train_rows": 415524,
    "validation_rows": 85272,
    "fit_split": "train",
    "evaluation_split": "validation",
    "model": "Ridge",
    "model_parameters": {
      "alpha": 1.0,
      "random_state": 1512
    },
    "train": {
      "MAE": 9.35376236616221,
      "RMSE": 12.173650498335554,
      "R2": 0.40422729452739914
    },
    "validation": {
      "MAE": 12.277927339016223,
      "RMSE": 16.076735472785145,
      "R2": -0.0050332981057812365
    },
    "runtime_seconds": 2.1998543739318848,
    "random_state": 1512,
    "test_used": false
  },
  "EXP23-A2": {
    "experiment_id": "EXP23-A2",
    "feature_count": 19,
    "train_rows": 415524,
    "validation_rows": 85272,
    "fit_split": "train",
    "evaluation_split": "validation",
    "model": "Ridge",
    "model_parameters": {
      "alpha": 1.0,
      "random_state": 1512
    },
    "train": {
      "MAE": 9.355039672615144,
      "RMSE": 12.17491692683842,
      "R2": 0.4041033312542367
    },
    "validation": {
      "MAE": 12.278155474119139,
      "RMSE": 16.08063514909799,
      "R2": -0.005520931916604743
    },
    "runtime_seconds": 2.1733357906341553,
    "random_state": 1512,
    "test_used": false
  },
  "EXP23-A3": {
    "experiment_id": "EXP23-A3",
    "feature_count": 19,
    "train_rows": 415524,
    "validation_rows": 85272,
    "fit_split": "train",
    "evaluation_split": "validation",
    "model": "Ridge",
    "model_parameters": {
      "alpha": 1.0,
      "random_state": 1512
    },
    "train": {
      "MAE": 9.354643534887172,
      "RMSE": 12.173691689614833,
      "R2": 0.40422326275707376
    },
    "validation": {
      "MAE": 12.273783873742463,
      "RMSE": 16.073449775481148,
      "R2": -0.004622530913031886
    },
    "runtime_seconds": 1.9446027278900146,
    "random_state": 1512,
    "test_used": false
  },
  "EXP23-A4": {
    "experiment_id": "EXP23-A4",
    "feature_count": 19,
    "train_rows": 415524,
    "validation_rows": 85272,
    "fit_split": "train",
    "evaluation_split": "validation",
    "model": "Ridge",
    "model_parameters": {
      "alpha": 1.0,
      "random_state": 1512
    },
    "train": {
      "MAE": 9.354656783025144,
      "RMSE": 12.173504522796934,
      "R2": 0.40424158238955943
    },
    "validation": {
      "MAE": 12.254566675486025,
      "RMSE": 16.023039046923362,
      "R2": 0.001669128698729927
    },
    "runtime_seconds": 1.971451759338379,
    "random_state": 1512,
    "test_used": false
  },
  "EXP23-A5": {
    "experiment_id": "EXP23-A5",
    "feature_count": 19,
    "train_rows": 415524,
    "validation_rows": 85272,
    "fit_split": "train",
    "evaluation_split": "validation",
    "model": "Ridge",
    "model_parameters": {
      "alpha": 1.0,
      "random_state": 1512
    },
    "train": {
      "MAE": 9.35405537134641,
      "RMSE": 12.17508964602371,
      "R2": 0.404086423784918
    },
    "validation": {
      "MAE": 12.279191086897645,
      "RMSE": 16.08794505733981,
      "R2": -0.006435315747234993
    },
    "runtime_seconds": 2.2271783351898193,
    "random_state": 1512,
    "test_used": false
  },
  "EXP23-A6": {
    "experiment_id": "EXP23-A6",
    "feature_count": 19,
    "train_rows": 415524,
    "validation_rows": 85272,
    "fit_split": "train",
    "evaluation_split": "validation",
    "model": "Ridge",
    "model_parameters": {
      "alpha": 1.0,
      "random_state": 1512
    },
    "train": {
      "MAE": 9.351807504954404,
      "RMSE": 12.172420251416701,
      "R2": 0.4043477038491837
    },
    "validation": {
      "MAE": 12.299331130624731,
      "RMSE": 16.109641068625994,
      "R2": -0.00915167952497331
    },
    "runtime_seconds": 2.035414218902588,
    "random_state": 1512,
    "test_used": false
  },
  "EXP23-A7": {
    "experiment_id": "EXP23-A7",
    "feature_count": 19,
    "train_rows": 415524,
    "validation_rows": 85272,
    "fit_split": "train",
    "evaluation_split": "validation",
    "model": "Ridge",
    "model_parameters": {
      "alpha": 1.0,
      "random_state": 1512
    },
    "train": {
      "MAE": 9.351027785612159,
      "RMSE": 12.17217619161972,
      "R2": 0.4043715895379899
    },
    "validation": {
      "MAE": 12.281493564791578,
      "RMSE": 16.08947925073921,
      "R2": -0.0066272781185854335
    },
    "runtime_seconds": 1.936610221862793,
    "random_state": 1512,
    "test_used": false
  },
  "EXP23-A8": {
    "experiment_id": "EXP23-A8",
    "feature_count": 19,
    "train_rows": 415524,
    "validation_rows": 85272,
    "fit_split": "train",
    "evaluation_split": "validation",
    "model": "Ridge",
    "model_parameters": {
      "alpha": 1.0,
      "random_state": 1512
    },
    "train": {
      "MAE": 9.354148731899587,
      "RMSE": 12.16811137305146,
      "R2": 0.40476933553273975
    },
    "validation": {
      "MAE": 12.259813627959568,
      "RMSE": 16.041580927918265,
      "R2": -0.0006427476677963728
    },
    "runtime_seconds": 2.005779266357422,
    "random_state": 1512,
    "test_used": false
  },
  "EXP23-A9": {
    "experiment_id": "EXP23-A9",
    "feature_count": 26,
    "train_rows": 415524,
    "validation_rows": 85272,
    "fit_split": "train",
    "evaluation_split": "validation",
    "model": "Ridge",
    "model_parameters": {
      "alpha": 1.0,
      "random_state": 1512
    },
    "train": {
      "MAE": 9.346215655385432,
      "RMSE": 12.158423692419978,
      "R2": 0.4057167478191692
    },
    "validation": {
      "MAE": 12.262278031904557,
      "RMSE": 16.015240839757805,
      "R2": 0.0026406418374290697
    },
    "runtime_seconds": 2.316629648208618,
    "random_state": 1512,
    "test_used": false
  }
}