{
  "E0": {
    "rows": 13445,
    "y_true": 36.56705094830792,
    "y_pred_raw": 35.97886657714844,
    "residual_raw": 0.5881845278560827,
    "proportion": 0.15656295123200895
  },
  "E1": {
    "rows": 13431,
    "y_true": 39.60256123892488,
    "y_pred_raw": 36.213035583496094,
    "residual_raw": 3.3895261678618636,
    "proportion": 0.15639992547393916
  },
  "E2": {
    "rows": 12954,
    "y_true": 44.179558437548245,
    "y_pred_raw": 36.23313903808594,
    "residual_raw": 7.94642095485642,
    "proportion": 0.15084540500256183
  },
  "E3": {
    "rows": 21698,
    "y_true": 48.47018158355609,
    "y_pred_raw": 35.90855026245117,
    "residual_raw": 12.561630013691726,
    "proportion": 0.2526666356141413
  },
  "E4": {
    "rows": 24348,
    "y_true": 35.305897815015605,
    "y_pred_raw": 35.79354476928711,
    "residual_raw": -0.4876475966151015,
    "proportion": 0.2835250826773487
  }
}