{
  "residual": {
    "count": 85876,
    "mean": 4.856535101093279,
    "median": 8.830482482910156,
    "std": 20.444583937530165,
    "variance": 417.9810123787164,
    "min": -53.055381774902344,
    "max": 69.0922622680664,
    "P01": -39.45681571960449,
    "P05": -34.81175136566162,
    "P10": -30.230753898620605,
    "P25": -5.784528017044067,
    "P50": 8.830482482910156,
    "P75": 19.29838752746582,
    "P90": 27.95401954650879,
    "P95": 32.90368175506592,
    "P99": 41.7779016494751,
    "skewness": -0.579192260644382,
    "kurtosis": -0.41070813645329185
  },
  "absolute_error": {
    "count": 85876,
    "mean": 17.646684299211866,
    "median": 16.291603088378906,
    "std": 11.408686480069818,
    "min": 3.4332275390625e-05,
    "max": 69.0922622680664,
    "P50": 16.291603088378906,
    "P80": 28.9378604888916,
    "P90": 34.11560821533203,
    "P95": 37.10243797302246,
    "P99": 42.67464065551758
  }
}