{
  "P_0_20": {
    "rows": 2022,
    "mean_residual": -0.7943990848798206,
    "median_residual": -3.4103798866271973,
    "MAE": 10.126409691434196
  },
  "P_20_40": {
    "rows": 71445,
    "mean_residual": 4.835378662655057,
    "median_residual": 9.13311767578125,
    "MAE": 18.032946192818613
  },
  "P_40_60": {
    "rows": 12405,
    "mean_residual": 5.898963523535707,
    "median_residual": 9.32525634765625,
    "MAE": 16.651463725018147
  },
  "P_BELOW_0": {
    "rows": 4,
    "mean_residual": 6.453057065606117,
    "median_residual": 5.610660135746002,
    "MAE": 6.453057065606117
  }
}